{"type":"FeatureCollection","features":[{"type":"Feature","properties":{"depth":-200},"geometry":{"type":"MultiLineString","coordinates":[[[16.85,41.8107],[16.845,41.8219],[16.8371,41.8344],[16.8292,41.849],[16.8231,41.8573],[16.8156,41.8662],[16.8073,41.8798],[16.8031,41.8916],[16.7998,41.9031],[16.7951,41.9135],[16.7849,41.9302],[16.7781,41.9385],[16.7718,41.95]]]}},{"type":"Feature","properties":{"depth":-100},"geometry":{"type":"MultiLineString","coordinates":[[[16.6937,41.4781],[16.6931,41.4823],[16.6853,41.5115],[16.6806,41.524],[16.6717,41.5427],[16.6679,41.5531],[16.6666,41.5635],[16.6667,41.5781],[16.664,41.5927],[16.6615,41.6009],[16.6595,41.6115],[16.6586,41.626],[16.6554,41.6344],[16.6448,41.6493],[16.6385,41.6555],[16.6344,41.6615],[16.6327,41.6677],[16.6347,41.6802],[16.6382,41.6906],[16.643,41.701],[16.649,41.7091],[16.6522,41.7198],[16.6518,41.724],[16.649,41.7341],[16.6427,41.7481],[16.6309,41.7635],[16.6221,41.7802],[16.6155,41.7885],[16.6034,41.801],[16.5781,41.8203],[16.574,41.8246],[16.5615,41.8397],[16.549,41.851],[16.5365,41.8635],[16.5189,41.8781],[16.5096,41.8885],[16.4906,41.9037],[16.4635,41.927],[16.4573,41.9333],[16.4392,41.949],[16.4378,41.95]]]}},{"type":"Feature","properties":{"depth":-50},"geometry":{"type":"MultiLineString","coordinates":[[[16.4139,41.4781],[16.4073,41.4949],[16.4052,41.5031],[16.4026,41.526],[16.4019,41.5385],[16.402,41.5677],[16.4011,41.5802],[16.3959,41.6177],[16.3939,41.6406],[16.3931,41.6573],[16.3891,41.6927],[16.3877,41.7094],[16.3855,41.7302],[16.3818,41.7448],[16.376,41.7599],[16.374,41.7681],[16.3704,41.7885],[16.3672,41.801],[16.3632,41.8115],[16.3531,41.831],[16.3406,41.8506],[16.3303,41.8719],[16.324,41.8865],[16.3198,41.8925],[16.3039,41.9073],[16.2927,41.9197],[16.2815,41.9302],[16.2677,41.9483],[16.2656,41.95]]]}},{"type":"Feature","properties":{"depth":-20},"geometry":{"type":"MultiLineString","coordinates":[[[16.1819,41.4781],[16.1864,41.4865],[16.1948,41.4972],[16.2005,41.5115],[16.2053,41.5302],[16.2107,41.549],[16.2144,41.5573],[16.2198,41.5655],[16.2286,41.576],[16.2427,41.5966],[16.249,41.6118],[16.2528,41.624],[16.2596,41.6385],[16.267,41.6635],[16.274,41.6814],[16.2761,41.6906],[16.2769,41.7135],[16.2762,41.7406],[16.2742,41.7635],[16.2728,41.776],[16.2687,41.801],[16.2652,41.8156],[16.2594,41.8328],[16.249,41.8616],[16.2448,41.8721],[16.2385,41.8851],[16.226,41.8991],[16.2115,41.9166],[16.2073,41.9201],[16.201,41.9232],[16.1927,41.9241],[16.1833,41.9281],[16.1712,41.9344],[16.1635,41.9393],[16.1573,41.9413],[16.1531,41.9444],[16.1427,41.9484],[16.1375,41.95]]]}},{"type":"Feature","properties":{"depth":-10},"geometry":{"type":"MultiLineString","coordinates":[[[15.9624,41.4781],[15.9603,41.4844],[15.9603,41.4885],[15.9635,41.4913],[15.9698,41.4921],[15.9844,41.4918],[15.9865,41.4924],[15.9871,41.4969],[15.9852,41.5052],[15.9826,41.5094],[15.9778,41.5135],[15.9577,41.524],[15.9504,41.5302],[15.9494,41.5365],[15.9385,41.5405],[15.9352,41.5427],[15.9334,41.5469],[15.935,41.5573],[15.9342,41.5615],[15.9298,41.5677],[15.9302,41.5698],[15.9365,41.5712],[15.9382,41.574],[15.9367,41.5781],[15.9376,41.5865],[15.9434,41.5969],[15.9432,41.599],[15.9384,41.6031],[15.9401,41.6115],[15.9455,41.6177],[15.9485,41.624],[15.9552,41.6299],[15.9615,41.6314],[15.9719,41.6314],[15.9906,41.6281],[15.9927,41.6287],[15.9997,41.6406],[16.0047,41.6469],[16.0079,41.649],[16.0177,41.6525],[16.026,41.657],[16.0427,41.6623],[16.0615,41.6707],[16.0719,41.678],[16.0781,41.681],[16.0937,41.6927],[16.1115,41.7099],[16.1198,41.7149],[16.1323,41.7244],[16.1406,41.7298],[16.1463,41.7365],[16.1518,41.7406],[16.1615,41.7458],[16.1671,41.751],[16.1686,41.7573],[16.176,41.7609],[16.1831,41.7656],[16.1865,41.7697],[16.1927,41.7732],[16.1962,41.7802],[16.2,41.7927],[16.1988,41.8008]]]}},{"type":"Feature","properties":{"depth":-10},"geometry":{"type":"MultiLineString","coordinates":[[[16.199,41.8043],[16.2023,41.8115],[16.2017,41.8198],[16.2022,41.826],[16.1967,41.8365],[16.1956,41.849],[16.1988,41.8615],[16.1973,41.8719],[16.1935,41.8823],[16.1899,41.8885],[16.1656,41.9035],[16.1579,41.9115],[16.151,41.9164],[16.1406,41.92],[16.129,41.926],[16.1156,41.9341],[16.099,41.9418],[16.0885,41.9459],[16.074,41.9497],[16.0721,41.95]],[[15.9768,41.95],[15.951,41.947],[15.9281,41.9436],[15.899,41.9406],[15.8719,41.9389],[15.8573,41.9368],[15.8406,41.9357],[15.8302,41.9343],[15.7948,41.9321],[15.776,41.9313],[15.751,41.9297],[15.724,41.9291],[15.702,41.9302],[15.6844,41.932],[15.674,41.9337],[15.6573,41.9356],[15.6385,41.9363],[15.6219,41.9358],[15.5948,41.9334],[15.5781,41.9315],[15.5656,41.9295],[15.5427,41.9271],[15.526,41.9248],[15.4865,41.9204],[15.4635,41.9184],[15.4365,41.9168],[15.4094,41.9159],[15.3927,41.9167],[15.3719,41.9196],[15.3635,41.9214],[15.3298,41.926],[15.3156,41.9285],[15.2969,41.9305],[15.2823,41.9312],[15.2656,41.9304],[15.2385,41.9304],[15.2156,41.9319],[15.201,41.9325],[15.1677,41.9356],[15.1469,41.9391],[15.126,41.9445],[15.1107,41.95]]]}},{"type":"Feature","properties":{"depth":-5},"geometry":{"type":"MultiLineString","coordinates":[[[15.9443,41.4781],[15.939,41.4906],[15.9281,41.501],[15.924,41.5065],[15.9156,41.5219],[15.9116,41.5281],[15.9071,41.5385],[15.9045,41.549],[15.9026,41.5635],[15.899,41.574],[15.8999,41.5885],[15.9045,41.6052],[15.9065,41.6094],[15.9115,41.6138],[15.9245,41.6213]]]}},{"type":"Feature","properties":{"depth":-5},"geometry":{"type":"MultiLineString","coordinates":[[[15.9494,41.6411],[15.9552,41.6404],[15.9594,41.6413],[15.976,41.6487],[15.9885,41.6573],[16.001,41.6615],[16.0198,41.6687],[16.0385,41.6734],[16.049,41.6813],[16.0573,41.6853],[16.0906,41.7128],[16.0969,41.7163],[16.1161,41.7298]]]}},{"type":"Feature","properties":{"depth":-5},"geometry":{"type":"MultiLineString","coordinates":[[[16.1898,41.8385],[16.1867,41.8531],[16.1859,41.874],[16.1873,41.8802],[16.1849,41.887]]]}},{"type":"Feature","properties":{"depth":-5},"geometry":{"type":"MultiLineString","coordinates":[[[16.1779,41.8904],[16.1698,41.8938],[16.1615,41.9008],[16.1552,41.9086],[16.1469,41.9139],[16.1415,41.9148]]]}},{"type":"Feature","properties":{"depth":-5},"geometry":{"type":"MultiLineString","coordinates":[[[16.14,41.915],[16.1302,41.9184],[16.1219,41.9227],[16.1156,41.9281],[16.0948,41.9389],[16.0865,41.9424],[16.074,41.9458],[16.0623,41.9481]]]}},{"type":"Feature","properties":{"depth":-5},"geometry":{"type":"MultiLineString","coordinates":[[[15.6212,41.9296],[15.6073,41.928],[15.5823,41.9259],[15.5677,41.9229],[15.5281,41.9185],[15.5156,41.9175],[15.5073,41.9154],[15.4885,41.9125],[15.4635,41.9096],[15.4448,41.9079],[15.4052,41.9059],[15.3969,41.9059],[15.3781,41.9074],[15.3552,41.9132],[15.3448,41.9182],[15.3198,41.9228],[15.299,41.9255],[15.2802,41.9264],[15.2552,41.9248],[15.2365,41.9239],[15.1885,41.925],[15.1656,41.9271],[15.1469,41.9299],[15.1302,41.9335],[15.1135,41.9378],[15.0986,41.9406],[15.0863,41.9469],[15.0824,41.95]]]}},{"type":"Feature","properties":{"depth":-5},"geometry":{"type":"MultiLineString","coordinates":[[[16.0609,41.9484],[16.0573,41.949],[16.0394,41.95]]]}},{"type":"Feature","properties":{"depth":-5},"geometry":{"type":"MultiLineString","coordinates":[[[15.9978,41.95],[15.9948,41.9498],[15.9802,41.946],[15.9635,41.9444],[15.9528,41.9427],[15.9281,41.9377],[15.9094,41.937],[15.899,41.9357],[15.8823,41.9348],[15.8573,41.9307],[15.8448,41.9306],[15.8323,41.9286],[15.8031,41.9264],[15.7969,41.9254],[15.776,41.924],[15.7344,41.922],[15.699,41.9222],[15.6823,41.9237],[15.6698,41.9267],[15.6552,41.9289],[15.626,41.9301],[15.6224,41.9297]]]}},{"type":"Feature","properties":{"depth":-1000},"geometry":{"type":"MultiLineString","coordinates":[[[15.7344,37.8825],[15.7385,37.8797],[15.7447,37.8729],[15.748,37.8667],[15.751,37.8648],[15.7573,37.8678],[15.7635,37.864],[15.7698,37.8633],[15.776,37.8649],[15.7802,37.8635],[15.7844,37.8592],[15.7885,37.8583],[15.7969,37.8595],[15.8031,37.8624],[15.8094,37.8687],[15.8156,37.8675],[15.8219,37.8594],[15.824,37.8581],[15.8281,37.8592],[15.8323,37.8643],[15.8385,37.8655],[15.8448,37.8613],[15.849,37.8603],[15.8594,37.8612],[15.8672,37.8646],[15.8719,37.8701],[15.8781,37.8745],[15.8823,37.8742],[15.8885,37.872],[15.8927,37.8726],[15.899,37.8757],[15.9038,37.8708],[15.9177,37.8639],[15.9302,37.8606],[15.9448,37.8597],[15.949,37.8571],[15.9527,37.8521],[15.9594,37.8477],[15.9719,37.8458],[15.9781,37.8413],[15.9885,37.8372],[15.9927,37.8365],[16.001,37.8401],[16.0052,37.8385],[16.0094,37.8346],[16.0156,37.8329],[16.026,37.8341],[16.0385,37.8325],[16.049,37.8353],[16.0677,37.8348],[16.0781,37.833],[16.0844,37.8304],[16.0906,37.8296],[16.1052,37.8323],[16.1198,37.8378],[16.1313,37.8438],[16.1385,37.8491],[16.1469,37.8521],[16.1615,37.8634],[16.176,37.8712],[16.1865,37.8752],[16.1927,37.8792],[16.199,37.8851],[16.2076,37.8896],[16.2109,37.8937],[16.2135,37.9001],[16.2177,37.903],[16.226,37.9025],[16.2302,37.9045],[16.237,37.9125],[16.2409,37.9208],[16.2503,37.9271],[16.2536,37.9312],[16.2534,37.9354],[16.2498,37.9438],[16.2512,37.95],[16.2505,37.9583],[16.2523,37.9646],[16.2503,37.9708],[16.2496,37.9813],[16.2465,37.9917],[16.247,37.9958],[16.2531,38.0026],[16.2594,38.0047],[16.2625,38.0083],[16.263,38.0125],[16.262,38.0187],[16.264,38.025],[16.2623,38.0333],[16.2675,38.0458],[16.2719,38.0481],[16.276,38.0475],[16.2844,38.0412],[16.2885,38.0398],[16.2927,38.0408],[16.2998,38.0479],[16.3009,38.0521],[16.2891,38.0667],[16.2856,38.0729],[16.2885,38.0739],[16.2948,38.0729],[16.301,38.0732],[16.3033,38.075],[16.3035,38.0792],[16.2989,38.0917],[16.2981,38.0979],[16.299,38.1015],[16.3031,38.103],[16.3074,38.0979],[16.3198,38.0942],[16.324,38.0951],[16.3275,38.0979],[16.3281,38.1021],[16.3253,38.1104],[16.3278,38.1146],[16.3365,38.1208],[16.3393,38.125],[16.3396,38.1313],[16.3425,38.1354],[16.3469,38.1391],[16.3573,38.1429],[16.3615,38.1432],[16.3677,38.1402],[16.3719,38.1368],[16.376,38.1313],[16.3844,38.1296],[16.3871,38.1333],[16.3838,38.1437],[16.3862,38.1458],[16.3927,38.1463],[16.399,38.1484],[16.4052,38.1491],[16.4135,38.1515],[16.4175,38.1562],[16.4154,38.1604],[16.4073,38.1655],[16.4031,38.1694],[16.3908,38.1875],[16.389,38.1917],[16.3878,38.2],[16.3888,38.2042],[16.3927,38.2062],[16.3969,38.2051],[16.4135,38.1974],[16.4219,38.1973],[16.426,38.2002],[16.4344,38.208],[16.4469,38.2171],[16.4552,38.2255],[16.4635,38.2308],[16.4698,38.2334],[16.4865,38.2359],[16.4948,38.2422],[16.501,38.2414],[16.5052,38.2428],[16.5074,38.2458],[16.5094,38.2604],[16.5115,38.264],[16.5177,38.2692],[16.5219,38.2692],[16.526,38.2659],[16.5323,38.2551],[16.5365,38.2515],[16.5427,38.2528],[16.5573,38.2544],[16.5677,38.2547],[16.5781,38.2563],[16.5948,38.257],[16.6031,38.2581],[16.6198,38.2568],[16.6344,38.2566],[16.6635,38.2594],[16.6719,38.2615],[16.6779,38.2646],[16.6906,38.2741],[16.699,38.2775],[16.7094,38.2781],[16.7177,38.2794],[16.726,38.2796],[16.7385,38.2789],[16.7427,38.2809],[16.7469,38.2901],[16.751,38.2925],[16.7557,38.2833],[16.7573,38.2776],[16.7594,38.2754],[16.7677,38.2743],[16.7781,38.2759],[16.801,38.2779],[16.8197,38.2833],[16.8302,38.2869],[16.8448,38.2895],[16.85,38.2899]],[[16.85,38.6298],[16.8469,38.6309],[16.8438,38.6333],[16.8406,38.6394],[16.8344,38.6434],[16.824,38.6452],[16.8156,38.6521],[16.8012,38.6604],[16.7844,38.6649],[16.7677,38.6683],[16.7469,38.6682],[16.7403,38.6688],[16.7341,38.6708],[16.7365,38.6729],[16.7469,38.6752],[16.751,38.6792],[16.7491,38.6812],[16.7387,38.6854],[16.7361,38.6875],[16.7385,38.689],[16.7615,38.6891],[16.7677,38.6877],[16.7844,38.6822],[16.7905,38.6833],[16.7916,38.6875],[16.7918,38.7021],[16.79,38.7062],[16.7819,38.7188],[16.7802,38.7293],[16.7823,38.7296],[16.7906,38.7213],[16.7948,38.7196],[16.799,38.7218],[16.8031,38.7264],[16.8052,38.7259],[16.8105,38.7062],[16.8135,38.7011],[16.8177,38.6966],[16.8219,38.6962],[16.8302,38.6994],[16.8473,38.7083],[16.85,38.7107]]]}},{"type":"Feature","properties":{"depth":-500},"geometry":{"type":"MultiLineString","coordinates":[[[15.7344,37.9076],[15.7406,37.9094],[15.7448,37.9086],[15.7489,37.9042],[15.7516,37.8979],[15.7552,37.8952],[15.7615,37.893],[15.7698,37.893],[15.774,37.8884],[15.7802,37.888],[15.7906,37.8855],[15.7927,37.8868],[15.799,37.8958],[15.8031,37.8981],[15.8073,37.8973],[15.8198,37.8869],[15.824,37.8851],[15.8344,37.8889],[15.8406,37.8883],[15.8469,37.8819],[15.851,37.8828],[15.8622,37.8917],[15.8656,37.897],[15.8698,37.8985],[15.8781,37.8975],[15.8844,37.8982],[15.8927,37.8943],[15.8969,37.8942],[15.9052,37.8968],[15.9115,37.8977],[15.9177,37.9002],[15.9219,37.9002],[15.9248,37.8937],[15.9244,37.8854],[15.9281,37.8826],[15.9323,37.8819],[15.9448,37.8827],[15.9552,37.8887],[15.9594,37.8876],[15.9637,37.875],[15.9677,37.8705],[15.9802,37.8729],[15.984,37.8708],[15.9868,37.8646],[15.9927,37.8638],[15.9988,37.8687],[16.0031,37.8708],[16.0073,37.8691],[16.0135,37.8625],[16.0198,37.8586],[16.0427,37.8581],[16.0531,37.856],[16.0615,37.8565],[16.0719,37.856],[16.0906,37.8599],[16.1073,37.8658],[16.124,37.8724],[16.133,37.8792],[16.1427,37.8894],[16.15,37.8979],[16.1656,37.91],[16.176,37.9159],[16.1823,37.9208],[16.1885,37.9271],[16.1929,37.9333],[16.1993,37.9542],[16.202,37.9583],[16.2073,37.9621],[16.2135,37.9641],[16.2177,37.9686],[16.2189,37.9771],[16.2162,37.9854],[16.2157,37.9979],[16.2168,38.0063],[16.2219,38.0153],[16.2281,38.0189],[16.2306,38.0229],[16.2302,38.0271],[16.2255,38.0375],[16.2293,38.0479],[16.2289,38.0562],[16.2308,38.0646],[16.2302,38.0688],[16.223,38.0771],[16.2205,38.0833],[16.2281,38.0917],[16.2318,38.1021],[16.2374,38.1104],[16.2344,38.1124],[16.224,38.1135],[16.2158,38.1167],[16.2154,38.1187],[16.2188,38.1229],[16.2281,38.129],[16.2331,38.1313],[16.2374,38.1375],[16.2417,38.1396],[16.2522,38.15],[16.2521,38.1562],[16.2549,38.1646],[16.2635,38.1716],[16.2696,38.175],[16.2723,38.1833],[16.2844,38.1899],[16.2906,38.1905],[16.2969,38.1945],[16.3018,38.2],[16.3094,38.2021],[16.3131,38.2042],[16.3154,38.2125],[16.3177,38.2139],[16.326,38.2151],[16.3344,38.2183],[16.343,38.2188],[16.3446,38.2208],[16.3428,38.225],[16.3385,38.2288],[16.3302,38.2395],[16.3312,38.2417],[16.3406,38.2428],[16.3457,38.2458],[16.3474,38.2542],[16.3422,38.2708],[16.3448,38.275],[16.3615,38.2652],[16.3656,38.2645],[16.374,38.2568],[16.3802,38.2479],[16.3865,38.243],[16.3927,38.2407],[16.3969,38.2406],[16.4031,38.243],[16.4094,38.241],[16.424,38.2446],[16.4406,38.2542],[16.451,38.2591],[16.4659,38.2646],[16.4733,38.2729],[16.4802,38.2752],[16.4865,38.2755],[16.4906,38.2776],[16.4959,38.2833],[16.4982,38.2875],[16.4988,38.2938],[16.5012,38.3062],[16.499,38.3167],[16.501,38.3195],[16.5115,38.3179],[16.5177,38.3128],[16.526,38.3088],[16.5365,38.2995],[16.5406,38.298],[16.5531,38.3006],[16.5635,38.3034],[16.5719,38.3065],[16.5781,38.3077],[16.5906,38.3088],[16.599,38.3106],[16.6031,38.3126],[16.6073,38.3182],[16.6115,38.321],[16.6198,38.3227],[16.633,38.3312],[16.6385,38.3361],[16.6448,38.3441],[16.6544,38.3542],[16.6599,38.3583],[16.675,38.3667],[16.6823,38.377],[16.6865,38.3815],[16.6969,38.3892],[16.701,38.3907],[16.7115,38.3916],[16.7219,38.3969],[16.7266,38.4021],[16.7285,38.4062],[16.728,38.4104],[16.7302,38.4125],[16.7383,38.4146],[16.7469,38.4275],[16.7531,38.4327],[16.7656,38.4382],[16.7719,38.4419],[16.7823,38.4449],[16.7906,38.4481],[16.7969,38.4482],[16.8031,38.4438],[16.8115,38.4421],[16.8167,38.4354],[16.8258,38.4292],[16.8323,38.4228],[16.8396,38.4188],[16.849,38.4156],[16.85,38.415]],[[16.85,38.5142],[16.849,38.515],[16.8448,38.5151],[16.8385,38.5096],[16.8278,38.5042],[16.8219,38.4976],[16.8179,38.4896],[16.8135,38.4833],[16.8052,38.4762],[16.801,38.4747],[16.7969,38.476],[16.7927,38.4796],[16.7865,38.4802],[16.7839,38.4854],[16.7853,38.4917],[16.7835,38.4958],[16.7795,38.5],[16.7777,38.5042],[16.7773,38.5167],[16.776,38.5215],[16.7724,38.5292],[16.7701,38.5312],[16.7531,38.5392],[16.7469,38.5459],[16.744,38.5521],[16.7406,38.5542],[16.7323,38.5538],[16.724,38.5653],[16.7073,38.5729],[16.6969,38.575],[16.6906,38.5781],[16.6781,38.5903],[16.6677,38.5944],[16.6615,38.5984],[16.6531,38.6055],[16.6448,38.6081],[16.638,38.6146],[16.6333,38.6208],[16.626,38.6271],[16.6219,38.6326],[16.6156,38.6348],[16.6052,38.6343],[16.6041,38.6354],[16.6052,38.6417],[16.6013,38.65],[16.6118,38.6604],[16.6106,38.6646],[16.6061,38.6688],[16.6049,38.675],[16.6018,38.6812],[16.6021,38.6875],[16.5995,38.7],[16.5967,38.7021],[16.583,38.7062],[16.5756,38.7104],[16.576,38.7125],[16.5928,38.7167],[16.5948,38.7187],[16.5933,38.725],[16.5967,38.7292],[16.6026,38.7333],[16.6177,38.7416],[16.6281,38.7413],[16.6319,38.7437],[16.6283,38.75],[16.6289,38.7542],[16.6323,38.7579],[16.6385,38.759],[16.6448,38.7571],[16.6531,38.7579],[16.6573,38.7573],[16.6656,38.7518],[16.6677,38.7515],[16.6695,38.7563],[16.6652,38.7625],[16.6605,38.775],[16.6549,38.7812],[16.6569,38.7833],[16.6635,38.7835],[16.6698,38.7818],[16.6781,38.7765],[16.6844,38.7752],[16.6948,38.7796],[16.7073,38.7798],[16.7219,38.778],[16.7284,38.7792],[16.7314,38.7833],[16.7385,38.7861],[16.7427,38.7853],[16.7594,38.7757],[16.7656,38.7766],[16.7688,38.7792],[16.7732,38.7854],[16.776,38.7866],[16.7865,38.7881],[16.7927,38.788],[16.7945,38.7917],[16.7886,38.8],[16.7844,38.8028],[16.774,38.806],[16.7553,38.8146],[16.7522,38.8188],[16.7531,38.8215],[16.7635,38.8214],[16.774,38.8195],[16.7885,38.8198],[16.801,38.8207],[16.8052,38.8219],[16.8135,38.8277],[16.8204,38.8271],[16.8224,38.825],[16.8231,38.8146],[16.8259,38.8062],[16.8302,38.8028],[16.8385,38.7917],[16.85,38.7842]],[[16.85,39.632],[16.849,39.6323],[16.8344,39.64],[16.8177,39.652],[16.8115,39.6526],[16.8099,39.6542],[16.81,39.6667],[16.8034,39.675],[16.7954,39.6792],[16.7948,39.6875],[16.7865,39.6912],[16.776,39.6918],[16.7729,39.6958],[16.7738,39.7],[16.7781,39.7036],[16.7906,39.7094],[16.7948,39.708],[16.8135,39.6977],[16.826,39.6934],[16.8323,39.6933],[16.8448,39.6999],[16.85,39.7005]],[[16.85,39.8632],[16.8385,39.869],[16.8365,39.8708],[16.8361,39.8792],[16.8323,39.8876],[16.824,39.8895],[16.8156,39.893],[16.8116,39.9],[16.8028,39.9104],[16.8003,39.9146],[16.7993,39.9208],[16.803,39.9333],[16.8003,39.9396],[16.8008,39.9438],[16.8048,39.95],[16.8116,39.9562],[16.8124,39.9604],[16.81,39.9667],[16.8093,39.9729],[16.8072,39.9771],[16.8032,39.9813],[16.7993,39.9896],[16.8007,40.0],[16.8059,40.0063],[16.8077,40.0104],[16.8065,40.0146],[16.802,40.0208],[16.8024,40.0271],[16.811,40.0354],[16.822,40.0396],[16.8246,40.0438],[16.8224,40.05],[16.8263,40.0583],[16.8365,40.0623],[16.8499,40.0708],[16.85,40.0709]]]}},{"type":"Feature","properties":{"depth":-500},"geometry":{"type":"MultiLineString","coordinates":[[[15.7344,38.6428],[15.7406,38.6418],[15.7443,38.6396],[15.751,38.6329],[15.7594,38.627],[15.7719,38.6209],[15.7782,38.6146],[15.7819,38.6042],[15.7827,38.5917],[15.7886,38.5833],[15.7876,38.5792],[15.784,38.5771],[15.7719,38.5753],[15.7675,38.5729],[15.7621,38.5562],[15.7581,38.55],[15.7559,38.5438],[15.7581,38.5396],[15.7629,38.5375],[15.7961,38.5292],[15.8008,38.525],[15.7948,38.5239],[15.774,38.5247],[15.7648,38.5229],[15.7724,38.5146],[15.7827,38.5063],[15.7856,38.5021],[15.7844,38.5003],[15.7719,38.5032],[15.7656,38.5025],[15.7531,38.4965],[15.7427,38.4856],[15.7344,38.483]]]}},{"type":"Feature","properties":{"depth":-500},"geometry":{"type":"MultiLineString","coordinates":[[[15.7344,39.5063],[15.7385,39.5057],[15.7615,39.4957],[15.776,39.488],[15.7885,39.4844],[15.799,39.479],[15.8115,39.4736],[15.8281,39.4679],[15.8365,39.4673],[15.8448,39.4588],[15.851,39.4556],[15.857,39.45],[15.8655,39.4396],[15.8712,39.4312],[15.8743,39.425],[15.8785,39.4208],[15.8868,39.4167],[15.893,39.4062],[15.8997,39.4],[15.8978,39.3875],[15.8933,39.3792],[15.8914,39.3708],[15.8924,39.3667],[15.8961,39.3625],[15.8989,39.3542],[15.9037,39.3458],[15.9073,39.3426],[15.9135,39.3406],[15.9198,39.3367],[15.9292,39.3271],[15.9365,39.317],[15.9434,39.3125],[15.9566,39.2875],[15.9643,39.2792],[15.9689,39.2687],[15.9731,39.2625],[15.9721,39.2583],[15.9665,39.2521],[15.965,39.2479],[15.9734,39.2396],[15.9743,39.2354],[15.9676,39.225],[15.9665,39.2208],[15.9698,39.2167],[15.9699,39.2104],[15.9729,39.2042],[15.9727,39.1979],[15.9787,39.1917],[15.9801,39.1854],[15.9842,39.1812],[15.9857,39.1771],[15.9831,39.1708],[15.976,39.1646],[15.9746,39.1604],[15.9764,39.15],[15.9802,39.1452],[15.9849,39.1437],[15.9917,39.1313],[15.9873,39.1208],[15.9914,39.1104],[15.9874,39.1042],[15.9878,39.0938],[15.9873,39.0833],[15.9889,39.0771],[15.9898,39.0625],[15.9887,39.0562],[15.9895,39.0458],[15.989,39.0417],[15.985,39.0312],[15.9804,39.0229],[15.9776,39.0104],[15.9759,39.0063],[15.9677,38.9999],[15.9574,38.9896],[15.955,38.9813],[15.9523,38.9771],[15.9385,38.9702],[15.9353,38.9667],[15.9274,38.9542],[15.9286,38.9458],[15.9211,38.9396],[15.9206,38.9354],[15.9273,38.9208],[15.9323,38.9125],[15.9421,38.9042],[15.9502,38.8896],[15.951,38.8833],[15.9499,38.8813],[15.926,38.8792],[15.9212,38.875],[15.9201,38.8687],[15.9228,38.8646],[15.9243,38.8583],[15.9294,38.8521],[15.9285,38.8479],[15.9229,38.8396],[15.9203,38.8312],[15.9226,38.825],[15.926,38.8222],[15.9344,38.8197],[15.9374,38.8146],[15.9355,38.8104],[15.9302,38.8055],[15.9274,38.8],[15.9284,38.7979],[15.9406,38.7957],[15.9448,38.7942],[15.9501,38.7896],[15.952,38.7854],[15.9511,38.7792],[15.9531,38.7774],[15.9656,38.776],[15.9802,38.776],[15.9836,38.775],[15.9815,38.7729],[15.9752,38.7708],[15.9635,38.7683],[15.951,38.7668],[15.9427,38.768],[15.9344,38.771],[15.9281,38.769],[15.9198,38.7692],[15.9135,38.7721],[15.9094,38.7726],[15.9048,38.7708],[15.8955,38.7625],[15.8925,38.7583],[15.8844,38.7508],[15.874,38.743],[15.8656,38.7414],[15.8576,38.7354],[15.8518,38.7292],[15.8374,38.7229],[15.8281,38.7212],[15.8135,38.7223],[15.8052,38.7235],[15.7885,38.7236],[15.7807,38.7292],[15.7719,38.7318],[15.7635,38.7319],[15.7573,38.7337],[15.7469,38.7421],[15.7427,38.7432],[15.7344,38.7418]]]}},{"type":"Feature","properties":{"depth":-200},"geometry":{"type":"MultiLineString","coordinates":[[[15.7344,37.9201],[15.7427,37.9205],[15.7469,37.9193],[15.7557,37.9146],[15.7591,37.9104],[15.7601,37.9062],[15.7635,37.903],[15.7677,37.9033],[15.7719,37.9057],[15.776,37.9061],[15.7816,37.9],[15.7885,37.899],[15.7948,37.9058],[15.799,37.9088],[15.8094,37.9094],[15.824,37.9047],[15.8281,37.9039],[15.8406,37.9051],[15.851,37.9049],[15.8635,37.9119],[15.8865,37.9142],[15.8948,37.913],[15.9177,37.9157],[15.926,37.9147],[15.9344,37.9114],[15.9427,37.9065],[15.9469,37.9051],[15.9573,37.9061],[15.9656,37.9033],[15.9709,37.9],[15.9739,37.8958],[15.9743,37.8875],[15.976,37.8846],[15.981,37.8854],[15.9865,37.8894],[15.9906,37.8894],[15.9969,37.8825],[15.999,37.8828],[16.0052,37.889],[16.0094,37.8914],[16.0115,37.8906],[16.0142,37.8813],[16.0177,37.8763],[16.026,37.8731],[16.0385,37.872],[16.0448,37.8732],[16.051,37.8709],[16.0594,37.8716],[16.076,37.8711],[16.0865,37.8729],[16.0978,37.8771],[16.1052,37.8813],[16.1129,37.8875],[16.1243,37.8979],[16.1302,37.9052],[16.1365,37.9114],[16.1444,37.9167],[16.155,37.925],[16.1615,37.9318],[16.1656,37.9375],[16.1655,37.9396],[16.1552,37.945],[16.1519,37.9479],[16.1502,37.9542],[16.153,37.9667],[16.1557,37.9708],[16.1635,37.9748],[16.174,37.97],[16.1781,37.9722],[16.1848,37.9813],[16.1889,37.9917],[16.1925,37.9979],[16.1933,38.0042],[16.1923,38.0104],[16.1919,38.0208],[16.1934,38.0292],[16.1962,38.0354],[16.1972,38.0417],[16.1995,38.0458],[16.2052,38.0512],[16.2068,38.0562],[16.2071,38.0625],[16.2089,38.0688],[16.2077,38.075],[16.2027,38.0812],[16.203,38.0875],[16.2096,38.0938],[16.2121,38.1],[16.2094,38.1019],[16.199,38.1059],[16.1833,38.1146],[16.1784,38.1271],[16.1794,38.1313],[16.1823,38.1323],[16.1927,38.1301],[16.199,38.1307],[16.2121,38.1396],[16.2175,38.1479],[16.2231,38.1521],[16.2309,38.1604],[16.2371,38.1729],[16.2395,38.1792],[16.252,38.1854],[16.2596,38.1958],[16.2635,38.1984],[16.2698,38.2003],[16.2796,38.2062],[16.2834,38.2104],[16.2932,38.2146],[16.2961,38.2229],[16.3073,38.2271],[16.3132,38.2313],[16.3125,38.2375],[16.3032,38.2479],[16.3032,38.2521],[16.3073,38.2543],[16.326,38.2537],[16.3303,38.2583],[16.3256,38.275],[16.3253,38.2812],[16.3263,38.2854],[16.3323,38.2906],[16.3365,38.2929],[16.3448,38.2936],[16.3531,38.2895],[16.3635,38.2798],[16.3719,38.2807],[16.376,38.2792],[16.3838,38.2687],[16.3927,38.2632],[16.399,38.265],[16.4094,38.2624],[16.4135,38.2624],[16.4316,38.2687],[16.4497,38.2771],[16.4573,38.2825],[16.4656,38.2866],[16.4823,38.2933],[16.4866,38.3],[16.4867,38.3042],[16.4813,38.3292],[16.4836,38.3354],[16.4906,38.3396],[16.4948,38.3398],[16.501,38.3358],[16.5177,38.3296],[16.524,38.3251],[16.5281,38.3241],[16.5387,38.3271],[16.551,38.3329],[16.5573,38.3372],[16.5656,38.3409],[16.5735,38.3458],[16.5844,38.3555],[16.599,38.363],[16.6031,38.3666],[16.6099,38.375],[16.6295,38.3854],[16.6339,38.3896],[16.6379,38.3958],[16.6437,38.4083],[16.6461,38.4167],[16.6493,38.4229],[16.6531,38.4253],[16.6611,38.4271],[16.6652,38.4312],[16.6625,38.4354],[16.6552,38.4379],[16.6505,38.4417],[16.6635,38.4513],[16.6696,38.4542],[16.672,38.4604],[16.6708,38.4833],[16.67,38.4896],[16.6711,38.5083],[16.6704,38.5208],[16.6695,38.525],[16.6674,38.5438],[16.6603,38.5625],[16.6571,38.5667],[16.6491,38.5729],[16.6486,38.5833],[16.6452,38.5875],[16.6385,38.5923],[16.6323,38.5946],[16.6208,38.6042],[16.6156,38.6133],[16.6115,38.6153],[16.601,38.6118],[16.5906,38.6113],[16.5882,38.6146],[16.5892,38.6229],[16.5855,38.6313],[16.5803,38.6375],[16.5759,38.6458],[16.5786,38.6521],[16.5776,38.6583],[16.5788,38.6604],[16.5893,38.6667],[16.5888,38.6708],[16.5813,38.6792],[16.5806,38.6896],[16.5771,38.6958],[16.574,38.6984],[16.5656,38.6966],[16.5593,38.6979],[16.5573,38.706],[16.5482,38.7104],[16.5477,38.7167],[16.5497,38.7208],[16.5531,38.7234],[16.5656,38.7258],[16.574,38.7299],[16.5802,38.7389],[16.5885,38.7398],[16.6033,38.7458],[16.6052,38.75],[16.6037,38.7583],[16.6128,38.7687],[16.6198,38.773],[16.6302,38.7752],[16.6319,38.7771],[16.6253,38.7833],[16.6224,38.7979],[16.6196,38.8021],[16.6194,38.8062],[16.624,38.808],[16.6406,38.7968],[16.6448,38.796],[16.651,38.7993],[16.6635,38.797],[16.676,38.7913],[16.6823,38.791],[16.699,38.7938],[16.7035,38.7958],[16.7037,38.8],[16.7013,38.8042],[16.7008,38.8083],[16.7073,38.817],[16.7115,38.8173],[16.7198,38.8158],[16.7281,38.816],[16.7318,38.8188],[16.7324,38.8229],[16.7303,38.8312],[16.7269,38.8354],[16.7199,38.8417],[16.7205,38.8458],[16.7239,38.85],[16.7302,38.8529],[16.751,38.8524],[16.7552,38.8487],[16.7635,38.847],[16.7823,38.8497],[16.7885,38.8513],[16.7969,38.8555],[16.8073,38.8573],[16.8156,38.8575],[16.8219,38.86],[16.8268,38.8687],[16.8344,38.872],[16.85,38.8742]],[[16.85,39.6123],[16.849,39.6127],[16.8427,39.6135],[16.8365,39.6161],[16.8198,39.6191],[16.8135,39.6187],[16.8073,39.6219],[16.7885,39.6242],[16.776,39.6315],[16.7656,39.6328],[16.7552,39.6327],[16.749,39.631],[16.7427,39.6307],[16.7344,39.6272],[16.7302,39.6277],[16.726,39.6309],[16.7156,39.6339],[16.6969,39.6345],[16.6844,39.6385],[16.6781,39.6396],[16.6656,39.6431],[16.6594,39.6428],[16.6531,39.6375],[16.649,39.6357],[16.6457,39.6375],[16.6427,39.6426],[16.6375,39.6479],[16.6302,39.6518],[16.6198,39.6491],[16.6115,39.6498],[16.6073,39.6521],[16.5967,39.6625],[16.5802,39.6742],[16.5744,39.6812],[16.5727,39.6917],[16.5703,39.7],[16.564,39.7146],[16.5627,39.725],[16.5605,39.7354],[16.5615,39.7437],[16.5617,39.7542],[16.5641,39.7625],[16.563,39.7667],[16.559,39.7708],[16.5589,39.775],[16.5645,39.7812],[16.5682,39.7917],[16.5726,39.8],[16.5781,39.8081],[16.5859,39.8167],[16.6181,39.8458],[16.624,39.8503],[16.6341,39.8604],[16.6448,39.8738],[16.6498,39.8792],[16.6594,39.8872],[16.6635,39.8898],[16.6676,39.8875],[16.6681,39.8792],[16.6653,39.8708],[16.6652,39.8667],[16.6673,39.8563],[16.6746,39.8479],[16.6865,39.8408],[16.701,39.8362],[16.7198,39.8211],[16.7301,39.8146],[16.7444,39.8083],[16.751,39.8061],[16.7615,39.8053],[16.7656,39.8061],[16.774,39.8104],[16.7812,39.8167],[16.7906,39.8266],[16.7969,39.8304],[16.8052,39.8317],[16.8135,39.8304],[16.8212,39.8333],[16.823,39.8417],[16.8211,39.8458],[16.8115,39.8512],[16.801,39.8579],[16.7958,39.8646],[16.7835,39.875],[16.781,39.8792],[16.7784,39.8875],[16.7784,39.8979],[16.7752,39.9021],[16.7699,39.9062],[16.7644,39.9146],[16.76,39.9292],[16.7611,39.9333],[16.7677,39.9383],[16.7739,39.9458],[16.7731,39.9562],[16.7737,39.9604],[16.7791,39.9667],[16.7808,39.9708],[16.774,39.9792],[16.7717,39.9875],[16.7736,39.9979],[16.7699,40.0042],[16.7635,40.0068],[16.7596,40.0104],[16.7559,40.0167],[16.7548,40.0229],[16.7594,40.0296],[16.7619,40.0354],[16.7656,40.0402],[16.7802,40.0475],[16.7885,40.0481],[16.7911,40.05],[16.7849,40.0625],[16.7849,40.0688],[16.7885,40.0722],[16.7987,40.075],[16.8011,40.0792],[16.8017,40.0875],[16.8036,40.0979],[16.8114,40.1187],[16.8159,40.125],[16.8188,40.1313],[16.8281,40.1457],[16.8343,40.1521],[16.8362,40.1562],[16.8372,40.1625],[16.842,40.1688],[16.8457,40.1833],[16.8455,40.1875],[16.8426,40.1938],[16.8402,40.2021],[16.8372,40.2062],[16.8252,40.2167],[16.8239,40.2208],[16.8304,40.2271],[16.831,40.2313],[16.8291,40.2375],[16.83,40.2417],[16.8389,40.2479],[16.8406,40.2583],[16.8489,40.2687],[16.85,40.2753]],[[16.85,40.2796],[16.8493,40.2854],[16.85,40.2867]]]}},{"type":"Feature","properties":{"depth":-200},"geometry":{"type":"MultiLineString","coordinates":[[[15.7344,39.6176],[15.741,39.6083],[15.7573,39.5955],[15.774,39.5836],[15.7865,39.5736],[15.7938,39.5667],[15.8032,39.5562],[15.8163,39.5375],[15.8234,39.5292],[15.8346,39.5187],[15.8406,39.5139],[15.8469,39.5116],[15.8605,39.5021],[15.8715,39.4958],[15.8781,39.4875],[15.8852,39.4813],[15.8985,39.4625],[15.9007,39.4583],[15.9055,39.4542],[15.9129,39.4417],[15.9219,39.4392],[15.9239,39.4375],[15.9227,39.4292],[15.9275,39.4229],[15.9286,39.4188],[15.9357,39.4125],[15.9399,39.3875],[15.951,39.374],[15.9664,39.3521],[15.976,39.3354],[15.9795,39.3271],[15.9805,39.3188],[15.9832,39.3125],[15.9845,39.3062],[15.9892,39.3],[15.9903,39.2938],[15.9946,39.2896],[15.9972,39.275],[16.0008,39.2687],[16.0023,39.2583],[16.0095,39.2521],[16.0101,39.2479],[16.0073,39.2396],[16.0112,39.2333],[16.0088,39.2271],[16.0091,39.2229],[16.0151,39.2188],[16.0162,39.2146],[16.0102,39.2],[16.0113,39.1958],[16.0159,39.1896],[16.0135,39.1847],[16.0132,39.1792],[16.0219,39.1765],[16.0249,39.1729],[16.0212,39.1667],[16.0249,39.1583],[16.0227,39.1521],[16.0252,39.1417],[16.0254,39.1375],[16.0201,39.1313],[16.0182,39.1271],[16.0116,39.1187],[16.0124,39.1125],[16.0114,39.1042],[16.015,39.0938],[16.024,39.0908],[16.0265,39.0875],[16.0259,39.0833],[16.0286,39.0771],[16.026,39.0729],[16.029,39.0667],[16.025,39.0583],[16.0279,39.05],[16.0277,39.0396],[16.034,39.0312],[16.0387,39.0208],[16.0392,39.0167],[16.0373,39.0125],[16.0294,39.0063],[16.0258,39.0],[16.0271,38.9937],[16.0298,38.9875],[16.0279,38.9813],[16.0291,38.9771],[16.0355,38.9729],[16.0334,38.9479],[16.0339,38.9438],[16.0381,38.9333],[16.0427,38.9288],[16.0547,38.9229],[16.0635,38.9128],[16.0719,38.9079],[16.0802,38.9066],[16.0906,38.8979],[16.1012,38.8937],[16.1089,38.8833],[16.1103,38.875],[16.1137,38.8708],[16.1151,38.8667],[16.1108,38.8542],[16.1022,38.8458],[16.0982,38.8396],[16.0998,38.8271],[16.1031,38.824],[16.1156,38.8199],[16.1198,38.8209],[16.1302,38.8254],[16.1344,38.8247],[16.1396,38.8208],[16.1418,38.8167],[16.1432,38.8104],[16.1469,38.8062],[16.1545,38.8021],[16.1569,38.7979],[16.151,38.7924],[16.1451,38.7854],[16.1385,38.7805],[16.1245,38.775],[16.1156,38.7682],[16.1031,38.7668],[16.0927,38.7635],[16.0799,38.7563],[16.0768,38.7479],[16.074,38.746],[16.0677,38.7459],[16.0594,38.7493],[16.0427,38.7519],[16.0344,38.756],[16.026,38.7576],[16.0198,38.7563],[16.0135,38.7536],[16.0073,38.7523],[15.999,38.747],[15.9884,38.7417],[15.9802,38.7368],[15.9698,38.7341],[15.9615,38.7295],[15.949,38.7243],[15.9385,38.7222],[15.9302,38.7183],[15.9198,38.716],[15.9094,38.7158],[15.899,38.7122],[15.8948,38.7084],[15.8906,38.7078],[15.8781,38.7081],[15.8719,38.7066],[15.8635,38.7028],[15.8552,38.7019],[15.8427,38.6972],[15.8365,38.6957],[15.826,38.6915],[15.8033,38.6792],[15.7861,38.6688],[15.7786,38.6625],[15.7833,38.6521],[15.7927,38.6435],[15.7966,38.6375],[15.7975,38.6333],[15.7953,38.6229],[15.799,38.6182],[15.8115,38.6147],[15.8316,38.6042],[15.837,38.5979],[15.8444,38.5938],[15.8462,38.5875],[15.8515,38.5833],[15.8543,38.5792],[15.8534,38.575],[15.8577,38.5646],[15.8568,38.5583],[15.8616,38.5375],[15.8642,38.5312],[15.8577,38.525],[15.8624,38.5208],[15.8782,38.5167],[15.8808,38.5125],[15.876,38.5081],[15.8656,38.5065],[15.8595,38.5042],[15.853,38.4979],[15.8488,38.4875],[15.8505,38.4833],[15.8594,38.4751],[15.8661,38.4667],[15.8707,38.4583],[15.8701,38.4562],[15.8635,38.4582],[15.8594,38.4618],[15.851,38.4647],[15.8427,38.4611],[15.8374,38.4562],[15.8324,38.45],[15.8315,38.4458],[15.8328,38.4396],[15.8229,38.4354],[15.8204,38.4312],[15.8221,38.425],[15.8268,38.4208],[15.8279,38.4167],[15.8227,38.3979],[15.8227,38.3854],[15.8237,38.3833],[15.8323,38.3793],[15.8336,38.3708],[15.8315,38.3563],[15.8255,38.3417],[15.8255,38.3333],[15.8219,38.3229],[15.8164,38.3125],[15.8135,38.3085],[15.8073,38.3034],[15.801,38.2996],[15.7885,38.2895],[15.774,38.2839],[15.7594,38.2775],[15.749,38.272],[15.7344,38.2677]]]}},{"type":"Feature","properties":{"depth":-200},"geometry":{"type":"MultiLineString","coordinates":[[[15.7344,39.772],[15.7437,39.7667],[15.7465,39.7604],[15.7507,39.7396],[15.7538,39.7313],[15.755,39.725],[15.7571,39.7208],[15.7576,39.7146],[15.7539,39.7062],[15.7444,39.6792],[15.7415,39.6667],[15.7344,39.65]]]}},{"type":"Feature","properties":{"depth":-100},"geometry":{"type":"MultiLineString","coordinates":[[[15.7638,37.9146],[15.7656,37.9102],[15.776,37.912],[15.7802,37.9103],[15.7844,37.904],[15.7885,37.9041],[15.7948,37.9116],[15.799,37.9133],[15.8094,37.9138],[15.8281,37.9106],[15.8448,37.9112],[15.8531,37.9131],[15.8656,37.9173],[15.8844,37.9193],[15.899,37.9192],[15.9198,37.9217],[15.9302,37.9194],[15.9385,37.9155],[15.951,37.9121],[15.9573,37.9121],[15.9677,37.9102],[15.9823,37.903],[15.9927,37.902],[15.999,37.9004],[16.0115,37.9019],[16.0177,37.9],[16.0203,37.8958],[16.0204,37.8854],[16.0219,37.8814],[16.0281,37.8792],[16.0365,37.8786],[16.0448,37.8795],[16.051,37.8786],[16.0577,37.8792],[16.0823,37.8869],[16.0906,37.8909],[16.0941,37.8937],[16.1094,37.9095],[16.1198,37.9178],[16.1281,37.9283],[16.1334,37.9333],[16.1427,37.9455],[16.1438,37.95],[16.1453,37.9667],[16.1493,37.975],[16.1531,37.9781],[16.1615,37.982],[16.1677,37.9824],[16.172,37.9854],[16.173,37.9896],[16.172,37.9958],[16.1762,38.025],[16.1794,38.0438],[16.1807,38.0479],[16.1847,38.0542],[16.1885,38.0569],[16.1948,38.0592],[16.1969,38.0617],[16.1991,38.0688],[16.1993,38.0729],[16.1963,38.0812],[16.1958,38.0854],[16.2012,38.0958],[16.1989,38.1],[16.1865,38.1079],[16.176,38.1111],[16.1727,38.1146],[16.1735,38.1229],[16.1691,38.1292],[16.1708,38.1333],[16.176,38.1368],[16.1844,38.1377],[16.1927,38.1353],[16.1969,38.1358],[16.2031,38.1395],[16.2083,38.1437],[16.2124,38.15],[16.2266,38.1646],[16.2321,38.175],[16.2328,38.1812],[16.2344,38.1837],[16.2448,38.1876],[16.2473,38.1896],[16.2573,38.2006],[16.2688,38.2062],[16.2751,38.2104],[16.2802,38.216],[16.2858,38.2188],[16.2889,38.225],[16.2927,38.2287],[16.299,38.2313],[16.3036,38.2354],[16.3037,38.2375],[16.2952,38.2479],[16.294,38.2521],[16.301,38.2572],[16.3094,38.2588],[16.3177,38.2579],[16.3237,38.2604],[16.3239,38.2646],[16.3208,38.2729],[16.3197,38.2833],[16.3204,38.2875],[16.3281,38.2938]]]}},{"type":"Feature","properties":{"depth":-100},"geometry":{"type":"MultiLineString","coordinates":[[[16.3348,38.2983],[16.3469,38.2994],[16.349,38.2986],[16.3656,38.2853],[16.3719,38.2856],[16.3781,38.284],[16.3865,38.275],[16.3906,38.2731],[16.3969,38.2745],[16.4094,38.273],[16.4202,38.275],[16.4373,38.2812],[16.4552,38.2911],[16.4735,38.3],[16.4787,38.3042],[16.4797,38.3083],[16.4758,38.3312],[16.4769,38.3354],[16.4802,38.34],[16.4885,38.3458],[16.4948,38.3456],[16.501,38.3417],[16.5115,38.3379],[16.5219,38.3375],[16.5302,38.3414],[16.5375,38.3458],[16.5696,38.3687],[16.5937,38.3875],[16.6032,38.3979],[16.6094,38.4063],[16.6134,38.4104],[16.6133,38.4167],[16.6164,38.4229],[16.6219,38.4284],[16.624,38.432],[16.6269,38.4417],[16.6273,38.4479],[16.634,38.4646],[16.6402,38.4813],[16.6419,38.4937],[16.6482,38.5146],[16.6493,38.5208],[16.6486,38.5333],[16.646,38.55],[16.6435,38.5583],[16.6365,38.5744],[16.6293,38.5833],[16.624,38.5886],[16.6094,38.6053],[16.6073,38.6065],[16.5906,38.6053],[16.5844,38.6069],[16.5815,38.6104],[16.5841,38.6208],[16.5805,38.6292],[16.5749,38.6354],[16.5708,38.6437],[16.5705,38.6479],[16.5729,38.6542],[16.5718,38.6604],[16.5794,38.6667],[16.5809,38.6708],[16.5772,38.675],[16.5755,38.6792],[16.5758,38.6854],[16.5719,38.6924],[16.5594,38.6927],[16.5552,38.6941],[16.5425,38.7083],[16.5422,38.7146],[16.5453,38.7229],[16.549,38.7265],[16.5531,38.728],[16.5615,38.7291],[16.5698,38.7329],[16.5727,38.7354],[16.5757,38.7417],[16.5781,38.7434],[16.5865,38.7443],[16.5915,38.7458],[16.5968,38.75],[16.5971,38.7583],[16.5982,38.7625],[16.6115,38.7742],[16.6192,38.7792],[16.6196,38.7917],[16.6177,38.797],[16.6129,38.8042],[16.6156,38.8103],[16.6198,38.8131],[16.624,38.814],[16.6281,38.8127],[16.6344,38.8063],[16.6427,38.8038],[16.651,38.8069],[16.6573,38.8064],[16.6677,38.8086],[16.6786,38.8167],[16.6885,38.8227],[16.6943,38.8271],[16.7084,38.8354],[16.7098,38.8375],[16.7107,38.8479],[16.7135,38.8519],[16.726,38.8572],[16.7365,38.8602],[16.7427,38.8635],[16.7469,38.8638],[16.7552,38.8621],[16.7656,38.8584],[16.7802,38.861],[16.8013,38.8687],[16.8053,38.8708],[16.8128,38.8771],[16.8198,38.8798],[16.8281,38.8814],[16.85,38.8831]],[[16.85,39.6062],[16.845,39.6083],[16.8344,39.6114],[16.8198,39.6146],[16.8135,39.614],[16.8052,39.6165],[16.7906,39.6172],[16.7844,39.6193],[16.776,39.6245],[16.7635,39.6269],[16.7552,39.6271],[16.7448,39.6245],[16.7344,39.6204],[16.7302,39.6202],[16.7219,39.6256],[16.7177,39.6269],[16.6948,39.6267],[16.6844,39.6276],[16.6656,39.6281],[16.649,39.6249],[16.6365,39.6262],[16.626,39.6286],[16.6135,39.6298],[16.6094,39.6311],[16.5865,39.6452],[16.574,39.6507],[16.5635,39.6575],[16.558,39.6625],[16.5532,39.6729],[16.553,39.6771],[16.5567,39.6875],[16.5554,39.6958],[16.5514,39.7042],[16.5448,39.7147],[16.5346,39.7354],[16.5277,39.7542],[16.5254,39.7646],[16.5245,39.7771],[16.526,39.7813],[16.5333,39.7938],[16.5403,39.8021],[16.5508,39.8125],[16.5626,39.8229],[16.5779,39.8354],[16.5844,39.84],[16.5947,39.8458],[16.6115,39.8562],[16.626,39.8668],[16.6344,39.874],[16.6401,39.8813],[16.6531,39.8931],[16.6594,39.9006],[16.6635,39.9031],[16.6745,39.9062],[16.6885,39.9129],[16.6978,39.9167],[16.7073,39.9228],[16.7152,39.9312],[16.7204,39.9396],[16.726,39.954],[16.7315,39.9708],[16.7426,39.9958],[16.7433,40.0],[16.7429,40.0104],[16.7411,40.0208],[16.7432,40.0312],[16.7492,40.0396],[16.7555,40.05],[16.7628,40.0583],[16.7654,40.0625],[16.7689,40.075],[16.7786,40.0917],[16.7844,40.1024],[16.7879,40.1104],[16.7996,40.1333],[16.8061,40.1479],[16.8177,40.1687],[16.8236,40.1812],[16.8268,40.1917],[16.8276,40.1979],[16.8262,40.2042],[16.8165,40.2167],[16.8149,40.2208],[16.8189,40.2292],[16.8177,40.2375],[16.8173,40.2458],[16.8198,40.25],[16.8293,40.2542],[16.8309,40.2604],[16.8388,40.2708],[16.8407,40.2854],[16.8456,40.2958],[16.85,40.302]],[[16.85,41.2389],[16.849,41.2398],[16.8364,41.2521],[16.8196,41.2667],[16.8052,41.2832],[16.7932,41.2938],[16.7844,41.3043],[16.7781,41.3143],[16.7679,41.3333],[16.7615,41.3436],[16.7531,41.3542],[16.7469,41.3644],[16.7384,41.3833],[16.7335,41.3979],[16.7302,41.4046],[16.7075,41.4396],[16.701,41.4542],[16.6969,41.466],[16.6917,41.4875],[16.685,41.5125],[16.6823,41.5201],[16.6769,41.5312],[16.6698,41.5476],[16.6676,41.5542],[16.6666,41.5625],[16.6665,41.5812],[16.6623,41.5979],[16.6597,41.6104],[16.6588,41.625],[16.6559,41.6333],[16.6448,41.6493],[16.6385,41.6555],[16.6344,41.6615],[16.6326,41.6688],[16.6344,41.6792],[16.6385,41.6917],[16.6424,41.7],[16.649,41.7091],[16.6513,41.7146],[16.652,41.7229],[16.6482,41.7375]]]}},{"type":"Feature","properties":{"depth":-100},"geometry":{"type":"MultiLineString","coordinates":[[[15.8156,38.3038],[15.8073,38.2968],[15.7987,38.2917],[15.7927,38.2854],[15.7823,38.2802],[15.776,38.2791],[15.7656,38.275],[15.7469,38.2662],[15.7344,38.2629]]]}},{"type":"Feature","properties":{"depth":-100},"geometry":{"type":"MultiLineString","coordinates":[[[15.7344,39.7971],[15.7356,39.7854],[15.7406,39.7814],[15.7489,39.7771],[15.7531,39.7759],[15.7567,39.7729],[15.7606,39.7646],[15.7685,39.7375],[15.7722,39.7229],[15.7736,39.7146],[15.7757,39.6812],[15.7785,39.6542],[15.7805,39.6229],[15.7825,39.6125],[15.7891,39.6],[15.7927,39.5958],[15.8068,39.5833],[15.8177,39.572],[15.8264,39.5604],[15.8348,39.5458],[15.8427,39.5356],[15.8594,39.5189],[15.8646,39.5146],[15.8719,39.5101],[15.8881,39.5021],[15.8986,39.4937],[15.9047,39.4854],[15.9129,39.4708],[15.9176,39.4604],[15.924,39.4538],[15.9339,39.4479],[15.9363,39.4396],[15.9441,39.4312],[15.9528,39.4188],[15.955,39.4125],[15.9637,39.4042],[15.9677,39.399],[15.976,39.3854],[15.9823,39.3772],[15.9866,39.3625],[15.9909,39.3542],[15.9934,39.3458],[15.9931,39.3354],[15.9942,39.3312],[16.001,39.3224],[16.0065,39.3188],[16.0094,39.3146],[16.0142,39.3042],[16.0198,39.29],[16.0246,39.275],[16.0286,39.2563],[16.0323,39.2292],[16.0334,39.2146],[16.0334,39.1938],[16.0343,39.1854],[16.0366,39.175],[16.0356,39.1667],[16.0364,39.1562],[16.0357,39.1375],[16.035,39.1333],[16.0304,39.1208],[16.03,39.1146],[16.0326,39.1042],[16.04,39.0958],[16.0449,39.0854],[16.0464,39.0667],[16.0455,39.0479],[16.0492,39.0417],[16.0506,39.0333],[16.0557,39.025],[16.0635,39.0146],[16.0714,39.0021],[16.0718,38.9937],[16.074,38.9898],[16.0802,38.9869],[16.085,38.9792],[16.0875,38.9708],[16.0885,38.9625],[16.0888,38.9521],[16.0946,38.9333],[16.0919,38.9292],[16.0948,38.9271],[16.101,38.926],[16.1135,38.9177],[16.1206,38.9146],[16.127,38.9104],[16.1344,38.8986],[16.1448,38.8938],[16.15,38.8875],[16.154,38.8771],[16.1617,38.8667],[16.1677,38.8557],[16.1709,38.8479],[16.1734,38.8375],[16.1738,38.8312],[16.1731,38.8104],[16.1742,38.8],[16.1705,38.7896],[16.1657,38.7854],[16.1601,38.775],[16.1561,38.7708],[16.1427,38.7611],[16.133,38.7563],[16.124,38.7502],[16.1156,38.7471],[16.1031,38.7394],[16.0948,38.7353],[16.0865,38.7341],[16.074,38.7358],[16.0573,38.7406],[16.0406,38.7421],[16.0344,38.7444],[16.0301,38.7479],[16.0219,38.749],[16.0073,38.7428],[15.999,38.7399],[15.9865,38.7338],[15.976,38.7305],[15.9698,38.7274],[15.9552,38.7156],[15.949,38.7115],[15.9448,38.7102],[15.9385,38.7111],[15.924,38.7083],[15.9063,38.7042],[15.8948,38.7],[15.8832,38.6979],[15.8698,38.6933],[15.8631,38.6917],[15.8552,38.6882],[15.8411,38.6833],[15.8251,38.675],[15.8115,38.6646],[15.8077,38.6604],[15.8065,38.6562],[15.8057,38.6417],[15.8067,38.6229],[15.8135,38.6202],[15.8222,38.6146],[15.8369,38.6083],[15.8427,38.6026],[15.851,38.5988],[15.8551,38.5917],[15.8638,38.5833],[15.8707,38.5729],[15.8802,38.5636],[15.8887,38.5583],[15.9004,38.5479],[15.9042,38.5417],[15.9048,38.5333],[15.9018,38.525],[15.9026,38.5146],[15.9017,38.5083],[15.899,38.5037],[15.893,38.4979],[15.8925,38.4917],[15.8864,38.4792],[15.8778,38.4708],[15.8769,38.4688],[15.8798,38.4625],[15.8885,38.4578],[15.8906,38.4542],[15.8895,38.4521],[15.8823,38.4455],[15.8802,38.4449],[15.874,38.4475],[15.8615,38.4461],[15.8575,38.4417],[15.8571,38.4292],[15.8552,38.4264],[15.8496,38.4229],[15.8455,38.4167],[15.8344,38.4037],[15.833,38.3958],[15.8344,38.3921],[15.841,38.3875],[15.8415,38.375],[15.8373,38.3633]]]}},{"type":"Feature","properties":{"depth":-100},"geometry":{"type":"MultiLineString","coordinates":[[[15.7344,39.9188],[15.7365,39.9169],[15.7437,39.9062],[15.749,39.8961],[15.7567,39.8875],[15.7602,39.8792],[15.7608,39.875],[15.7541,39.8563],[15.7445,39.8458],[15.743,39.8417],[15.7439,39.8312],[15.7407,39.825],[15.7426,39.8188],[15.7476,39.8104],[15.7448,39.8047],[15.7344,39.8001]]]}},{"type":"Feature","properties":{"depth":-100},"geometry":{"type":"MultiLineString","coordinates":[[[16.7385,39.8352],[16.7427,39.835],[16.7594,39.8363],[16.7677,39.8386],[16.7784,39.8438],[16.7805,39.8458],[16.7806,39.85],[16.7726,39.8604],[16.7485,39.8792],[16.7406,39.8843],[16.7323,39.8862],[16.724,39.8845],[16.7115,39.8805],[16.6953,39.8729],[16.6924,39.8708],[16.6908,39.8667],[16.6925,39.8625],[16.701,39.8546],[16.7177,39.8453],[16.726,39.84],[16.7385,39.8352]]]}},{"type":"Feature","properties":{"depth":-50},"geometry":{"type":"MultiLineString","coordinates":[[[15.7805,37.9146],[15.7865,37.9108],[15.7927,37.9141],[15.801,37.9165],[15.8115,37.9164],[15.8281,37.9143],[15.8427,37.9146],[15.8518,37.9167],[15.8594,37.9194],[15.8781,37.9221],[15.9073,37.9234],[15.9177,37.9249],[15.9281,37.9239],[15.9385,37.9193],[15.951,37.9162],[15.9594,37.9155],[15.9719,37.9132],[15.9823,37.9094],[15.9948,37.908],[16.0115,37.9084],[16.0198,37.9045],[16.0281,37.8985],[16.0365,37.8975],[16.0427,37.8997],[16.0573,37.9016],[16.076,37.9076],[16.0823,37.9112],[16.089,37.9188],[16.0969,37.9254],[16.1055,37.9312],[16.1119,37.9396],[16.1268,37.9562],[16.1303,37.9625],[16.1385,37.972],[16.1447,37.9813],[16.1493,37.9937],[16.1567,38.0063],[16.1635,38.0201],[16.1677,38.03],[16.1729,38.05],[16.1772,38.0604],[16.1798,38.0688],[16.1849,38.0917],[16.1852,38.1],[16.1827,38.1042],[16.1698,38.1087],[16.1672,38.1104],[16.1664,38.1146],[16.1686,38.1208],[16.1643,38.1271],[16.164,38.1317]]]}},{"type":"Feature","properties":{"depth":-50},"geometry":{"type":"MultiLineString","coordinates":[[[16.1695,38.1393],[16.174,38.1404],[16.1865,38.1407],[16.1948,38.1399],[16.2014,38.1437],[16.2084,38.1521],[16.2219,38.1661],[16.2281,38.1771],[16.2297,38.1854],[16.2344,38.1891],[16.2448,38.1935],[16.2531,38.2019],[16.2673,38.2125],[16.2802,38.2246],[16.2855,38.2313],[16.292,38.2375],[16.2934,38.2417],[16.2903,38.2479],[16.2896,38.2521],[16.2927,38.257],[16.299,38.2599],[16.3073,38.2619],[16.3168,38.2625],[16.3186,38.2646],[16.3169,38.2771],[16.3156,38.2813]]]}},{"type":"Feature","properties":{"depth":-50},"geometry":{"type":"MultiLineString","coordinates":[[[15.8084,38.2927],[15.801,38.2898],[15.7948,38.2823],[15.7823,38.2763],[15.776,38.2752],[15.7651,38.2708],[15.749,38.2629],[15.7344,38.2592]]]}},{"type":"Feature","properties":{"depth":-50},"geometry":{"type":"MultiLineString","coordinates":[[[16.3484,38.3036],[16.3552,38.2975],[16.3677,38.2902],[16.3823,38.2897],[16.3906,38.2906],[16.4031,38.293],[16.4198,38.2979],[16.4448,38.3061],[16.4635,38.3141],[16.4698,38.322],[16.4723,38.3333],[16.4781,38.3432],[16.4865,38.3491],[16.4948,38.3494],[16.501,38.3474],[16.5073,38.3491],[16.5219,38.3595],[16.5426,38.375],[16.5539,38.3854],[16.5741,38.4062],[16.5839,38.4188],[16.5881,38.425],[16.5939,38.4375],[16.5986,38.4521],[16.6014,38.4667],[16.6031,38.4832],[16.6052,38.4961],[16.6076,38.5042],[16.6142,38.5375],[16.6131,38.5438],[16.6086,38.5542],[16.6012,38.5771],[16.5978,38.5854],[16.5935,38.5938],[16.5882,38.6],[16.5797,38.6042],[16.5778,38.6083],[16.5791,38.6208],[16.576,38.6275],[16.57,38.6333],[16.5671,38.6437],[16.5669,38.6479],[16.5686,38.6542],[16.5684,38.6625],[16.5728,38.6688],[16.573,38.6708],[16.57,38.6833],[16.5679,38.6875],[16.5634,38.6896],[16.5562,38.6906]]]}},{"type":"Feature","properties":{"depth":-50},"geometry":{"type":"MultiLineString","coordinates":[[[15.8969,38.4491],[15.8927,38.4477],[15.8844,38.4397],[15.8772,38.4354],[15.8732,38.4312],[15.8645,38.4167],[15.8559,38.3979],[15.8557,38.3917],[15.8499,38.3792],[15.8413,38.3652]]]}},{"type":"Feature","properties":{"depth":-50},"geometry":{"type":"MultiLineString","coordinates":[[[16.5537,38.6917],[16.5415,38.7042],[16.5393,38.7083],[16.5396,38.7167],[16.5447,38.727]]]}},{"type":"Feature","properties":{"depth":-50},"geometry":{"type":"MultiLineString","coordinates":[[[16.5449,38.7271],[16.551,38.7304],[16.5594,38.7318],[16.5697,38.7375],[16.5725,38.7437],[16.582,38.75],[16.5859,38.7542],[16.5943,38.7667],[16.6108,38.7833],[16.6135,38.7871],[16.6145,38.7938],[16.6102,38.8],[16.6093,38.8042],[16.6104,38.8083],[16.6135,38.8127],[16.6177,38.8156],[16.626,38.8176],[16.6302,38.8164],[16.6365,38.8115],[16.6427,38.812],[16.6656,38.824],[16.6844,38.8342],[16.6948,38.8404],[16.7031,38.8467],[16.7084,38.8542],[16.7135,38.8575],[16.7323,38.865],[16.7385,38.869],[16.7469,38.871],[16.7615,38.8794],[16.766,38.8792],[16.7698,38.8757],[16.7781,38.8766],[16.7968,38.8833],[16.8094,38.8872],[16.8281,38.8902],[16.8406,38.8915],[16.85,38.8918]]]}},{"type":"Feature","properties":{"depth":-50},"geometry":{"type":"MultiLineString","coordinates":[[[16.85,39.5919],[16.8398,39.6],[16.8331,39.6042],[16.8244,39.6083],[16.8177,39.6104],[16.8094,39.6109],[16.8031,39.6132],[16.7906,39.6139],[16.7823,39.6163],[16.776,39.621],[16.7693,39.6229],[16.7632,39.6233]]]}},{"type":"Feature","properties":{"depth":-50},"geometry":{"type":"MultiLineString","coordinates":[[[16.7293,39.6167],[16.7198,39.6227],[16.7094,39.6235],[16.6928,39.6229]]]}},{"type":"Feature","properties":{"depth":-50},"geometry":{"type":"MultiLineString","coordinates":[[[16.6902,39.6229],[16.6844,39.6234],[16.6635,39.6226],[16.6524,39.6208]]]}},{"type":"Feature","properties":{"depth":-50},"geometry":{"type":"MultiLineString","coordinates":[[[16.6045,39.6271],[16.5942,39.6333],[16.5802,39.64],[16.5698,39.644],[16.5447,39.6604],[16.5423,39.6625],[16.5415,39.6688],[16.542,39.6917],[16.5431,39.7],[16.5413,39.7083],[16.5363,39.7188],[16.5324,39.725],[16.524,39.7403],[16.5167,39.75],[16.5103,39.7687],[16.5096,39.7771],[16.5108,39.7833],[16.518,39.7979],[16.5256,39.8083],[16.5344,39.8178],[16.5469,39.8302],[16.5573,39.839],[16.5823,39.8557],[16.6017,39.8667],[16.6225,39.8813],[16.6325,39.8896],[16.6456,39.9021],[16.6493,39.9062],[16.6615,39.9231],[16.6695,39.9375],[16.674,39.9479],[16.6782,39.9604],[16.6817,39.9729],[16.6853,39.9896],[16.6869,39.9937],[16.6957,40.0104],[16.6992,40.0229],[16.7031,40.0311],[16.7131,40.0479],[16.7219,40.0595],[16.7535,40.1],[16.769,40.1208],[16.7731,40.1271],[16.7823,40.1431],[16.7877,40.1542],[16.797,40.1708],[16.801,40.1792],[16.8095,40.2021],[16.8106,40.2083],[16.8084,40.2229],[16.8108,40.2333],[16.8085,40.2458],[16.8105,40.25],[16.8199,40.2583],[16.8244,40.2667],[16.8296,40.2729],[16.8345,40.2833],[16.8371,40.2917],[16.8448,40.3042],[16.8479,40.3125],[16.85,40.3161]]]}},{"type":"Feature","properties":{"depth":-50},"geometry":{"type":"MultiLineString","coordinates":[[[16.85,41.1665],[16.8448,41.1675],[16.8219,41.1742],[16.7996,41.1812],[16.7844,41.1867],[16.7615,41.1955],[16.7422,41.2021],[16.7159,41.2125],[16.7031,41.2197],[16.6908,41.225],[16.676,41.2338],[16.6645,41.2396],[16.651,41.2485],[16.6385,41.2538],[16.6094,41.2721],[16.5948,41.2828],[16.5802,41.2918],[16.5677,41.3016],[16.5496,41.3146],[16.5219,41.3368],[16.5031,41.3528],[16.4976,41.3583],[16.476,41.3766],[16.4656,41.3878],[16.4487,41.4083],[16.4351,41.4312],[16.4299,41.4417],[16.4198,41.4664],[16.4094,41.4893],[16.4051,41.5042],[16.4029,41.5229],[16.4019,41.5375],[16.4022,41.5542],[16.4017,41.5729],[16.3993,41.5938],[16.3958,41.6187],[16.394,41.6396],[16.3933,41.6542],[16.389,41.6938],[16.3866,41.7208],[16.3839,41.7375]]]}},{"type":"Feature","properties":{"depth":-50},"geometry":{"type":"MultiLineString","coordinates":[[[15.7344,39.9242],[15.7399,39.9188],[15.7432,39.9125],[15.751,39.9013],[15.7581,39.8958],[15.7641,39.8792],[15.7645,39.8729],[15.7635,39.8639],[15.7671,39.8604],[15.7676,39.8563],[15.7645,39.85],[15.7579,39.8438],[15.7561,39.8396],[15.7553,39.8271],[15.7559,39.8208],[15.7594,39.805],[15.7678,39.7854],[15.7707,39.7729],[15.776,39.7584],[15.7814,39.7458],[15.7849,39.7313],[15.7865,39.7167],[15.7906,39.6979],[15.7916,39.6896],[15.7957,39.6729],[15.7974,39.6562],[15.7976,39.6396],[15.7991,39.6271],[15.8071,39.6125],[15.8056,39.6063],[15.808,39.6021],[15.8162,39.5958],[15.8241,39.5917],[15.8285,39.5875],[15.8446,39.5667],[15.8562,39.55],[15.8635,39.5418],[15.8698,39.5364],[15.899,39.5184],[15.9055,39.5125],[15.9171,39.5042],[15.9229,39.4979],[15.9372,39.4771],[15.9445,39.4688],[15.9597,39.45],[15.9699,39.4396],[15.9818,39.4229],[15.987,39.4146],[15.9969,39.3952],[16.0031,39.3809],[16.0106,39.3667],[16.019,39.3458],[16.0237,39.3312],[16.0325,39.3],[16.0359,39.2917],[16.0398,39.2792],[16.0424,39.2667],[16.0441,39.2521],[16.0452,39.225],[16.047,39.2021],[16.0482,39.1708],[16.0477,39.1604],[16.0482,39.1437],[16.049,39.1354],[16.0615,39.1007],[16.0652,39.0854],[16.0672,39.075],[16.0721,39.0562],[16.073,39.0458],[16.0763,39.0333],[16.0804,39.0271],[16.1013,39.0063],[16.1088,38.9958],[16.1131,38.9875],[16.1186,38.9708],[16.1207,38.9604],[16.1236,38.9542],[16.1326,38.9458],[16.1448,38.9363],[16.1563,38.9292],[16.1615,38.925],[16.1641,38.9208],[16.1674,38.9125],[16.177,38.9],[16.1836,38.8875],[16.1911,38.8708],[16.1955,38.8583],[16.1981,38.8417],[16.1973,38.8292],[16.1924,38.8042],[16.1876,38.7917],[16.1765,38.7708],[16.171,38.7646],[16.1652,38.7563],[16.1613,38.7521],[16.1448,38.7394],[16.1344,38.7365],[16.1219,38.7356],[16.1086,38.7271],[16.101,38.7242],[16.0885,38.7231],[16.0802,38.7249],[16.0719,38.7283],[16.0615,38.7337],[16.0531,38.7355],[16.0302,38.736],[16.0177,38.7373],[16.001,38.7349],[15.9906,38.7305],[15.9784,38.7271],[15.9698,38.7211],[15.9573,38.7075],[15.9531,38.7041],[15.9469,38.7013],[15.9365,38.7007],[15.924,38.6976],[15.9156,38.6937],[15.9031,38.6903],[15.8906,38.691],[15.8823,38.6878],[15.8698,38.6846],[15.8448,38.6727],[15.8281,38.6606],[15.8238,38.6562],[15.8208,38.6479],[15.8212,38.6417],[15.8273,38.6333],[15.827,38.6271],[15.8228,38.6208],[15.8242,38.6167],[15.8385,38.6114],[15.8448,38.6063],[15.8531,38.6024],[15.8594,38.5947],[15.8692,38.5875],[15.8738,38.5833],[15.88,38.575],[15.8871,38.5688],[15.8969,38.5614],[15.9094,38.5536],[15.9177,38.5491],[15.9216,38.5458],[15.9241,38.5396],[15.9218,38.5292],[15.915,38.5167],[15.9118,38.5083],[15.9078,38.4833],[15.9055,38.475],[15.8995,38.4604],[15.8995,38.4547]]]}},{"type":"Feature","properties":{"depth":-20},"geometry":{"type":"MultiLineString","coordinates":[[[15.9593,37.9188],[15.9698,37.9175],[15.9823,37.9138],[15.9969,37.9123],[16.0094,37.9141],[16.0156,37.9137],[16.0219,37.9116],[16.0406,37.9108],[16.049,37.9119],[16.0677,37.9166],[16.0718,37.9188],[16.0931,37.9375],[16.1072,37.9521],[16.1145,37.9604],[16.127,37.9771],[16.1295,37.9813],[16.1316,37.9937],[16.1344,37.9986],[16.1407,38.0042],[16.1445,38.0104],[16.1519,38.025],[16.1541,38.0312],[16.158,38.0458],[16.1635,38.0688],[16.1676,38.0833],[16.1698,38.0937],[16.1695,38.0979],[16.1635,38.1056],[16.1615,38.1097]]]}},{"type":"Feature","properties":{"depth":-20},"geometry":{"type":"MultiLineString","coordinates":[[[16.1783,38.1439],[16.1885,38.1446],[16.1915,38.1458],[16.2051,38.1583],[16.2198,38.1742],[16.2251,38.1854],[16.2281,38.1895],[16.2414,38.1979],[16.2547,38.2104],[16.2738,38.2292],[16.2842,38.2417],[16.2857,38.2458],[16.2864,38.2541]]]}},{"type":"Feature","properties":{"depth":-20},"geometry":{"type":"MultiLineString","coordinates":[[[16.2976,38.2633],[16.31,38.2667],[16.3127,38.2708],[16.3126,38.2782]]]}},{"type":"Feature","properties":{"depth":-20},"geometry":{"type":"MultiLineString","coordinates":[[[15.779,38.2717],[15.7649,38.2667],[15.7495,38.2583]]]}},{"type":"Feature","properties":{"depth":-20},"geometry":{"type":"MultiLineString","coordinates":[[[16.3538,38.3042],[16.3573,38.3012],[16.3656,38.2997],[16.374,38.3006],[16.3885,38.3051],[16.4198,38.314],[16.4365,38.3175],[16.4531,38.3246],[16.4615,38.3292],[16.4698,38.3367],[16.4722,38.3417]]]}},{"type":"Feature","properties":{"depth":-20},"geometry":{"type":"MultiLineString","coordinates":[[[16.4898,38.3533],[16.499,38.3539],[16.5031,38.3559],[16.512,38.3625],[16.5354,38.3813],[16.545,38.3896],[16.5635,38.4072],[16.5739,38.4188],[16.5822,38.4312],[16.5867,38.4417],[16.5905,38.4542],[16.591,38.4667],[16.5908,38.5],[16.5886,38.5167],[16.5881,38.5333],[16.5882,38.5479],[16.5865,38.5683],[16.5835,38.5854],[16.5804,38.5958],[16.5742,38.6042],[16.5734,38.6104],[16.5708,38.6208],[16.5646,38.6333],[16.5628,38.6458],[16.5629,38.6583],[16.5653,38.6688],[16.5654,38.675],[16.5618,38.6854],[16.5573,38.6878]]]}},{"type":"Feature","properties":{"depth":-20},"geometry":{"type":"MultiLineString","coordinates":[[[15.8885,38.4368],[15.8823,38.4336],[15.876,38.4263],[15.8698,38.416],[15.8635,38.4042],[15.8611,38.3958],[15.8609,38.3911]]]}},{"type":"Feature","properties":{"depth":-20},"geometry":{"type":"MultiLineString","coordinates":[[[15.9223,38.5516],[15.927,38.5458],[15.9288,38.5417],[15.9287,38.5354],[15.9245,38.5229],[15.9173,38.5104],[15.9156,38.5045],[15.9133,38.4852]]]}},{"type":"Feature","properties":{"depth":-20},"geometry":{"type":"MultiLineString","coordinates":[[[15.8772,38.5875],[15.8856,38.5771],[15.8963,38.5667],[15.903,38.5626]]]}},{"type":"Feature","properties":{"depth":-20},"geometry":{"type":"MultiLineString","coordinates":[[[16.5496,38.6917],[16.5406,38.7006],[16.5365,38.7077]]]}},{"type":"Feature","properties":{"depth":-20},"geometry":{"type":"MultiLineString","coordinates":[[[16.5539,38.7341],[16.559,38.7354],[16.565,38.7396],[16.5683,38.7458],[16.5753,38.7521],[16.5808,38.7646],[16.5844,38.7709],[16.599,38.7858],[16.6054,38.7938],[16.6061,38.8062],[16.6088,38.8119]]]}},{"type":"Feature","properties":{"depth":-20},"geometry":{"type":"MultiLineString","coordinates":[[[16.6183,38.8193],[16.626,38.8212],[16.6365,38.819],[16.6477,38.8229],[16.6789,38.8396],[16.6969,38.8499],[16.7094,38.8597],[16.7292,38.8687],[16.7385,38.8739],[16.7473,38.8771],[16.7573,38.8826],[16.7615,38.8841],[16.7719,38.8844],[16.7781,38.8858],[16.799,38.8931],[16.8281,38.9015],[16.85,38.9063]]]}},{"type":"Feature","properties":{"depth":-20},"geometry":{"type":"MultiLineString","coordinates":[[[16.85,39.5649],[16.8382,39.5771],[16.8272,39.5917],[16.8203,39.5979],[16.8135,39.6024],[16.8021,39.6083],[16.7845,39.6124]]]}},{"type":"Feature","properties":{"depth":-20},"geometry":{"type":"MultiLineString","coordinates":[[[16.534,39.6625],[16.5332,39.6667],[16.5286,39.6792],[16.5313,39.6938],[16.535,39.7021],[16.5356,39.7062],[16.5325,39.7167],[16.5306,39.7191]]]}},{"type":"Feature","properties":{"depth":-20},"geometry":{"type":"MultiLineString","coordinates":[[[16.5259,39.7271],[16.5219,39.7338],[16.5177,39.7379],[16.5097,39.7437],[16.5044,39.75],[16.499,39.7604],[16.4982,39.7646],[16.4981,39.7812],[16.4997,39.7896],[16.5027,39.7979],[16.5094,39.8103],[16.5213,39.8229],[16.5292,39.8354],[16.5385,39.8483],[16.5427,39.8529],[16.551,39.8599],[16.5635,39.8685],[16.574,39.8746],[16.5844,39.8815],[16.5956,39.8875],[16.6103,39.8979],[16.6166,39.9062],[16.6302,39.9192],[16.6344,39.925],[16.638,39.9333],[16.6416,39.9542],[16.6447,39.9646],[16.6452,39.9729],[16.638,39.9917],[16.632,40.0021],[16.6315,40.0063],[16.6344,40.013],[16.6385,40.0176],[16.6448,40.0211],[16.6503,40.0333],[16.66,40.0396],[16.676,40.0547],[16.6823,40.0636],[16.6909,40.0708],[16.6937,40.075],[16.6982,40.0854],[16.7152,40.0979],[16.7219,40.1078],[16.7318,40.1167],[16.7427,40.1242],[16.7462,40.1292],[16.7508,40.1396],[16.7518,40.1458],[16.7519,40.1562],[16.7543,40.1625],[16.7594,40.1659],[16.7698,40.1692],[16.7745,40.175],[16.7792,40.1917],[16.7844,40.2021],[16.7875,40.2146],[16.7881,40.2271],[16.7911,40.2333],[16.7912,40.2417],[16.7942,40.25],[16.7995,40.2604],[16.8048,40.2729],[16.8094,40.2782],[16.8171,40.2833],[16.8219,40.2896],[16.8281,40.2955],[16.8324,40.3021],[16.8375,40.3125],[16.8491,40.3271],[16.85,40.3285]]]}},{"type":"Feature","properties":{"depth":-20},"geometry":{"type":"MultiLineString","coordinates":[[[15.7344,39.9326],[15.7385,39.9298],[15.7469,39.9161],[15.7531,39.9089],[15.7573,39.9061],[15.7656,39.9032],[15.7678,39.9],[15.7689,39.8896],[15.7676,39.8833],[15.7677,39.8686],[15.7751,39.8646],[15.7787,39.8604],[15.7777,39.8563],[15.7661,39.8417],[15.7637,39.8354],[15.7647,39.8271],[15.7701,39.8125],[15.775,39.8042],[15.7799,39.7875],[15.784,39.7708],[15.7951,39.7437],[15.7978,39.7292],[15.7981,39.7],[15.7989,39.6958],[15.8043,39.6875],[15.8068,39.6812],[15.8102,39.6688],[15.8158,39.6562],[15.8221,39.6333],[15.8448,39.5959],[15.8593,39.5667],[15.866,39.5521],[15.8732,39.5438],[15.8823,39.5374],[15.8906,39.5331],[15.9031,39.5276],[15.9135,39.5185],[15.924,39.5127],[15.9285,39.5083],[15.9396,39.4937],[15.9465,39.4833],[15.9552,39.4716],[15.976,39.4517],[15.9792,39.4479],[15.9927,39.4276],[16.0058,39.4],[16.0167,39.375],[16.029,39.3458],[16.0334,39.3292],[16.0362,39.3167],[16.041,39.3021],[16.0453,39.2917],[16.0496,39.2708],[16.0527,39.2354],[16.0537,39.2083],[16.0557,39.1875],[16.0566,39.1729],[16.0564,39.1583],[16.0591,39.1354],[16.0684,39.1104],[16.0752,39.0875],[16.0848,39.05],[16.0915,39.0312],[16.0967,39.0229],[16.1088,39.0104],[16.1234,38.9917],[16.1306,38.9813],[16.1391,38.9646],[16.1432,38.9542],[16.15,38.9458],[16.1573,38.9418],[16.1677,38.9387],[16.1719,38.9366],[16.1835,38.9271],[16.2001,38.9104],[16.2033,38.9021],[16.2059,38.8833],[16.2098,38.8667],[16.2116,38.8542],[16.2113,38.8396],[16.2098,38.8271],[16.205,38.8062],[16.2015,38.7958],[16.1927,38.7781],[16.1847,38.7646],[16.1752,38.7521],[16.1674,38.7458],[16.1573,38.7397],[16.149,38.7327],[16.1406,38.7288],[16.126,38.728],[16.1094,38.7195],[16.099,38.7179],[16.0885,38.7182],[16.0823,38.7196],[16.0698,38.7241],[16.0615,38.7293],[16.0573,38.7303],[16.0281,38.7314],[16.0198,38.7312],[16.0094,38.7294],[16.0031,38.7298],[15.9799,38.7229],[15.9698,38.7159],[15.9643,38.7083],[15.9573,38.7014],[15.949,38.6965],[15.9344,38.6943],[15.924,38.6914],[15.9115,38.6868],[15.8927,38.6846],[15.8865,38.6805],[15.8823,38.6793],[15.8719,38.6786],[15.851,38.6686],[15.8469,38.6658],[15.8344,38.6542],[15.8301,38.6479],[15.8291,38.6396],[15.8307,38.6338]]]}},{"type":"Feature","properties":{"depth":-20},"geometry":{"type":"MultiLineString","coordinates":[[[16.85,41.1481],[16.8385,41.1509],[16.8281,41.1527],[16.8177,41.1561],[16.8031,41.1597],[16.7844,41.1664],[16.774,41.1666],[16.7615,41.1698],[16.751,41.1717],[16.7365,41.176],[16.7281,41.1778],[16.7094,41.1842],[16.6969,41.1878],[16.6698,41.1968],[16.6388,41.2021],[16.6281,41.2073],[16.6156,41.212],[16.6066,41.2146],[16.5894,41.2229],[16.5802,41.228],[16.5635,41.2356],[16.5344,41.2526],[16.524,41.2572],[16.5141,41.2625],[16.4906,41.2761],[16.4719,41.2894],[16.4613,41.2979],[16.455,41.3042],[16.4386,41.3167],[16.426,41.3244],[16.4135,41.3313],[16.3802,41.3441],[16.3698,41.3466],[16.3552,41.3512],[16.3439,41.3542],[16.3116,41.3667],[16.2948,41.3759],[16.2673,41.3896],[16.2478,41.4021],[16.2385,41.4095],[16.2323,41.4131],[16.2168,41.4188],[16.2073,41.425],[16.2062,41.4292],[16.2064,41.4396],[16.202,41.4479],[16.1879,41.4604],[16.1844,41.4643],[16.1809,41.4708],[16.182,41.4792],[16.1865,41.4866],[16.1927,41.494],[16.1963,41.5],[16.2009,41.5125],[16.205,41.5292],[16.2119,41.5521],[16.2162,41.5604],[16.2278,41.575],[16.2427,41.5966],[16.2469,41.6063],[16.2524,41.6229],[16.2592,41.6375],[16.268,41.6667],[16.2739,41.6812],[16.2764,41.6938],[16.2769,41.7146],[16.2762,41.7375]]]}},{"type":"Feature","properties":{"depth":-10},"geometry":{"type":"MultiLineString","coordinates":[[[16.0095,37.9168],[16.024,37.9161],[16.0344,37.9164],[16.0448,37.9154],[16.0615,37.9187],[16.0677,37.9209],[16.0915,37.9417],[16.1036,37.9542],[16.1123,37.9646],[16.1242,37.9813],[16.1291,37.9958],[16.1357,38.0042],[16.1427,38.0157],[16.1493,38.0292],[16.1525,38.0458],[16.1563,38.0583],[16.159,38.0729],[16.1644,38.0938],[16.1638,38.1],[16.1598,38.1067]]]}},{"type":"Feature","properties":{"depth":-10},"geometry":{"type":"MultiLineString","coordinates":[[[16.1803,38.1459],[16.1885,38.1478],[16.2005,38.1583],[16.2156,38.1746],[16.2198,38.1797],[16.2234,38.1869]]]}},{"type":"Feature","properties":{"depth":-10},"geometry":{"type":"MultiLineString","coordinates":[[[16.224,38.188],[16.2281,38.1926],[16.2418,38.2021],[16.2713,38.2313],[16.2802,38.2411],[16.2833,38.2489]]]}},{"type":"Feature","properties":{"depth":-10},"geometry":{"type":"MultiLineString","coordinates":[[[16.3577,38.3042],[16.3635,38.303],[16.3731,38.3042],[16.3885,38.3091],[16.424,38.3192],[16.4344,38.3205],[16.4544,38.3292],[16.4615,38.3331],[16.4687,38.3396]]]}},{"type":"Feature","properties":{"depth":-10},"geometry":{"type":"MultiLineString","coordinates":[[[16.492,38.3555],[16.5014,38.3583],[16.5098,38.3646],[16.5326,38.3833],[16.5445,38.3937],[16.5656,38.4138],[16.574,38.4238],[16.5781,38.4304],[16.5823,38.4392],[16.5863,38.45],[16.5874,38.4562],[16.586,38.5042],[16.5828,38.5167],[16.5812,38.5375],[16.5809,38.55],[16.5789,38.5583],[16.5764,38.575],[16.5753,38.5896],[16.5742,38.5958],[16.5713,38.6021],[16.5654,38.625],[16.5618,38.6333],[16.5601,38.6458],[16.5599,38.6583],[16.562,38.6688],[16.5624,38.675],[16.5599,38.6833],[16.5573,38.6858]]]}},{"type":"Feature","properties":{"depth":-10},"geometry":{"type":"MultiLineString","coordinates":[[[15.8719,38.4146],[15.8656,38.4034],[15.8643,38.3986]]]}},{"type":"Feature","properties":{"depth":-10},"geometry":{"type":"MultiLineString","coordinates":[[[15.9635,38.7039],[15.9573,38.6984],[15.951,38.6945],[15.9448,38.6924],[15.9385,38.6922],[15.9274,38.6896],[15.9135,38.6846],[15.8969,38.6826],[15.8844,38.6767],[15.8719,38.6752],[15.851,38.6648],[15.8394,38.6542],[15.8342,38.6479],[15.8319,38.6396],[15.8323,38.6355]]]}},{"type":"Feature","properties":{"depth":-10},"geometry":{"type":"MultiLineString","coordinates":[[[15.9832,38.7218],[15.974,38.7165],[15.9699,38.7125],[15.9662,38.7068]]]}},{"type":"Feature","properties":{"depth":-10},"geometry":{"type":"MultiLineString","coordinates":[[[16.071,38.7208],[16.0615,38.7265],[16.0406,38.7285],[16.033,38.7284]]]}},{"type":"Feature","properties":{"depth":-10},"geometry":{"type":"MultiLineString","coordinates":[[[16.0316,38.7285],[16.0177,38.728],[16.0073,38.7262],[16.001,38.7268],[15.996,38.725]]]}},{"type":"Feature","properties":{"depth":-10},"geometry":{"type":"MultiLineString","coordinates":[[[16.5569,38.7371],[16.5614,38.7396],[16.5677,38.7489],[16.5719,38.7521],[16.5744,38.7563],[16.5791,38.7708],[16.5865,38.7792],[16.601,38.7943],[16.603,38.7979],[16.6043,38.8074]]]}},{"type":"Feature","properties":{"depth":-10},"geometry":{"type":"MultiLineString","coordinates":[[[16.6323,38.8229],[16.6406,38.823],[16.6492,38.8271],[16.6804,38.8438],[16.6951,38.8521],[16.7061,38.8604]]]}},{"type":"Feature","properties":{"depth":-10},"geometry":{"type":"MultiLineString","coordinates":[[[16.7129,38.8639],[16.728,38.8708],[16.7365,38.8757],[16.741,38.8771],[16.7537,38.8833]]]}},{"type":"Feature","properties":{"depth":-10},"geometry":{"type":"MultiLineString","coordinates":[[[16.76,38.886],[16.7719,38.8876],[16.7969,38.8966],[16.8177,38.903],[16.8406,38.9091],[16.85,38.9113]]]}},{"type":"Feature","properties":{"depth":-10},"geometry":{"type":"MultiLineString","coordinates":[[[16.85,39.5582],[16.8416,39.5646],[16.8323,39.5747],[16.8234,39.5896],[16.8191,39.5938],[16.8101,39.6],[16.8028,39.6042],[16.7928,39.6083],[16.7876,39.6093]]]}},{"type":"Feature","properties":{"depth":-10},"geometry":{"type":"MultiLineString","coordinates":[[[15.8016,39.6958],[15.808,39.6896],[15.8104,39.6833],[15.8113,39.6771],[15.8135,39.6713],[15.8225,39.6604],[15.8246,39.6562],[15.8323,39.6313],[15.8342,39.6271],[15.8457,39.6083],[15.8515,39.5958],[15.8573,39.581],[15.8624,39.5708],[15.8677,39.5573],[15.8718,39.55],[15.878,39.5438],[15.884,39.5396],[15.8923,39.5354],[15.9031,39.5318],[15.9135,39.5228],[15.926,39.5161],[15.9302,39.5124],[15.9459,39.4917],[15.955,39.4771],[15.9594,39.4721],[15.9794,39.4542],[15.9902,39.4396],[15.9984,39.425],[16.0124,39.3937],[16.0229,39.3687],[16.0329,39.3438],[16.0372,39.3271],[16.0406,39.3118],[16.0482,39.2938],[16.0517,39.2792],[16.0539,39.2604],[16.0553,39.2396],[16.0564,39.2313],[16.0562,39.225],[16.0573,39.2021],[16.0592,39.1896],[16.0601,39.1688],[16.0601,39.1583],[16.0635,39.133],[16.0706,39.1146],[16.076,39.0958],[16.0792,39.0875],[16.0826,39.0729],[16.0882,39.0521],[16.0945,39.0333],[16.0988,39.025],[16.1052,39.0191],[16.1325,38.9854],[16.144,38.9646],[16.1486,38.9542],[16.1537,38.9479],[16.1569,38.9458],[16.1719,38.941],[16.1906,38.9266],[16.2073,38.9156],[16.2104,38.9083],[16.2119,38.8917],[16.2159,38.8563],[16.216,38.85],[16.2144,38.8312],[16.2107,38.8146],[16.2064,38.8],[16.2021,38.7896],[16.1938,38.7729],[16.1876,38.7625],[16.18,38.7521],[16.1719,38.7451],[16.1591,38.7375],[16.151,38.7309],[16.1427,38.726],[16.1365,38.725],[16.1302,38.7261],[16.126,38.7255],[16.1115,38.7172],[16.1031,38.7153],[16.0871,38.716]]]}},{"type":"Feature","properties":{"depth":-10},"geometry":{"type":"MultiLineString","coordinates":[[[16.5281,39.6972],[16.5313,39.7042],[16.5302,39.7134]]]}},{"type":"Feature","properties":{"depth":-10},"geometry":{"type":"MultiLineString","coordinates":[[[16.5194,39.7313],[16.5073,39.7402],[16.501,39.7457],[16.4936,39.7563],[16.4918,39.7646],[16.4923,39.7833],[16.4942,39.7917],[16.4984,39.8042],[16.5022,39.8125],[16.5073,39.8205],[16.525,39.8438],[16.5357,39.8563],[16.5531,39.874],[16.5719,39.8894],[16.5825,39.8958],[16.5969,39.9034],[16.6047,39.9104],[16.6101,39.9167],[16.6206,39.925],[16.6236,39.9292],[16.6323,39.9459],[16.6386,39.9646],[16.6369,39.9729],[16.6302,39.9833],[16.6241,39.9958],[16.6222,40.0021],[16.622,40.0167],[16.6191,40.0396],[16.6236,40.0646],[16.626,40.0703],[16.6323,40.0799],[16.6448,40.09],[16.6494,40.0958],[16.6543,40.1],[16.6677,40.1084],[16.6804,40.1187],[16.6927,40.1277],[16.7107,40.1437],[16.7236,40.1604],[16.7265,40.1688],[16.7302,40.1751],[16.7477,40.1917],[16.7514,40.1958],[16.763,40.2125],[16.7646,40.2167],[16.7636,40.225],[16.7649,40.2333],[16.7668,40.2375],[16.7734,40.2458],[16.7864,40.2708],[16.7898,40.2812],[16.7909,40.2875],[16.7948,40.2947],[16.8023,40.3021],[16.8094,40.3122],[16.8139,40.3167],[16.8219,40.3221],[16.8274,40.3271],[16.8385,40.3427],[16.8448,40.3535],[16.85,40.3578]]]}},{"type":"Feature","properties":{"depth":-10},"geometry":{"type":"MultiLineString","coordinates":[[[15.7463,39.9318],[15.7487,39.925],[15.7594,39.9104],[15.7684,39.9042],[15.7714,39.8958],[15.7759,39.8896],[15.7758,39.8854],[15.7719,39.8825],[15.7705,39.8792],[15.7695,39.8708],[15.7713,39.8687],[15.7812,39.8646],[15.7829,39.8583],[15.7805,39.8542],[15.7697,39.8417],[15.7673,39.8375],[15.7668,39.8333],[15.7721,39.8188],[15.7783,39.8104],[15.7812,39.8042],[15.7882,39.775],[15.7996,39.7437],[15.8019,39.7333],[15.8025,39.725],[15.8014,39.7167],[15.802,39.7062],[15.8006,39.6996]]]}},{"type":"Feature","properties":{"depth":-10},"geometry":{"type":"MultiLineString","coordinates":[[[16.85,41.1393],[16.8448,41.1402],[16.8385,41.1429],[16.8323,41.144],[16.8135,41.1493],[16.8031,41.153],[16.7877,41.1604],[16.7823,41.1621],[16.776,41.1617],[16.7604,41.1635]]]}},{"type":"Feature","properties":{"depth":-10},"geometry":{"type":"MultiLineString","coordinates":[[[16.7246,41.1708],[16.7219,41.1724],[16.7031,41.1774],[16.6927,41.1808],[16.6782,41.1874]]]}},{"type":"Feature","properties":{"depth":-10},"geometry":{"type":"MultiLineString","coordinates":[[[16.6384,41.1957],[16.626,41.1993],[16.6177,41.2009],[16.6115,41.2039],[16.601,41.2073],[16.5927,41.2129],[16.5823,41.2172],[16.5586,41.2257]]]}},{"type":"Feature","properties":{"depth":-10},"geometry":{"type":"MultiLineString","coordinates":[[[16.5302,41.2396],[16.5251,41.2437],[16.5135,41.2463],[16.4948,41.2544],[16.474,41.2609],[16.4582,41.2687],[16.4448,41.2787],[16.4338,41.2833],[16.4166,41.2938],[16.4073,41.3017],[16.3906,41.307],[16.3803,41.3125],[16.3677,41.3161],[16.3594,41.3207],[16.3469,41.3235],[16.3344,41.3303],[16.3163,41.3375],[16.3094,41.3392],[16.3031,41.3379],[16.2965,41.3396],[16.2906,41.3442],[16.2865,41.3453],[16.2719,41.3459],[16.2651,41.3479],[16.249,41.3565],[16.239,41.3625],[16.2198,41.372],[16.2135,41.3742],[16.1948,41.3777],[16.1802,41.3791],[16.1719,41.3812],[16.1608,41.3854],[16.1469,41.3931],[16.1357,41.3979],[16.124,41.4071],[16.1094,41.4138],[16.1003,41.4167],[16.0929,41.4208],[16.0787,41.4271],[16.0677,41.4302],[16.0573,41.4317],[16.046,41.4354],[16.0344,41.4426],[16.0219,41.448],[16.0115,41.4567],[16.0052,41.4683],[16.001,41.4712],[15.999,41.4703],[15.9973,41.4646],[15.9927,41.4594],[15.9885,41.4587],[15.9844,41.4602],[15.974,41.4662],[15.9685,41.4708],[15.9615,41.4813],[15.9601,41.4854],[15.9608,41.4896],[15.9635,41.4913],[15.9719,41.4921],[15.9844,41.4918],[15.9871,41.4937],[15.9855,41.5042],[15.9834,41.5083],[15.976,41.5147],[15.9594,41.523],[15.951,41.5291],[15.9499,41.5354],[15.9469,41.5379],[15.9385,41.5405],[15.9335,41.5458],[15.9348,41.5604],[15.9298,41.5688],[15.9383,41.5729],[15.9365,41.5792],[15.9389,41.5896],[15.943,41.5958],[15.9422,41.6],[15.9393,41.6021],[15.9381,41.6063],[15.9407,41.6125],[15.9448,41.6168],[15.9478,41.6229],[15.9538,41.6292],[15.9615,41.6315],[15.9732,41.6313],[15.9906,41.6278],[15.9948,41.6315],[16.0018,41.6437],[16.0061,41.6479],[16.0198,41.6535],[16.0296,41.6583],[16.0406,41.6616],[16.0635,41.672],[16.0719,41.678],[16.0781,41.681],[16.0925,41.6917],[16.1038,41.7021],[16.1094,41.7082],[16.1177,41.7135],[16.133,41.725],[16.1385,41.7281],[16.1439,41.7333],[16.1456,41.7375]]]}},{"type":"Feature","properties":{"depth":-5},"geometry":{"type":"MultiLineString","coordinates":[[[16.0139,37.9191],[16.0323,37.9196],[16.0427,37.9183],[16.048,37.9188],[16.0656,37.9228],[16.0896,37.9438],[16.1073,37.9625],[16.1198,37.9796],[16.124,37.9872],[16.1275,37.9979],[16.1324,38.0042],[16.1448,38.0253],[16.1472,38.0312],[16.1498,38.0479],[16.1527,38.0562],[16.1562,38.075],[16.1613,38.0938],[16.1615,38.0979],[16.1594,38.1035]]]}},{"type":"Feature","properties":{"depth":-5},"geometry":{"type":"MultiLineString","coordinates":[[[16.1857,38.1492],[16.1948,38.1562],[16.2177,38.1808],[16.2204,38.1854]]]}},{"type":"Feature","properties":{"depth":-5},"geometry":{"type":"MultiLineString","coordinates":[[[16.2531,38.2167],[16.2719,38.2354],[16.2781,38.2422],[16.2803,38.246]]]}},{"type":"Feature","properties":{"depth":-5},"geometry":{"type":"MultiLineString","coordinates":[[[16.3628,38.3055],[16.3677,38.3055],[16.3948,38.3134],[16.4219,38.3218],[16.434,38.3229],[16.4528,38.3312],[16.4607,38.3354]]]}},{"type":"Feature","properties":{"depth":-5},"geometry":{"type":"MultiLineString","coordinates":[[[16.5031,38.3625],[16.5111,38.3687],[16.5219,38.3782],[16.5287,38.3833],[16.5408,38.3937],[16.5656,38.4174],[16.5709,38.4241]]]}},{"type":"Feature","properties":{"depth":-5},"geometry":{"type":"MultiLineString","coordinates":[[[16.5844,38.4708],[16.584,38.4833],[16.5823,38.5068],[16.5797,38.5146],[16.5773,38.5375],[16.5776,38.5458],[16.5765,38.5521],[16.574,38.5555]]]}},{"type":"Feature","properties":{"depth":-5},"geometry":{"type":"MultiLineString","coordinates":[[[16.5646,38.6115],[16.5635,38.6229],[16.5615,38.6285]]]}},{"type":"Feature","properties":{"depth":-5},"geometry":{"type":"MultiLineString","coordinates":[[[15.8715,38.6726],[15.8635,38.668],[15.8556,38.6646],[15.8493,38.6604]]]}},{"type":"Feature","properties":{"depth":-5},"geometry":{"type":"MultiLineString","coordinates":[[[16.1242,38.7227],[16.1135,38.7156],[16.1052,38.7133],[16.1005,38.7131]]]}},{"type":"Feature","properties":{"depth":-5},"geometry":{"type":"MultiLineString","coordinates":[[[16.1552,38.7315],[16.1469,38.7253],[16.1365,38.7224],[16.1302,38.7243],[16.1272,38.7239]]]}},{"type":"Feature","properties":{"depth":-5},"geometry":{"type":"MultiLineString","coordinates":[[[16.5734,38.7609],[16.5749,38.7687],[16.577,38.7729],[16.5844,38.7811],[16.599,38.7959],[16.6014,38.8024]]]}},{"type":"Feature","properties":{"depth":-5},"geometry":{"type":"MultiLineString","coordinates":[[[16.201,38.7823],[16.1956,38.7708],[16.1852,38.7542],[16.176,38.745],[16.1669,38.7396]]]}},{"type":"Feature","properties":{"depth":-5},"geometry":{"type":"MultiLineString","coordinates":[[[16.6457,38.828],[16.6676,38.8396]]]}},{"type":"Feature","properties":{"depth":-5},"geometry":{"type":"MultiLineString","coordinates":[[[16.7624,38.8884],[16.7695,38.8896],[16.7885,38.8969],[16.8219,38.9073],[16.85,38.9143]]]}},{"type":"Feature","properties":{"depth":-5},"geometry":{"type":"MultiLineString","coordinates":[[[16.1637,38.946],[16.174,38.943],[16.1806,38.9375],[16.1927,38.9289],[16.2094,38.9209],[16.2141,38.9125],[16.2158,38.9],[16.2162,38.8875],[16.219,38.8563],[16.2188,38.8479],[16.2167,38.8292],[16.2108,38.8056]]]}},{"type":"Feature","properties":{"depth":-5},"geometry":{"type":"MultiLineString","coordinates":[[[16.1046,39.0229],[16.1106,39.0167],[16.1177,39.0071],[16.1327,38.9896],[16.1358,38.9854],[16.1462,38.9667],[16.151,38.9556],[16.1552,38.95],[16.1633,38.9461]]]}},{"type":"Feature","properties":{"depth":-5},"geometry":{"type":"MultiLineString","coordinates":[[[16.0687,39.1261],[16.0752,39.1083],[16.0781,39.0974],[16.0814,39.0896],[16.0844,39.0761],[16.0874,39.0667],[16.0906,39.0534],[16.0936,39.0458],[16.0969,39.0344]]]}},{"type":"Feature","properties":{"depth":-5},"geometry":{"type":"MultiLineString","coordinates":[[[16.0622,39.1805],[16.0625,39.1604],[16.0646,39.1479],[16.0656,39.1362]]]}},{"type":"Feature","properties":{"depth":-5},"geometry":{"type":"MultiLineString","coordinates":[[[16.0586,39.2236],[16.0594,39.2051]]]}},{"type":"Feature","properties":{"depth":-5},"geometry":{"type":"MultiLineString","coordinates":[[[16.0441,39.309],[16.051,39.2931]]]}},{"type":"Feature","properties":{"depth":-5},"geometry":{"type":"MultiLineString","coordinates":[[[16.0306,39.3559],[16.0334,39.35],[16.0385,39.3312]]]}},{"type":"Feature","properties":{"depth":-5},"geometry":{"type":"MultiLineString","coordinates":[[[16.85,39.5542],[16.8406,39.5609],[16.8309,39.5708],[16.8268,39.5771],[16.8219,39.5868],[16.8175,39.5917],[16.8011,39.6021],[16.7901,39.6067]]]}},{"type":"Feature","properties":{"depth":-5},"geometry":{"type":"MultiLineString","coordinates":[[[15.8933,39.5375],[15.9031,39.5347],[15.9073,39.5324],[15.9177,39.5227],[15.926,39.5193],[15.9336,39.5125],[15.9463,39.4958],[15.9573,39.4778],[15.9594,39.4753],[15.9812,39.4562],[15.9921,39.4417],[16.0004,39.4271],[16.0094,39.4061],[16.0125,39.4],[16.026,39.3672]]]}},{"type":"Feature","properties":{"depth":-5},"geometry":{"type":"MultiLineString","coordinates":[[[15.8038,39.6965],[15.8094,39.6923],[15.8121,39.6875],[15.8137,39.6771],[15.8156,39.6733],[15.821,39.6688],[15.8265,39.6625],[15.8389,39.6271],[15.8499,39.6083],[15.8559,39.5938],[15.8594,39.5835],[15.8664,39.5688],[15.8698,39.5595],[15.8735,39.5521],[15.8802,39.5451]]]}},{"type":"Feature","properties":{"depth":-5},"geometry":{"type":"MultiLineString","coordinates":[[[15.7781,39.8479],[15.7719,39.8407],[15.7692,39.8354],[15.7698,39.8315],[15.776,39.8176],[15.7811,39.8125],[15.7853,39.8021],[15.7906,39.7779],[15.7948,39.7651],[15.8019,39.7458],[15.8051,39.7313],[15.8054,39.725],[15.8037,39.7146],[15.805,39.7062],[15.8026,39.7]]]}},{"type":"Feature","properties":{"depth":-5},"geometry":{"type":"MultiLineString","coordinates":[[[15.7718,39.8709],[15.7823,39.8674],[15.7859,39.8625],[15.7859,39.8583],[15.7837,39.8542],[15.7782,39.848]]]}},{"type":"Feature","properties":{"depth":-5},"geometry":{"type":"MultiLineString","coordinates":[[[16.5669,39.8972],[16.5816,39.9021],[16.5902,39.9062],[16.6128,39.9271],[16.618,39.9333],[16.6232,39.9417],[16.6302,39.9512],[16.6344,39.9625],[16.6347,39.9667],[16.632,39.9729],[16.6254,39.9813],[16.6212,39.9896],[16.6177,40.0],[16.6167,40.0146],[16.6131,40.0333],[16.611,40.0417],[16.6134,40.0521],[16.6146,40.0646],[16.6176,40.075],[16.6233,40.0833],[16.6281,40.0883],[16.6429,40.1021],[16.6603,40.1146],[16.6885,40.1355],[16.7013,40.1479],[16.7158,40.1667],[16.7223,40.1771],[16.7445,40.2],[16.752,40.2146],[16.7581,40.2375],[16.7626,40.2458],[16.7677,40.2531],[16.7779,40.2708],[16.7829,40.2833],[16.7856,40.2917],[16.7906,40.3001],[16.7969,40.3066],[16.8067,40.3188],[16.8206,40.3292],[16.8398,40.3563],[16.8471,40.3625],[16.85,40.3658]]]}},{"type":"Feature","properties":{"depth":-5},"geometry":{"type":"MultiLineString","coordinates":[[[15.7717,39.9022],[15.7743,39.8958],[15.7782,39.8917],[15.7797,39.8854],[15.7781,39.8819],[15.774,39.8797],[15.7715,39.8746]]]}},{"type":"Feature","properties":{"depth":-5},"geometry":{"type":"MultiLineString","coordinates":[[[16.8368,41.1379],[16.8135,41.1437],[16.7969,41.1507],[16.7829,41.1578]]]}},{"type":"Feature","properties":{"depth":-5},"geometry":{"type":"MultiLineString","coordinates":[[[16.4647,41.2583],[16.449,41.2665],[16.4448,41.2706]]]}},{"type":"Feature","properties":{"depth":-5},"geometry":{"type":"MultiLineString","coordinates":[[[16.4427,41.2729],[16.4365,41.2761],[16.4281,41.2782],[16.4198,41.2858],[16.4035,41.2917],[16.3698,41.3059],[16.3552,41.3124],[16.334,41.3188],[16.3135,41.3261],[16.3073,41.3274],[16.2948,41.3328],[16.2906,41.3335],[16.2823,41.3322],[16.274,41.3334],[16.2635,41.3365],[16.249,41.3432],[16.2385,41.3491],[16.2198,41.3627],[16.2094,41.3672],[16.199,41.3681],[16.1906,41.3701],[16.176,41.3703],[16.1698,41.3713],[16.1635,41.3741],[16.149,41.383],[16.1414,41.3846]]]}},{"type":"Feature","properties":{"depth":-5},"geometry":{"type":"MultiLineString","coordinates":[[[16.1364,41.3875],[16.1341,41.3896],[16.1219,41.3967],[16.1073,41.4024],[16.0844,41.4092],[16.074,41.4158],[16.0676,41.4188],[16.0448,41.4248],[16.0302,41.4305],[16.0219,41.433],[16.0128,41.4375],[16.0052,41.4428],[15.9865,41.4468],[15.9719,41.4558],[15.9635,41.4588],[15.9552,41.4679],[15.9487,41.4729],[15.9433,41.4813],[15.9384,41.4917],[15.9311,41.4979],[15.9255,41.5042],[15.911,41.5292],[15.9072,41.5375],[15.9048,41.5479],[15.9029,41.5625],[15.8992,41.5729],[15.9001,41.5896],[15.9049,41.6063],[15.9095,41.6125],[15.924,41.6209]]]}},{"type":"Feature","properties":{"depth":-5},"geometry":{"type":"MultiLineString","coordinates":[[[15.95,41.6407],[15.9552,41.6403],[15.9602,41.6417],[15.9781,41.6498],[15.9906,41.6585],[16.0135,41.6654],[16.024,41.67],[16.0365,41.6728],[16.0406,41.6744],[16.051,41.6826],[16.0573,41.6855],[16.0623,41.6904]]]}},{"type":"Feature","properties":{"depth":-5},"geometry":{"type":"MultiLineString","coordinates":[[[16.0677,41.6944],[16.0802,41.7039],[16.0906,41.7127],[16.0969,41.7157],[16.1031,41.7212],[16.1147,41.7292]]]}},{"type":"Feature","properties":{"depth":-1000},"geometry":{"type":"MultiLineString","coordinates":[[[15.2547,37.55],[15.2545,37.5562],[15.2583,37.5628],[15.2625,37.5644],[15.275,37.5625],[15.2833,37.5668],[15.2856,37.5708],[15.2839,37.5771],[15.2776,37.5896],[15.2775,37.5938],[15.2896,37.6082],[15.2937,37.6123],[15.2979,37.6211],[15.3021,37.6229],[15.3125,37.6246],[15.3165,37.6271],[15.3206,37.6354],[15.3265,37.6437],[15.3262,37.6458],[15.3157,37.6583],[15.3117,37.6708],[15.3133,37.6875],[15.3173,37.6958],[15.3157,37.7083],[15.3165,37.7125],[15.3267,37.7167],[15.3417,37.7195],[15.35,37.7243],[15.3583,37.7258],[15.369,37.7292],[15.3697,37.7333],[15.3665,37.7375],[15.3588,37.7437],[15.3585,37.75],[15.3551,37.7625],[15.3475,37.7687],[15.3371,37.7729],[15.329,37.7792],[15.3276,37.7833],[15.3317,37.7938],[15.3365,37.8021],[15.3396,37.8051],[15.3458,37.8053],[15.3542,37.8096],[15.3604,37.8102],[15.3663,37.8125],[15.3636,37.8167],[15.3557,37.8208],[15.3546,37.8229],[15.3576,37.8312],[15.3792,37.8334],[15.3875,37.8297],[15.3908,37.8312],[15.3855,37.8396],[15.379,37.8458],[15.3724,37.8542],[15.375,37.8562],[15.3896,37.8511],[15.3958,37.8503],[15.3991,37.8521],[15.3974,37.8583],[15.4031,37.8625],[15.4003,37.8667],[15.4025,37.8729],[15.4011,37.8771],[15.3959,37.8833],[15.3973,37.8896],[15.4042,37.8903],[15.4146,37.8849],[15.4189,37.8896],[15.4208,37.8964],[15.4297,37.9],[15.4307,37.9083],[15.4337,37.9125],[15.446,37.9229],[15.4509,37.9333],[15.4545,37.9375],[15.4603,37.9521],[15.4634,37.9562],[15.4666,37.9646],[15.4774,37.9771],[15.4808,37.9833],[15.4815,37.9937],[15.4854,38.003],[15.4957,38.0104],[15.505,38.0229],[15.5135,38.0292],[15.5188,38.0349],[15.525,38.0391],[15.5304,38.05],[15.5375,38.0563],[15.55,38.0639],[15.5541,38.0688],[15.5563,38.0738],[15.5604,38.0767],[15.5699,38.0708],[15.5724,38.0646],[15.5726,38.0562],[15.575,38.0529],[15.5833,38.0479],[15.5844,38.0438],[15.5818,38.0354],[15.5842,38.0312],[15.5912,38.025],[15.5922,38.0208],[15.59,38.0083],[15.5928,37.9958],[15.5977,37.9896],[15.598,37.9813],[15.6042,37.9778],[15.609,37.9688],[15.62,37.9625],[15.6417,37.9455],[15.6505,37.9333],[15.6616,37.9229],[15.6856,37.9062],[15.6979,37.8905],[15.7021,37.8894],[15.7083,37.8904],[15.7146,37.8885],[15.7208,37.881],[15.7271,37.8795],[15.7354,37.882],[15.7447,37.8729],[15.7479,37.8667],[15.7521,37.865],[15.7583,37.8678],[15.7646,37.8635],[15.7708,37.8635],[15.7771,37.865],[15.7875,37.8582],[15.8,37.8605],[15.8083,37.8679],[15.8125,37.8691],[15.8167,37.8667],[15.8229,37.8585],[15.8271,37.8584],[15.8333,37.8651],[15.8375,37.8659],[15.8458,37.8609],[15.85,37.8603],[15.8604,37.8614],[15.8667,37.8641],[15.875,37.8729],[15.8792,37.8746],[15.8896,37.8718],[15.8979,37.8758],[15.9038,37.8708],[15.9187,37.8635],[15.9313,37.8605],[15.9437,37.8598],[15.9479,37.8582],[15.9527,37.8521],[15.9604,37.8473],[15.9708,37.8463],[15.9771,37.8418],[15.9896,37.8368],[15.9938,37.8366],[16.0,37.8398],[16.0042,37.8393],[16.0104,37.834],[16.0188,37.8329],[16.0271,37.8342],[16.0396,37.8327],[16.05,37.8353],[16.0646,37.8349],[16.0771,37.8333],[16.0896,37.8295],[16.1042,37.8319],[16.1208,37.8383],[16.1313,37.8437],[16.1396,37.8496],[16.15,37.8539],[16.1633,37.8646],[16.1771,37.8717],[16.1854,37.8747],[16.1927,37.8792],[16.2,37.8858],[16.2076,37.8896],[16.2109,37.8937],[16.2146,37.9013],[16.2188,37.9031],[16.225,37.9023],[16.2333,37.9077],[16.2382,37.9146],[16.2409,37.9208],[16.2523,37.9292],[16.254,37.9333],[16.2498,37.9438],[16.2512,37.95],[16.2505,37.9583],[16.2523,37.9646],[16.2502,37.9708],[16.2496,37.9813],[16.2465,37.9917],[16.247,37.9958],[16.2542,38.0031],[16.2583,38.0042],[16.2625,38.0084],[16.262,38.0187],[16.2639,38.0271],[16.2624,38.0333],[16.2676,38.0458],[16.275,38.048],[16.2833,38.0418],[16.2875,38.04],[16.2937,38.0416],[16.2998,38.0479],[16.2999,38.0542],[16.2891,38.0667],[16.2855,38.0729],[16.2875,38.0739],[16.3,38.0728],[16.3032,38.075],[16.3035,38.0792],[16.2981,38.0958],[16.2984,38.1],[16.3021,38.1034],[16.3074,38.0979],[16.3167,38.0947],[16.3208,38.0943],[16.3275,38.0979],[16.3281,38.1021],[16.3253,38.1104],[16.3279,38.1146],[16.3365,38.1208],[16.3393,38.125],[16.3407,38.1333],[16.3458,38.1384],[16.3583,38.1431],[16.3646,38.1421],[16.3712,38.1375],[16.3771,38.1308],[16.3833,38.1296],[16.387,38.1313],[16.3838,38.1437],[16.3854,38.1455],[16.4125,38.151],[16.4175,38.1562],[16.4154,38.1604],[16.4062,38.1664],[16.4021,38.1707],[16.3909,38.1875],[16.3882,38.1958],[16.388,38.2021],[16.3917,38.206],[16.3958,38.2056],[16.4125,38.1977],[16.4187,38.1966],[16.4229,38.1978],[16.4322,38.2062],[16.4458,38.2162],[16.4542,38.2246],[16.4625,38.2303],[16.4708,38.2336],[16.4854,38.2356],[16.4935,38.2417],[16.5021,38.2414],[16.5062,38.2437],[16.5079,38.2479],[16.5104,38.2625],[16.5167,38.2688],[16.5229,38.2688],[16.525,38.2673],[16.5312,38.2567],[16.5354,38.2518],[16.5604,38.2546],[16.5708,38.255],[16.5813,38.2567],[16.6062,38.2581],[16.6208,38.2567],[16.6313,38.2564],[16.6562,38.2585],[16.6708,38.2611],[16.6779,38.2646],[16.6896,38.2734],[16.7,38.2776],[16.7188,38.2795],[16.7396,38.2791],[16.7437,38.2823],[16.7479,38.2916],[16.75,38.2931],[16.7557,38.2833],[16.7583,38.276],[16.7667,38.2743],[16.7771,38.2758],[16.8,38.2777],[16.8188,38.283],[16.8292,38.2867],[16.8458,38.2896],[16.85,38.29]]]}},{"type":"Feature","properties":{"depth":-1000},"geometry":{"type":"MultiLineString","coordinates":[[[11.6595,38.3542],[11.6667,38.3498],[11.675,38.3484],[11.6875,38.3481],[11.6958,38.3471],[11.7396,38.3374],[11.7468,38.3312],[11.7511,38.3229],[11.7562,38.3092],[11.7627,38.2958],[11.7653,38.2875],[11.7637,38.275],[11.7646,38.2708],[11.7708,38.2603],[11.775,38.2553],[11.7771,38.2554],[11.7782,38.2646],[11.7804,38.2687],[11.7875,38.2757],[11.7929,38.2792],[11.8003,38.2875],[11.8167,38.319],[11.8257,38.3375],[11.8292,38.3417],[11.8375,38.3474],[11.8458,38.3503],[11.8625,38.3502],[11.8708,38.3509],[11.8765,38.3542]]]}},{"type":"Feature","properties":{"depth":-1000},"geometry":{"type":"MultiLineString","coordinates":[[[12.4931,38.3542],[12.4839,38.3396],[12.4772,38.3271],[12.4688,38.3198],[12.4604,38.3169],[12.45,38.3167],[12.4437,38.3101],[12.4375,38.3088],[12.4271,38.3024],[12.4208,38.3019],[12.4125,38.3074],[12.41,38.3188],[12.4131,38.3292],[12.3996,38.3417],[12.3938,38.3434],[12.3771,38.3373],[12.3604,38.3246],[12.3553,38.3167],[12.3303,38.2979],[12.3265,38.2896],[12.325,38.2833],[12.3276,38.2708],[12.3245,38.2646],[12.3243,38.2521],[12.321,38.2458],[12.3146,38.2422],[12.3111,38.2354],[12.3098,38.2271],[12.3108,38.2208],[12.3094,38.2167],[12.2965,38.2062],[12.2896,38.1956],[12.2833,38.1896],[12.2858,38.1812],[12.284,38.1771],[12.275,38.1767],[12.2633,38.1812],[12.2542,38.1864],[12.2354,38.1958],[12.2228,38.2042],[12.2146,38.2081],[12.2021,38.2099],[12.1896,38.2075],[12.1771,38.1993],[12.1729,38.1983],[12.1646,38.2006],[12.1494,38.2125],[12.1375,38.2189],[12.1292,38.2209],[12.1208,38.2216],[12.1125,38.221],[12.1042,38.2187],[12.0958,38.2148],[12.0729,38.1986],[12.0646,38.1984],[12.0611,38.2021],[12.0604,38.2062],[12.0563,38.2091],[12.05,38.2058],[12.0458,38.206],[12.0417,38.2086],[12.0377,38.2146],[12.0312,38.2182],[12.026,38.2229],[12.0229,38.229],[12.0146,38.2344],[12.0038,38.2437],[12.0007,38.25],[11.9973,38.2625],[11.9946,38.2646],[11.9854,38.2678],[11.9729,38.2696],[11.9667,38.2661],[11.9647,38.2625],[11.964,38.2542],[11.9609,38.2396],[11.9561,38.2313],[11.9533,38.2208],[11.95,38.2152],[11.9458,38.2112],[11.9271,38.2023],[11.9104,38.1973],[11.8997,38.1896],[11.8922,38.1812],[11.8897,38.1771],[11.8882,38.1688],[11.8898,38.1562],[11.8917,38.153],[11.8989,38.1479],[11.9012,38.1437],[11.9008,38.1333],[11.8958,38.1292],[11.8833,38.1235],[11.8729,38.1196],[11.8604,38.1168],[11.8411,38.1104],[11.8354,38.1074],[11.8156,38.1],[11.8116,38.0979],[11.8063,38.088],[11.8,38.0839],[11.7896,38.0838],[11.7812,38.0869],[11.7688,38.0879],[11.7625,38.0942],[11.7562,38.0971],[11.7521,38.0966],[11.7458,38.0884],[11.7417,38.0849],[11.7333,38.0837],[11.7261,38.0875],[11.7292,38.0959],[11.7333,38.1021],[11.7396,38.1043],[11.7521,38.1039],[11.7522,38.1104],[11.7497,38.1167],[11.7458,38.1216],[11.7365,38.1292],[11.7343,38.1333],[11.734,38.1437],[11.7371,38.1542],[11.7419,38.1625],[11.7431,38.1667],[11.7396,38.175],[11.7226,38.1938],[11.7101,38.2042],[11.7017,38.2125],[11.7028,38.2167],[11.7125,38.2226],[11.7221,38.2229],[11.7243,38.225],[11.7208,38.2313],[11.7162,38.2437],[11.716,38.2479],[11.719,38.2521],[11.73,38.2583],[11.7313,38.2625],[11.7292,38.2662],[11.7229,38.2702],[11.7083,38.2681],[11.6998,38.2771],[11.6973,38.2875],[11.6941,38.2917],[11.6869,38.2979],[11.6792,38.3019],[11.6604,38.3026],[11.65,38.3023]]]}},{"type":"Feature","properties":{"depth":-1000},"geometry":{"type":"MultiLineString","coordinates":[[[12.8418,38.3542],[12.8394,38.35],[12.8313,38.3451],[12.8187,38.3428],[12.8066,38.3354],[12.8,38.3239],[12.7958,38.3191],[12.7875,38.3191],[12.7688,38.3236],[12.7604,38.3243],[12.7521,38.3185],[12.7438,38.3158],[12.7406,38.3104],[12.7435,38.3],[12.7424,38.2958],[12.7337,38.2875],[12.7318,38.2812],[12.7335,38.2708],[12.7446,38.2604],[12.7447,38.2542],[12.7417,38.2522],[12.7292,38.2495],[12.722,38.2417],[12.7083,38.2296],[12.7042,38.2286],[12.6979,38.2319],[12.6875,38.2326],[12.6822,38.2271],[12.6792,38.2206],[12.6771,38.2199],[12.6625,38.2228],[12.6521,38.2211],[12.6438,38.2157],[12.6354,38.217],[12.6195,38.2292],[12.6096,38.2375],[12.6086,38.2396],[12.6093,38.25],[12.608,38.2542],[12.5997,38.2687],[12.5917,38.2791],[12.5853,38.3],[12.5826,38.3042],[12.5681,38.3208],[12.5663,38.325],[12.5657,38.3479],[12.5639,38.3542]]]}},{"type":"Feature","properties":{"depth":-1000},"geometry":{"type":"MultiLineString","coordinates":[[[13.0437,38.3542],[13.0417,38.3471],[13.0333,38.3463],[13.0271,38.3397],[13.0188,38.3407],[13.0104,38.3448],[13.0062,38.343],[13.0,38.3366],[12.9989,38.3312],[13.0006,38.325],[12.9985,38.3208],[12.9875,38.3128],[12.9812,38.3101],[12.9604,38.3057],[12.95,38.2984],[12.9375,38.2958],[12.9264,38.2833],[12.9213,38.2729],[12.9142,38.2667],[12.8998,38.25],[12.8938,38.2364],[12.8854,38.2311],[12.8792,38.2249],[12.868,38.225],[12.8656,38.2188],[12.8625,38.2169],[12.8542,38.216],[12.8418,38.2188],[12.8384,38.2208],[12.8333,38.2269],[12.8187,38.2302],[12.8125,38.2337],[12.8104,38.2375],[12.8112,38.2417],[12.8181,38.2458],[12.8333,38.2513],[12.8436,38.2583],[12.8485,38.2646],[12.8509,38.2708],[12.856,38.2771],[12.8729,38.2907],[12.8813,38.3021],[12.8829,38.3062],[12.8806,38.3125],[12.8816,38.3167],[12.8856,38.3229],[12.8894,38.3354],[12.8958,38.3417],[12.9062,38.3492],[12.9094,38.3542]]]}},{"type":"Feature","properties":{"depth":-1000},"geometry":{"type":"MultiLineString","coordinates":[[[14.9129,38.3542],[14.9178,38.3438],[14.9221,38.3375],[14.9375,38.3223],[14.9437,38.3206],[14.9563,38.3189],[14.9636,38.3146],[14.9666,38.3083],[14.9735,38.3042],[14.9771,38.2973],[14.9812,38.2945],[14.9875,38.2933],[14.994,38.2854],[14.9905,38.2792],[14.9902,38.275],[14.9923,38.2667],[14.9917,38.2642],[14.9812,38.2698],[14.9771,38.2709],[14.9729,38.2693],[14.9692,38.2646],[14.9688,38.2583],[14.9667,38.2568],[14.9583,38.2583],[14.9557,38.2563],[14.9551,38.25],[14.95,38.2461],[14.9437,38.2467],[14.9375,38.2447],[14.9313,38.2478],[14.925,38.2415],[14.9187,38.2395],[14.9125,38.2442],[14.9,38.2486],[14.8938,38.2395],[14.8896,38.2393],[14.8812,38.2422],[14.875,38.2378],[14.8688,38.2355],[14.8629,38.2396],[14.8604,38.2437],[14.8581,38.2521],[14.8542,38.2573],[14.85,38.2584],[14.8417,38.255],[14.8379,38.25],[14.8389,38.2458],[14.8441,38.2354],[14.8442,38.2313],[14.8417,38.2301],[14.8271,38.2331],[14.8187,38.2387],[14.8125,38.235],[14.8104,38.2363],[14.8063,38.2446],[14.8,38.2484],[14.7937,38.2446],[14.7896,38.2455],[14.7792,38.2545],[14.7729,38.2564],[14.7625,38.2555],[14.7606,38.2521],[14.7645,38.2396],[14.7604,38.2374],[14.75,38.24],[14.7438,38.2385],[14.7387,38.2313],[14.7354,38.2291],[14.7208,38.2276],[14.7146,38.2293],[14.7042,38.2287],[14.6875,38.2352],[14.6813,38.2356],[14.6729,38.2326],[14.6687,38.2291],[14.6583,38.229],[14.6509,38.225],[14.6532,38.2188],[14.65,38.217],[14.6388,38.2167],[14.6333,38.211],[14.6208,38.2119],[14.6083,38.2095],[14.5961,38.2042],[14.5868,38.1979],[14.5876,38.1938],[14.5778,38.1875],[14.5646,38.1839],[14.5521,38.1827],[14.5312,38.1873],[14.5208,38.1874],[14.5125,38.1905],[14.5,38.1884],[14.4914,38.1854],[14.4877,38.1812],[14.4812,38.1791],[14.4604,38.1761],[14.45,38.1709],[14.4292,38.1675],[14.4229,38.1655],[14.4083,38.1664],[14.4021,38.1678],[14.3896,38.1687],[14.3729,38.1722],[14.3583,38.1728],[14.3479,38.1711],[14.3333,38.1754],[14.3208,38.1754],[14.3104,38.1743],[14.2958,38.1741],[14.2771,38.1716],[14.2604,38.1744],[14.25,38.174],[14.2333,38.1706],[14.2271,38.1667],[14.2244,38.1604],[14.2188,38.1542],[14.2146,38.1518],[14.2104,38.152],[14.1979,38.1562],[14.193,38.1604],[14.1854,38.1691],[14.1792,38.171],[14.1667,38.1722],[14.1605,38.1708],[14.1618,38.1667],[14.1699,38.1604],[14.1707,38.1562],[14.1688,38.1521],[14.1713,38.1458],[14.1674,38.1396],[14.1646,38.1302],[14.1562,38.125],[14.1458,38.1217],[14.1417,38.1219],[14.1333,38.1249],[14.1083,38.1304],[14.1,38.1315],[14.0877,38.1396],[14.0837,38.1437],[14.0792,38.1522],[14.0667,38.1567],[14.0563,38.1577],[14.0479,38.1561],[14.0417,38.1531],[14.025,38.15],[14.0125,38.1495],[13.9958,38.1467],[13.9792,38.1446],[13.9688,38.142],[13.9583,38.1375],[13.95,38.136],[13.9437,38.1378],[13.9208,38.139],[13.9104,38.138],[13.9021,38.1361],[13.8856,38.1292],[13.8851,38.125],[13.891,38.1187],[13.8875,38.1174],[13.8771,38.1166],[13.8708,38.1171],[13.8604,38.1124],[13.8458,38.1123],[13.8271,38.1165],[13.8167,38.1198],[13.8109,38.125],[13.8075,38.1313],[13.8042,38.1341],[13.7854,38.1377],[13.7792,38.1428],[13.7708,38.1432],[13.7616,38.1521],[13.7567,38.1646],[13.7518,38.1729],[13.7505,38.1792],[13.7458,38.1832],[13.7354,38.1837],[13.7292,38.1856],[13.7167,38.1835],[13.7063,38.1807],[13.6958,38.1813],[13.6813,38.1768],[13.6771,38.1765],[13.6641,38.1833],[13.6583,38.1846],[13.654,38.1812],[13.657,38.1688],[13.6521,38.1631],[13.6417,38.1657],[13.6354,38.1632],[13.6167,38.167],[13.6083,38.1705],[13.6045,38.175],[13.6028,38.1917],[13.5917,38.1937],[13.5854,38.1975],[13.5771,38.198],[13.5687,38.2008],[13.5612,38.1979],[13.5542,38.1912],[13.5375,38.1887],[13.5257,38.1812],[13.5208,38.1769],[13.5042,38.1747],[13.5,38.1766],[13.4935,38.1833],[13.4933,38.1938],[13.4917,38.2028],[13.4875,38.2048],[13.4792,38.1985],[13.475,38.1984],[13.4688,38.2008],[13.4625,38.199],[13.4542,38.1989],[13.4458,38.2021],[13.4376,38.2146],[13.4395,38.2188],[13.4455,38.225],[13.4437,38.2283],[13.4272,38.2333],[13.4278,38.2354],[13.4417,38.2437],[13.4453,38.2479],[13.4441,38.2521],[13.4396,38.2545],[13.4229,38.256],[13.4184,38.2583],[13.4188,38.2625],[13.4234,38.2667],[13.4268,38.2729],[13.4318,38.2771],[13.4417,38.2799],[13.446,38.2833],[13.4507,38.2958],[13.449,38.3021],[13.449,38.3083],[13.4471,38.3125],[13.4396,38.3183],[13.4271,38.3248],[13.4208,38.3261],[13.4125,38.3257],[13.4062,38.324],[13.3958,38.3172],[13.3896,38.316],[13.3833,38.3184],[13.3729,38.3161],[13.3625,38.3169],[13.3479,38.3162],[13.3354,38.3126],[13.3271,38.3112],[13.3157,38.3188],[13.3168,38.325],[13.3229,38.3318],[13.331,38.3438],[13.3319,38.3542]]]}},{"type":"Feature","properties":{"depth":-500},"geometry":{"type":"MultiLineString","coordinates":[[[15.2106,37.55],[15.2146,37.5507],[15.2272,37.5583],[15.2312,37.5624],[15.235,37.5688],[15.2365,37.5771],[15.235,37.5812],[15.2259,37.5875],[15.225,37.594],[15.2291,37.6],[15.2312,37.6146],[15.2282,37.6271],[15.2234,37.6333],[15.2209,37.6396],[15.2228,37.6458],[15.235,37.6667],[15.2479,37.684],[15.2521,37.6862],[15.2583,37.6839],[15.2625,37.6851],[15.2706,37.6938],[15.2753,37.7062],[15.2771,37.7208],[15.2806,37.7271],[15.2958,37.7395],[15.3,37.7414],[15.3146,37.7442],[15.3174,37.7458],[15.314,37.7563],[15.3083,37.7607],[15.3042,37.7612],[15.2854,37.7578],[15.2827,37.7583],[15.2879,37.7687],[15.2872,37.775],[15.2757,37.7833],[15.2735,37.7875],[15.2812,37.7966],[15.2919,37.8021],[15.3004,37.8125],[15.3063,37.8161],[15.312,37.8229],[15.3098,37.8333],[15.3171,37.8417],[15.3189,37.85],[15.3191,37.8563],[15.321,37.8604],[15.3285,37.8708],[15.3329,37.875],[15.3542,37.8912],[15.3587,37.8958],[15.3701,37.9042],[15.3729,37.913],[15.3865,37.925],[15.4042,37.9458],[15.4221,37.9646],[15.438,37.9833],[15.4501,38.0021],[15.4606,38.0167],[15.4708,38.0255],[15.4847,38.0396],[15.4958,38.0484],[15.5003,38.0542],[15.5093,38.0625],[15.5166,38.0708],[15.5244,38.0812],[15.533,38.1021],[15.5375,38.1085],[15.5439,38.1146],[15.547,38.1229],[15.5623,38.1354],[15.5667,38.142],[15.5708,38.144],[15.5833,38.155],[15.5938,38.16],[15.6021,38.159],[15.6052,38.1562],[15.6036,38.1437],[15.5982,38.1375],[15.5971,38.1292],[15.6042,38.1229],[15.6104,38.1232],[15.6134,38.1187],[15.6102,38.1125],[15.6106,38.0958],[15.6134,38.0875],[15.6142,38.0771],[15.619,38.0667],[15.6199,38.0604],[15.6291,38.0542],[15.6276,38.0479],[15.6207,38.0417],[15.6176,38.0312],[15.6171,38.0187],[15.6233,38.0042],[15.6268,37.9917],[15.6247,37.9833],[15.6354,37.9755],[15.6396,37.9738],[15.6449,37.9688],[15.6474,37.9604],[15.6521,37.9551],[15.6625,37.951],[15.6667,37.9464],[15.6815,37.9354],[15.685,37.9312],[15.6865,37.925],[15.696,37.9208],[15.7045,37.9146],[15.7146,37.9118],[15.7208,37.9115],[15.7292,37.9064],[15.7333,37.9063],[15.7396,37.9092],[15.7438,37.909],[15.7489,37.9042],[15.7521,37.8973],[15.7604,37.8933],[15.7708,37.8927],[15.775,37.8877],[15.7812,37.8879],[15.7917,37.8859],[15.7979,37.8945],[15.8021,37.8978],[15.8063,37.8978],[15.8187,37.8876],[15.825,37.8852],[15.8354,37.8892],[15.8396,37.8889],[15.8458,37.8826],[15.85,37.8821],[15.8622,37.8917],[15.8666,37.8979],[15.8771,37.8974],[15.8854,37.898],[15.8917,37.8946],[15.8958,37.8941],[15.9208,37.9006],[15.924,37.8979],[15.924,37.8875],[15.9264,37.8833],[15.9333,37.8819],[15.9437,37.8826],[15.9542,37.8882],[15.9583,37.8884],[15.9604,37.8861],[15.9647,37.8729],[15.9688,37.8704],[15.9812,37.8728],[15.9833,37.8718],[15.9875,37.8638],[15.9917,37.8632],[16.0021,37.8705],[16.0063,37.87],[16.0167,37.8601],[16.0229,37.858],[16.0417,37.8581],[16.0542,37.856],[16.075,37.8565],[16.0938,37.8608],[16.1208,37.871],[16.1283,37.875],[16.133,37.8792],[16.1521,37.8998],[16.1646,37.9093],[16.1771,37.9167],[16.1867,37.925],[16.194,37.9354],[16.1993,37.9542],[16.2063,37.9616],[16.2146,37.9646],[16.2186,37.9708],[16.2189,37.9771],[16.2162,37.9854],[16.2157,37.9979],[16.2183,38.0104],[16.2229,38.0161],[16.23,38.0208],[16.2295,38.0292],[16.2255,38.0375],[16.2293,38.0479],[16.229,38.0562],[16.2308,38.0646],[16.2302,38.0688],[16.223,38.0771],[16.2205,38.0833],[16.2281,38.0917],[16.2318,38.1021],[16.2374,38.1104],[16.2354,38.112],[16.225,38.1134],[16.2158,38.1167],[16.2188,38.1229],[16.2331,38.1313],[16.2374,38.1375],[16.2417,38.1396],[16.2522,38.15],[16.2521,38.1562],[16.255,38.1646],[16.2625,38.171],[16.2688,38.1741],[16.2723,38.1833],[16.2833,38.1895],[16.2937,38.1919],[16.3018,38.2],[16.3104,38.2024],[16.3141,38.2062],[16.3154,38.2125],[16.325,38.2148],[16.3313,38.2176],[16.3417,38.2184],[16.3446,38.2208],[16.3427,38.225],[16.3375,38.2298],[16.3302,38.2396],[16.3312,38.2417],[16.3438,38.2439],[16.3474,38.25],[16.3474,38.2542],[16.342,38.2729],[16.3458,38.2748],[16.3604,38.2657],[16.3667,38.264],[16.376,38.2542],[16.3833,38.2448],[16.3875,38.2425],[16.3958,38.2404],[16.4021,38.243],[16.4125,38.2413],[16.4208,38.2433],[16.4458,38.2568],[16.4646,38.2639],[16.4708,38.2709],[16.475,38.2738],[16.4896,38.2767],[16.4959,38.2833],[16.4982,38.2875],[16.5012,38.3062],[16.4991,38.3167],[16.5,38.3192],[16.5104,38.3183],[16.5188,38.3122],[16.525,38.3094],[16.5375,38.2987],[16.5417,38.2981],[16.5625,38.3031],[16.575,38.3073],[16.5917,38.3089],[16.6021,38.3119],[16.6083,38.3194],[16.6187,38.3224],[16.6333,38.3315],[16.6375,38.3349],[16.6486,38.3479],[16.6526,38.3542]]]}},{"type":"Feature","properties":{"depth":-500},"geometry":{"type":"MultiLineString","coordinates":[[[12.5278,38.3542],[12.5175,38.3458],[12.5021,38.3404],[12.4938,38.3306],[12.4893,38.3167],[12.4833,38.3074],[12.4753,38.3],[12.4685,38.2896],[12.4685,38.2833],[12.4714,38.2729],[12.471,38.2687],[12.4625,38.2587],[12.4455,38.2458],[12.4326,38.2375],[12.4208,38.2329],[12.4083,38.2315],[12.4042,38.2325],[12.3917,38.2382],[12.3866,38.2437],[12.3866,38.2563],[12.3833,38.2729],[12.3801,38.2812],[12.3729,38.2932],[12.3667,38.2956],[12.3604,38.3004],[12.3521,38.2999],[12.3424,38.2917],[12.3423,38.2875],[12.3448,38.2833],[12.3514,38.2771],[12.3553,38.2708],[12.3541,38.2458],[12.3523,38.2354],[12.3538,38.2313],[12.3599,38.2229],[12.3649,38.2125],[12.3652,38.2083],[12.3631,38.1979],[12.359,38.1917],[12.3521,38.1872],[12.3503,38.1833],[12.3496,38.175],[12.3543,38.1688],[12.3705,38.1562],[12.3847,38.1417],[12.3879,38.1375],[12.3891,38.1313],[12.3979,38.1194],[12.4025,38.1104],[12.4024,38.1021],[12.4,38.0965],[12.3958,38.0911],[12.3885,38.0875],[12.3833,38.0864],[12.375,38.0881],[12.3604,38.094],[12.3458,38.0977],[12.3313,38.1029],[12.3146,38.104],[12.3117,38.1063],[12.3063,38.1189],[12.3042,38.1218],[12.2958,38.1276],[12.2854,38.132],[12.2667,38.1367],[12.2583,38.1397],[12.2521,38.1436],[12.2375,38.1544],[12.2125,38.1638],[12.2063,38.1642],[12.1989,38.1604],[12.188,38.1458],[12.1788,38.1354],[12.1737,38.1271],[12.1729,38.1187],[12.176,38.1104],[12.1814,38.1],[12.1813,38.0958],[12.1746,38.0771],[12.1688,38.0708],[12.1646,38.0694],[12.1562,38.0715],[12.1438,38.0813],[12.1333,38.0861],[12.1301,38.0896],[12.1271,38.0992],[12.1188,38.1113],[12.1163,38.1187],[12.1166,38.1313],[12.1178,38.1396],[12.1164,38.1521],[12.117,38.1583],[12.1142,38.1708],[12.1083,38.1758],[12.1,38.1712],[12.0948,38.1625],[12.0923,38.1521],[12.0875,38.137],[12.0833,38.134],[12.0667,38.1319],[12.0583,38.1298],[12.0542,38.131],[12.0417,38.1411],[12.0333,38.1444],[12.0229,38.1438],[11.9937,38.1354],[11.975,38.1268],[11.9542,38.1218],[11.9521,38.119],[11.9486,38.1021],[11.9437,38.0916],[11.9396,38.0907],[11.9208,38.0946],[11.9104,38.0928],[11.9021,38.0872],[11.8979,38.0811],[11.8861,38.0708],[11.884,38.0667],[11.8844,38.0521],[11.8867,38.0458],[11.8958,38.0333],[11.8982,38.0271],[11.8959,38.0187],[11.8971,38.0146],[11.9022,38.0063],[11.9062,37.9966],[11.9125,37.9929],[11.9271,37.9919],[11.9333,37.9943],[11.9417,37.9957],[11.9458,37.9994],[11.9522,38.0021],[11.957,38.0063],[11.9616,38.0208],[11.9646,38.0251],[11.9682,38.0229],[11.9676,38.0146],[11.9708,38.0122],[11.9771,38.0158],[11.9854,38.0246],[11.9896,38.0254],[11.9883,38.0],[11.9885,37.9896],[11.9898,37.9833],[11.9887,37.9729],[11.9859,37.9625],[11.9871,37.95],[11.9916,37.9417],[11.9951,37.9292],[11.9957,37.9229],[12.0001,37.9167],[11.9998,37.9083],[12.0016,37.9021],[12.0108,37.8875],[12.0172,37.8708],[12.0171,37.8646],[12.0229,37.8583],[12.0291,37.8542],[12.0293,37.8521],[12.0146,37.8523],[12.0027,37.85],[11.9986,37.8458],[11.9929,37.8354],[11.9916,37.8292],[11.992,37.8188],[11.9896,37.8076],[11.9875,37.8046],[11.9792,37.8025],[11.9729,37.8023],[11.9696,37.8],[11.9685,37.7896],[11.9667,37.7863],[11.9583,37.7832],[11.9542,37.7771],[11.95,37.7778],[11.9405,37.7854],[11.9324,37.7958],[11.9208,37.8001],[11.9164,37.8083],[11.9042,37.8205],[11.8955,37.8312],[11.8854,37.8403],[11.8771,37.8452],[11.8555,37.8542],[11.8487,37.8604],[11.8463,37.875],[11.8417,37.8792],[11.8375,37.88],[11.8312,37.8771],[11.8304,37.8729],[11.8331,37.8646],[11.833,37.8604],[11.8279,37.8542],[11.8292,37.8438],[11.8279,37.8333],[11.824,37.8271],[11.8187,37.8243],[11.8122,37.8229],[11.8073,37.8188],[11.7979,37.8076],[11.7917,37.8038],[11.7833,37.8039],[11.7774,37.8062],[11.776,37.8104],[11.7769,37.8229],[11.7757,37.8333],[11.7737,37.8375],[11.7694,37.8417],[11.7562,37.8494],[11.7438,37.8582],[11.7333,37.8613],[11.7291,37.8563],[11.7208,37.8551],[11.713,37.8604],[11.7126,37.8646],[11.7154,37.8708],[11.7186,37.8875],[11.717,37.8958],[11.7174,37.9],[11.7246,37.9104],[11.7281,37.9229],[11.7312,37.9279],[11.7399,37.9333],[11.7525,37.9479],[11.7546,37.9542],[11.7547,37.9625],[11.753,37.9667],[11.7458,37.9729],[11.7416,37.9813],[11.7416,37.9875],[11.7348,37.9979],[11.7367,38.0042],[11.7409,38.0104],[11.7348,38.0229],[11.7292,38.0269],[11.7229,38.0281],[11.7177,38.0271],[11.7104,38.0238],[11.7042,38.0267],[11.698,38.025],[11.6966,38.0229],[11.6947,38.0083],[11.6906,37.9979],[11.6878,37.9958],[11.6792,37.9942],[11.675,37.9921],[11.6707,37.9875],[11.65,37.9733]]]}},{"type":"Feature","properties":{"depth":-500},"geometry":{"type":"MultiLineString","coordinates":[[[15.4891,38.3542],[15.4854,38.35],[15.4729,38.3445],[15.4666,38.3396],[15.4583,38.3315],[15.4479,38.3276],[15.4381,38.3188],[15.4313,38.3091],[15.4247,38.3042],[15.4208,38.2993],[15.4125,38.2979],[15.4042,38.301],[15.3979,38.3016],[15.3988,38.2938],[15.3979,38.2887],[15.3833,38.2944],[15.3708,38.2947],[15.3602,38.2875],[15.3562,38.2815],[15.3542,38.2811],[15.35,38.2854],[15.3458,38.2868],[15.3313,38.2845],[15.3104,38.28],[15.3042,38.2828],[15.3017,38.2792],[15.302,38.2729],[15.3063,38.2604],[15.3072,38.2521],[15.3042,38.2494],[15.2937,38.2601],[15.2812,38.2632],[15.275,38.2625],[15.2748,38.2687],[15.278,38.2729],[15.2783,38.2771],[15.2742,38.2854],[15.2708,38.289],[15.2625,38.2878],[15.2542,38.2906],[15.2354,38.295],[15.2271,38.2958],[15.2125,38.2948],[15.2042,38.2959],[15.1937,38.2936],[15.1878,38.2896],[15.1745,38.2833],[15.1742,38.2812],[15.1812,38.2687],[15.1871,38.2604],[15.1878,38.2542],[15.1937,38.2437],[15.2034,38.2354],[15.2056,38.2313],[15.2056,38.2229],[15.2042,38.2199],[15.2,38.2194],[15.1955,38.225],[15.1917,38.2275],[15.1833,38.2303],[15.175,38.2311],[15.1721,38.2292],[15.17,38.2208],[15.1604,38.2208],[15.1567,38.2167],[15.156,38.2104],[15.1521,38.2071],[15.1454,38.2167],[15.1423,38.225],[15.1442,38.2313],[15.1499,38.2396],[15.1509,38.2479],[15.1497,38.2521],[15.1438,38.2547],[15.1312,38.2557],[15.125,38.2589],[15.1188,38.266],[15.1145,38.2729],[15.1104,38.2767],[15.1021,38.2804],[15.0979,38.2804],[15.0942,38.275],[15.0989,38.2667],[15.1001,38.2625],[15.0974,38.2521],[15.0979,38.2414],[15.0875,38.2395],[15.075,38.2345],[15.0604,38.2349],[15.0563,38.2334],[15.054,38.2271],[15.0585,38.2188],[15.0579,38.2167],[15.05,38.2161],[15.0396,38.2197],[15.0292,38.2215],[15.025,38.2197],[15.0188,38.2073],[15.0125,38.2032],[15.0083,38.2042],[15.0021,38.2089],[14.9938,38.207],[14.9853,38.2083],[14.9827,38.2125],[14.9792,38.2136],[14.9708,38.211],[14.9604,38.209],[14.9521,38.2113],[14.9417,38.2062],[14.9208,38.2101],[14.9042,38.2099],[14.8938,38.2112],[14.8875,38.2077],[14.8786,38.2062],[14.875,38.1976],[14.8583,38.1983],[14.8521,38.2016],[14.8479,38.2013],[14.8354,38.194],[14.8296,38.1958],[14.825,38.2035],[14.8167,38.2031],[14.8083,38.2074],[14.8021,38.2071],[14.7958,38.1996],[14.7917,38.1993],[14.7875,38.2021],[14.7771,38.2061],[14.7708,38.2058],[14.7583,38.2078],[14.7562,38.2073],[14.75,38.2005],[14.7438,38.2008],[14.7354,38.1984],[14.7312,38.1996],[14.7167,38.2087],[14.7083,38.2077],[14.7009,38.2],[14.7002,38.1958],[14.7028,38.1896],[14.7,38.1875],[14.6937,38.1882],[14.6813,38.1863],[14.6733,38.1812],[14.6692,38.175],[14.6682,38.1688],[14.663,38.1625],[14.6604,38.1567],[14.65,38.1594],[14.6438,38.1622],[14.6375,38.1598],[14.6312,38.1549],[14.6271,38.1557],[14.6229,38.1604],[14.6188,38.1621],[14.6125,38.1609],[14.6021,38.1549],[14.5917,38.1558],[14.5854,38.1553],[14.5711,38.15],[14.5604,38.1426],[14.5563,38.1423],[14.5458,38.1543],[14.5375,38.1595],[14.5292,38.1589],[14.5188,38.1619],[14.5125,38.1614],[14.5021,38.157],[14.4958,38.1568],[14.4854,38.152],[14.4729,38.1495],[14.4699,38.1479],[14.4646,38.1412],[14.4604,38.1402],[14.4521,38.1458],[14.4437,38.1484],[14.4313,38.1463],[14.425,38.1464],[14.4167,38.1487],[14.4042,38.151],[14.3792,38.1568],[14.3646,38.1571],[14.3542,38.1586],[14.3417,38.1569],[14.3333,38.1576],[14.3271,38.1567],[14.3167,38.158],[14.3021,38.1553],[14.2875,38.154],[14.2772,38.1479],[14.276,38.1437],[14.282,38.1333],[14.2885,38.1187],[14.2833,38.1151],[14.2688,38.1134],[14.2605,38.1104],[14.2438,38.0973],[14.2396,38.0958],[14.225,38.0944],[14.2188,38.0975],[14.2146,38.0971],[14.2104,38.0932],[14.2021,38.0894],[14.1958,38.0887],[14.1875,38.0825],[14.1833,38.0815],[14.1771,38.0825],[14.1687,38.0857],[14.1625,38.0826],[14.1521,38.0823],[14.1417,38.0835],[14.1292,38.0839],[14.1229,38.0818],[14.1042,38.0878],[14.0938,38.0944],[14.0667,38.0923],[14.0583,38.0935],[14.0375,38.0928],[14.0271,38.098],[14.0229,38.098],[14.0146,38.0954],[14.0062,38.0962],[13.9958,38.0938],[13.9896,38.0945],[13.9833,38.0932],[13.9667,38.0925],[13.9604,38.0907],[13.9521,38.0911],[13.9476,38.0896],[13.9428,38.0854],[13.9422,38.0792],[13.9333,38.078],[13.9125,38.0716],[13.9042,38.0722],[13.8979,38.07],[13.8833,38.0706],[13.8792,38.0727],[13.8688,38.074],[13.8521,38.0825],[13.8479,38.0855],[13.8328,38.0938],[13.825,38.1025],[13.8208,38.105],[13.8104,38.1044],[13.8063,38.1061],[13.7979,38.1141],[13.7833,38.1209],[13.775,38.1213],[13.7667,38.1204],[13.7604,38.1215],[13.7479,38.1254],[13.7354,38.1249],[13.7261,38.1229],[13.7167,38.1171],[13.7021,38.1195],[13.6917,38.1131],[13.6875,38.112],[13.6771,38.1121],[13.6604,38.1103],[13.6542,38.1117],[13.6453,38.1167],[13.6333,38.1197],[13.625,38.1228],[13.6188,38.1216],[13.5979,38.1337],[13.5833,38.1386],[13.5771,38.1426],[13.5687,38.1426],[13.5454,38.15],[13.5396,38.1567],[13.5354,38.1581],[13.5292,38.1562],[13.5229,38.1581],[13.5167,38.1583],[13.5042,38.1523],[13.4958,38.1519],[13.4896,38.1476],[13.4854,38.1476],[13.4774,38.1688],[13.4729,38.1747],[13.4688,38.1773],[13.4583,38.179],[13.4521,38.1779],[13.4417,38.1788],[13.4313,38.173],[13.4271,38.1726],[13.4241,38.1812],[13.4208,38.1861],[13.4134,38.1896],[13.4088,38.1958],[13.4125,38.1996],[13.4138,38.2042],[13.4129,38.2146],[13.4116,38.2167],[13.3977,38.225],[13.3954,38.2354],[13.3993,38.2417],[13.3987,38.2458],[13.3932,38.2563],[13.3934,38.2646],[13.3969,38.275],[13.4104,38.2836],[13.4167,38.286],[13.4313,38.2887],[13.4354,38.2909],[13.4385,38.2979],[13.4367,38.3042],[13.4333,38.3082],[13.425,38.3123],[13.4208,38.3131],[13.4125,38.3116],[13.4042,38.3057],[13.3938,38.3024],[13.3854,38.3017],[13.3792,38.3027],[13.3729,38.302],[13.3625,38.3062],[13.3562,38.3068],[13.3479,38.3056],[13.3354,38.2985],[13.3271,38.2966],[13.3167,38.2958],[13.3108,38.2917],[13.2958,38.2748],[13.2833,38.2709],[13.2771,38.2671],[13.2688,38.2642],[13.2583,38.2633],[13.2479,38.2658],[13.2396,38.2693],[13.2354,38.2754],[13.2188,38.2853],[13.2146,38.2859],[13.2108,38.2833],[13.2119,38.275],[13.2083,38.2735],[13.1979,38.2764],[13.1896,38.2775],[13.1771,38.2816],[13.1667,38.282],[13.1625,38.2811],[13.1562,38.2772],[13.1375,38.2803],[13.125,38.278],[13.1188,38.2745],[13.1125,38.2646],[13.1104,38.2644],[13.1,38.2685],[13.0729,38.2644],[13.0521,38.2556],[13.0375,38.246],[13.0292,38.243],[13.0208,38.2442],[13.0188,38.2354],[13.0113,38.225],[13.0107,38.2188],[13.0123,38.2062],[13.011,38.1938],[13.0067,38.1792],[13.0021,38.1708],[12.9939,38.1625],[12.9909,38.1562],[12.9833,38.1467],[12.9604,38.1357],[12.9479,38.1273],[12.9333,38.1219],[12.9208,38.1225],[12.9125,38.1213],[12.9062,38.1174],[12.8854,38.119],[12.8792,38.1215],[12.8688,38.1221],[12.8479,38.1192],[12.8417,38.1202],[12.8271,38.1258],[12.8167,38.1246],[12.8125,38.1252],[12.8074,38.1313],[12.8052,38.1479],[12.8015,38.1562],[12.796,38.1625],[12.7907,38.1771],[12.7842,38.1896],[12.7829,38.1958],[12.7797,38.2],[12.7751,38.2021],[12.7667,38.2084],[12.7368,38.2146],[12.725,38.2191],[12.7208,38.2171],[12.7125,38.2055],[12.7,38.2034],[12.6958,38.1976],[12.6875,38.1887],[12.6708,38.191],[12.6604,38.1841],[12.65,38.181],[12.6375,38.1793],[12.6271,38.1807],[12.6188,38.1805],[12.6157,38.1833],[12.6145,38.1896],[12.6083,38.1993],[12.6042,38.2041],[12.6,38.2006],[12.5958,38.2041],[12.5917,38.2045],[12.5852,38.1979],[12.5846,38.1875],[12.5917,38.1835],[12.5942,38.1771],[12.5896,38.173],[12.5667,38.1718],[12.5458,38.1691],[12.5417,38.1697],[12.5387,38.1729],[12.5401,38.1792],[12.5521,38.1925],[12.5582,38.1979],[12.5621,38.2062],[12.5684,38.2167],[12.5729,38.235],[12.5785,38.25],[12.5842,38.2583],[12.5849,38.2646],[12.5779,38.2771],[12.5736,38.2875],[12.5731,38.2979],[12.5708,38.3016],[12.5625,38.3014],[12.5604,38.3042],[12.5603,38.3125],[12.5492,38.3229],[12.552,38.3333],[12.5506,38.3438],[12.5461,38.3479],[12.5418,38.3542]]]}},{"type":"Feature","properties":{"depth":-200},"geometry":{"type":"MultiLineString","coordinates":[[[15.1748,37.55],[15.1792,37.5537],[15.1844,37.5562],[15.1924,37.5625],[15.193,37.5729],[15.1981,37.5854],[15.1951,37.5917],[15.1896,37.5968],[15.1867,37.6021],[15.1868,37.6104],[15.1885,37.6187],[15.188,37.625],[15.1927,37.6354],[15.2044,37.6479],[15.2094,37.6562],[15.2262,37.6771],[15.2303,37.6896],[15.2335,37.7042],[15.2375,37.7103],[15.25,37.7158],[15.2634,37.7271],[15.2673,37.7313],[15.2685,37.7354],[15.2646,37.7387],[15.2529,37.7375],[15.2375,37.7323],[15.2312,37.7331],[15.2271,37.7352],[15.2216,37.7417],[15.2205,37.7458],[15.2239,37.75],[15.2339,37.7542],[15.2554,37.7646],[15.2585,37.7687],[15.2579,37.7729],[15.2489,37.7792],[15.2484,37.7812],[15.253,37.7917],[15.2625,37.7993],[15.2688,37.8071],[15.2792,37.8102],[15.2854,37.8154],[15.2944,37.8188],[15.2981,37.8229],[15.297,37.8354],[15.3042,37.8434],[15.308,37.8521],[15.3084,37.8604],[15.3118,37.8708],[15.3147,37.875],[15.3319,37.8854],[15.3458,37.8989],[15.3522,37.9021],[15.3564,37.9062],[15.3592,37.9125],[15.36,37.9188],[15.3684,37.9312],[15.3774,37.9396],[15.3878,37.9521],[15.4058,37.9708],[15.415,37.9813],[15.4229,37.9884],[15.4271,37.994],[15.4396,38.0067],[15.454,38.025],[15.4667,38.0366],[15.4917,38.0568],[15.4978,38.0625],[15.5044,38.0708],[15.5114,38.0833],[15.5134,38.0917],[15.5317,38.1313],[15.5473,38.1542],[15.5621,38.1708],[15.5683,38.1792],[15.5729,38.1832],[15.5818,38.1854],[15.583,38.1917],[15.5794,38.1979],[15.5767,38.2062],[15.577,38.2104],[15.5805,38.2167],[15.5917,38.227],[15.5958,38.2296],[15.6007,38.2292],[15.6041,38.2229],[15.6125,38.2157],[15.6182,38.2083],[15.6197,38.2042],[15.6234,38.1854],[15.6307,38.175],[15.6334,38.1646],[15.641,38.1521],[15.6423,38.1479],[15.6428,38.1333],[15.6391,38.1208],[15.6341,38.1125],[15.6271,38.1054],[15.6243,38.0979],[15.6246,38.0938],[15.6289,38.075],[15.6333,38.0686],[15.6424,38.0625],[15.6421,38.0521],[15.6439,38.0417],[15.6427,38.0354],[15.6402,38.0312],[15.6312,38.0222],[15.6295,38.0167],[15.6333,38.0042],[15.64,37.9875],[15.6514,37.9771],[15.6548,37.9729],[15.6586,37.9625],[15.6667,37.9597],[15.6779,37.95],[15.6917,37.9434],[15.7098,37.9292],[15.7146,37.9243],[15.7229,37.9241],[15.7292,37.918],[15.7375,37.9204],[15.7458,37.9198],[15.7542,37.9156],[15.7578,37.9125],[15.7615,37.9042],[15.7667,37.9029],[15.7729,37.9061],[15.7771,37.9056],[15.7816,37.9],[15.7896,37.8995],[15.7979,37.9084],[15.8063,37.9097],[15.8146,37.9082],[15.8271,37.904],[15.8521,37.9053],[15.8625,37.9115],[15.8833,37.9141],[15.8979,37.9131],[15.9167,37.9156],[15.9292,37.9138],[15.9437,37.9059],[15.9479,37.9052],[15.9583,37.9059],[15.9709,37.9],[15.9739,37.8958],[15.9743,37.8875],[15.9771,37.8845],[15.9812,37.8855],[15.9875,37.8899],[15.9917,37.8886],[15.9958,37.883],[16.0,37.8834],[16.0063,37.8899],[16.0104,37.8913],[16.0169,37.8771],[16.0271,37.8729],[16.0375,37.872],[16.0437,37.8732],[16.0542,37.8708],[16.0604,37.8717],[16.0771,37.8712],[16.0917,37.8745],[16.1018,37.8792],[16.1079,37.8833],[16.1243,37.8979],[16.1333,37.9087],[16.1474,37.9188],[16.1604,37.9306],[16.1655,37.9375],[16.1627,37.9417],[16.1562,37.9444],[16.1521,37.9477],[16.1503,37.9521],[16.151,37.9604],[16.1557,37.9708],[16.1625,37.9747],[16.1667,37.974],[16.1729,37.9701],[16.1792,37.9731],[16.1848,37.9813],[16.1935,38.0021],[16.1919,38.0187],[16.1928,38.0271],[16.1995,38.0458],[16.2042,38.0498],[16.2068,38.0562],[16.207,38.0625],[16.2089,38.0688],[16.2077,38.075],[16.2027,38.0812],[16.2019,38.0854],[16.2096,38.0938],[16.2121,38.1],[16.2,38.1053],[16.1833,38.1146],[16.1781,38.1292],[16.1812,38.1321],[16.1979,38.1302],[16.2125,38.1399],[16.2175,38.1479],[16.2231,38.1521],[16.2309,38.1604],[16.2395,38.1792],[16.2521,38.1854],[16.2604,38.1966],[16.2688,38.1999],[16.2796,38.2062],[16.2833,38.2104],[16.2932,38.2146],[16.2947,38.2208],[16.2979,38.2239],[16.3062,38.2266],[16.3132,38.2313],[16.3125,38.2375],[16.3032,38.2479],[16.3032,38.2521],[16.3083,38.2544],[16.325,38.2536],[16.3303,38.2583],[16.3256,38.275],[16.3264,38.2854],[16.3313,38.2899],[16.3375,38.2931],[16.3479,38.2927],[16.3583,38.2854],[16.3625,38.2806],[16.3667,38.2793],[16.3729,38.2807],[16.3795,38.275],[16.3833,38.269],[16.3917,38.2635],[16.4,38.2652],[16.4083,38.2626],[16.4146,38.2627],[16.4312,38.2686],[16.4459,38.275],[16.4583,38.2832],[16.4812,38.2928],[16.4854,38.297],[16.4869,38.3021],[16.4813,38.3292],[16.4833,38.3353],[16.4917,38.3401],[16.5,38.3364],[16.5167,38.3302],[16.525,38.3246],[16.5292,38.3242],[16.5387,38.3271],[16.5521,38.3336],[16.5583,38.3378],[16.5667,38.3415],[16.5735,38.3458],[16.5817,38.3542]]]}},{"type":"Feature","properties":{"depth":-200},"geometry":{"type":"MultiLineString","coordinates":[[[15.5315,38.3542],[15.5271,38.3506],[15.5188,38.3479],[15.5048,38.3396],[15.4896,38.3321],[15.4833,38.3272],[15.475,38.3232],[15.4665,38.3167],[15.4551,38.3042],[15.4521,38.2958],[15.4437,38.29],[15.4396,38.2831],[15.4375,38.2823],[15.4229,38.2816],[15.4199,38.2792],[15.42,38.2729],[15.4162,38.2625],[15.4104,38.2602],[15.4054,38.2646],[15.4021,38.2704],[15.3979,38.2731],[15.3938,38.2728],[15.3854,38.2657],[15.3812,38.2641],[15.3688,38.2653],[15.3577,38.2604],[15.3542,38.2546],[15.35,38.253],[15.3375,38.261],[15.3333,38.2619],[15.3229,38.2584],[15.3208,38.2566],[15.3167,38.2437],[15.3096,38.2354],[15.3082,38.2313],[15.3036,38.2271],[15.2958,38.225],[15.2854,38.2268],[15.2771,38.2268],[15.275,38.2282],[15.2708,38.2375],[15.2636,38.2437],[15.2614,38.2479],[15.2591,38.2646],[15.2518,38.2771],[15.248,38.2812],[15.2417,38.2839],[15.2312,38.2841],[15.2208,38.2828],[15.2175,38.2812],[15.2125,38.2718],[15.2063,38.2667],[15.2025,38.2583],[15.2036,38.2521],[15.2061,38.2479],[15.2167,38.2408],[15.2216,38.2333],[15.2197,38.2229],[15.2218,38.2167],[15.22,38.2083],[15.2174,38.2042],[15.2083,38.1942],[15.2021,38.1935],[15.1917,38.2027],[15.1854,38.1971],[15.175,38.1965],[15.1708,38.1945],[15.1673,38.1854],[15.1711,38.175],[15.1688,38.1708],[15.1625,38.1724],[15.1521,38.1724],[15.142,38.1792],[15.1375,38.185],[15.1333,38.1867],[15.1104,38.1821],[15.1021,38.1815],[15.0875,38.1841],[15.0771,38.1867],[15.0687,38.1842],[15.0583,38.1848],[15.05,38.1922],[15.0458,38.1938],[15.0292,38.1949],[15.0083,38.1893],[14.9938,38.187],[14.9896,38.1887],[14.9854,38.1929],[14.975,38.1934],[14.9646,38.1966],[14.9521,38.1983],[14.9437,38.1951],[14.9354,38.1953],[14.9208,38.2015],[14.9125,38.2014],[14.9042,38.2002],[14.8979,38.2011],[14.8924,38.1979],[14.8896,38.1939],[14.8854,38.1825],[14.8708,38.1866],[14.8646,38.1858],[14.85,38.1894],[14.8438,38.1877],[14.8375,38.182],[14.8333,38.1826],[14.8208,38.1908],[14.8125,38.1924],[14.8083,38.1903],[14.8,38.1834],[14.7958,38.1833],[14.7833,38.1891],[14.7667,38.1929],[14.7625,38.1917],[14.7542,38.1868],[14.7438,38.1857],[14.7354,38.1838],[14.725,38.1857],[14.7218,38.1833],[14.7219,38.1771],[14.7188,38.1668],[14.7146,38.1667],[14.7083,38.1717],[14.6979,38.1732],[14.6896,38.1676],[14.686,38.1604],[14.6768,38.1521],[14.6763,38.1437],[14.6729,38.139],[14.6667,38.1376],[14.6521,38.1429],[14.6438,38.1442],[14.6354,38.1388],[14.6229,38.1376],[14.6146,38.1431],[14.6062,38.1415],[14.5958,38.1434],[14.5875,38.1435],[14.5833,38.1412],[14.5792,38.1365],[14.5646,38.1305],[14.5542,38.1277],[14.5479,38.1283],[14.5436,38.1313],[14.5421,38.1354],[14.5354,38.1464],[14.5208,38.1491],[14.5167,38.1487],[14.5021,38.1434],[14.4958,38.1433],[14.4833,38.141],[14.4792,38.139],[14.4743,38.1333],[14.4667,38.1285],[14.4604,38.1276],[14.45,38.1311],[14.4458,38.1354],[14.4417,38.1371],[14.4229,38.1366],[14.4109,38.1417],[14.4042,38.1426],[14.3854,38.1422],[14.3771,38.1414],[14.3625,38.1387],[14.3521,38.1393],[14.3458,38.1385],[14.3354,38.1322],[14.325,38.127],[14.3183,38.1208],[14.3184,38.1146],[14.3154,38.1104],[14.3104,38.1071],[14.2958,38.104],[14.2875,38.0977],[14.2833,38.097],[14.2729,38.098],[14.2688,38.0953],[14.2562,38.0847],[14.2521,38.0822],[14.2333,38.0792],[14.2188,38.0788],[14.2063,38.0748],[14.1979,38.0733],[14.1875,38.067],[14.1792,38.0691],[14.1687,38.07],[14.1604,38.0682],[14.1521,38.0685],[14.1417,38.0711],[14.1354,38.0714],[14.1292,38.069],[14.1188,38.0697],[14.1104,38.0724],[14.1042,38.0733],[14.0938,38.0768],[14.0687,38.0769],[14.0563,38.079],[14.0354,38.0794],[14.025,38.0816],[14.0083,38.0812],[13.9958,38.0789],[13.9771,38.0806],[13.9667,38.0777],[13.9628,38.075],[13.9611,38.0688],[13.9542,38.0621],[13.9458,38.0643],[13.9396,38.0648],[13.9292,38.0625],[13.9187,38.0592],[13.8979,38.0566],[13.8792,38.0579],[13.8688,38.0625],[13.8625,38.0641],[13.8521,38.069],[13.8391,38.0792],[13.8305,38.0833],[13.8167,38.0884],[13.8063,38.0896],[13.7979,38.0892],[13.7792,38.0864],[13.75,38.0802],[13.7188,38.0758],[13.7,38.0742],[13.6875,38.0741],[13.6771,38.0749],[13.6646,38.0768],[13.6479,38.0806],[13.6354,38.0846],[13.6271,38.0883],[13.6021,38.1015],[13.5917,38.1081],[13.5806,38.1167],[13.5712,38.1229],[13.55,38.1334],[13.5312,38.1414],[13.5229,38.1434],[13.5146,38.144],[13.5083,38.1417],[13.4979,38.1344],[13.4812,38.1348],[13.471,38.1396],[13.4686,38.1437],[13.4683,38.15],[13.4646,38.152],[13.4563,38.1526],[13.4458,38.1513],[13.4375,38.1512],[13.4208,38.1528],[13.4146,38.1516],[13.4107,38.1542],[13.41,38.1583],[13.412,38.1688],[13.4113,38.175],[13.4047,38.1833],[13.3961,38.1917],[13.3939,38.1958],[13.397,38.2042],[13.3973,38.2125],[13.3875,38.2167],[13.3847,38.2208],[13.3834,38.2271],[13.3775,38.2354],[13.3785,38.25],[13.3812,38.2563],[13.3825,38.2667],[13.3822,38.2771],[13.3854,38.2807],[13.3989,38.2854],[13.4083,38.2909],[13.4158,38.2938],[13.4154,38.2979],[13.3917,38.2945],[13.3792,38.2943],[13.3688,38.2931],[13.3604,38.2974],[13.3521,38.298],[13.3417,38.2927],[13.3279,38.2875],[13.3243,38.2833],[13.3221,38.2729],[13.3188,38.2687],[13.2982,38.2604],[13.2875,38.2551],[13.2667,38.2467],[13.2479,38.2406],[13.2333,38.2381],[13.2208,38.2383],[13.2083,38.2357],[13.1958,38.2385],[13.1813,38.2398],[13.1583,38.239],[13.1521,38.2372],[13.1458,38.2334],[13.1375,38.235],[13.1228,38.2417],[13.1146,38.2437],[13.1042,38.2438],[13.0854,38.238],[13.0593,38.2333],[13.05,38.2307],[13.0417,38.2268],[13.0334,38.2188],[13.0324,38.2146],[13.0324,38.1958],[13.0302,38.1896],[13.0299,38.1792],[13.0271,38.1729],[13.0277,38.1667],[13.0252,38.1625],[13.0176,38.1583],[13.0152,38.1542],[13.0173,38.1479],[13.0152,38.1437],[13.011,38.1417],[13.0093,38.1354],[13.0021,38.131],[12.9958,38.1304],[12.9914,38.125],[12.9875,38.1232],[12.9812,38.1232],[12.975,38.1194],[12.9688,38.1189],[12.9581,38.1125],[12.9563,38.1059],[12.9542,38.1042],[12.9396,38.0996],[12.9292,38.1032],[12.9208,38.1037],[12.9083,38.0995],[12.8958,38.1007],[12.8833,38.0973],[12.8771,38.0984],[12.8708,38.1017],[12.8583,38.1024],[12.8479,38.1004],[12.8187,38.1086],[12.8042,38.1107],[12.7983,38.1146],[12.7927,38.125],[12.792,38.1292],[12.7938,38.1396],[12.7917,38.1478],[12.7865,38.1542],[12.7826,38.1625],[12.7761,38.1708],[12.7736,38.1854],[12.774,38.1917],[12.7717,38.1958],[12.7625,38.2021],[12.7438,38.2069],[12.7271,38.2091],[12.7222,38.2062],[12.7188,38.1967],[12.7098,38.1917],[12.707,38.1875],[12.7032,38.175],[12.7022,38.1688],[12.7,38.1668],[12.6875,38.167],[12.6667,38.1559],[12.6542,38.1502],[12.6417,38.1456],[12.6312,38.143],[12.6167,38.1376],[12.5938,38.1301],[12.5875,38.1285],[12.5729,38.1267],[12.5583,38.1267],[12.5437,38.1281],[12.5375,38.1268],[12.525,38.1182],[12.5174,38.1187],[12.5161,38.1229],[12.5168,38.1333],[12.5125,38.1416],[12.4938,38.1499],[12.4854,38.1524],[12.4792,38.1525],[12.475,38.1552],[12.4667,38.1639],[12.4583,38.1675],[12.4521,38.1683],[12.4375,38.168],[12.4358,38.1646],[12.4377,38.1604],[12.448,38.1521],[12.4593,38.1417],[12.4611,38.1354],[12.4542,38.1268],[12.4437,38.1241],[12.4367,38.1187],[12.4273,38.1021],[12.4196,38.0771],[12.4167,38.0721],[12.3979,38.0548],[12.3833,38.0459],[12.3771,38.0457],[12.3708,38.0511],[12.3604,38.0574],[12.3458,38.0637],[12.3396,38.0631],[12.3323,38.0688],[12.3187,38.0741],[12.3063,38.0837],[12.2937,38.0896],[12.2812,38.0999],[12.2771,38.1026],[12.2667,38.1059],[12.2542,38.1075],[12.2479,38.1097],[12.2292,38.1141],[12.2125,38.1138],[12.2083,38.1144],[12.1999,38.1229],[12.1958,38.1252],[12.191,38.1229],[12.1917,38.1178],[12.1978,38.1125],[12.1994,38.1083],[12.1961,38.0938],[12.1958,38.0873],[12.1983,38.0792],[12.1979,38.0705],[12.1943,38.0625],[12.1858,38.05],[12.1804,38.0375],[12.1791,38.025],[12.1829,38.0104],[12.1917,37.9964],[12.1949,37.9896],[12.1979,37.9746],[12.1993,37.9604],[12.2071,37.9354],[12.2125,37.9253],[12.2148,37.9188],[12.2175,37.9042],[12.2171,37.9],[12.2129,37.8958],[12.2063,37.8935],[12.2054,37.9042],[12.2025,37.9188],[12.1813,37.9449],[12.176,37.9542],[12.1705,37.9604],[12.1625,37.9655],[12.15,37.9751],[12.1417,37.9781],[12.1312,37.9775],[12.125,37.9786],[12.1083,37.987],[12.0911,38.0042],[12.0708,38.0166],[12.0643,38.025],[12.0542,38.0307],[12.0437,38.0399],[12.0396,38.042],[12.0292,38.0433],[12.0229,38.0419],[12.0188,38.0381],[12.0122,38.0292],[12.0099,38.0187],[12.0045,38.0021],[12.0042,37.9979],[12.006,37.9833],[12.0055,37.975],[12.0065,37.9646],[12.0041,37.9542],[12.0061,37.9375],[12.0104,37.9273],[12.0222,37.9146],[12.0354,37.8968],[12.0399,37.8896],[12.0437,37.8861],[12.0604,37.8777],[12.0742,37.8729],[12.0938,37.8648],[12.102,37.8583],[12.1271,37.8425],[12.1438,37.8354],[12.155,37.8292],[12.1604,37.8167],[12.1687,37.8091],[12.1813,37.7998],[12.1972,37.7854],[12.2104,37.7787],[12.225,37.7738],[12.2375,37.7678],[12.2502,37.7604],[12.2646,37.7556],[12.275,37.7507],[12.2812,37.7455],[12.2907,37.7333],[12.2995,37.725],[12.313,37.7167],[12.3204,37.7104],[12.3289,37.6979],[12.3354,37.6932],[12.3457,37.6875],[12.3458,37.6818],[12.3354,37.6808],[12.3229,37.6817],[12.3177,37.6854],[12.3125,37.6934],[12.3083,37.6955],[12.2979,37.6972],[12.2896,37.7003],[12.2812,37.7062],[12.2771,37.7074],[12.2688,37.7068],[12.2619,37.7042],[12.2567,37.7],[12.2506,37.6896],[12.2438,37.6828],[12.2354,37.6795],[12.225,37.6775],[12.2083,37.6766],[12.2042,37.6777],[12.2032,37.6812],[12.2035,37.6917],[12.2012,37.7042],[12.1979,37.7107],[12.1937,37.7135],[12.1896,37.7092],[12.1882,37.7021],[12.1877,37.6875],[12.1894,37.6771],[12.1879,37.6729],[12.1833,37.6706],[12.175,37.6721],[12.1625,37.6818],[12.15,37.6863],[12.1417,37.6855],[12.1375,37.6831],[12.1334,37.675],[12.1344,37.6625],[12.1292,37.6558],[12.1229,37.6535],[12.1104,37.6523],[12.0938,37.6528],[12.0875,37.652],[12.0846,37.65],[12.0824,37.6437],[12.0772,37.6333],[12.0687,37.6293],[12.0651,37.625],[12.0644,37.6208],[12.0655,37.6104],[12.0631,37.6042],[12.0542,37.592],[12.0458,37.584],[12.0417,37.5826],[12.0354,37.5849],[12.025,37.5908],[12.0083,37.5982],[11.9958,37.6023],[11.9917,37.6058],[11.9874,37.6125],[11.9842,37.6208],[11.9831,37.6271],[11.9839,37.6354],[11.9875,37.6479],[11.9917,37.6531],[12.0,37.6564],[12.0042,37.6532],[12.0092,37.6417],[12.0125,37.6368],[12.0188,37.6332],[12.0271,37.6343],[12.0314,37.6375],[12.0351,37.6437],[12.0348,37.6521],[12.0271,37.6586],[12.0188,37.6605],[12.0042,37.6613],[12.0,37.6629],[11.9871,37.6729],[11.9822,37.6792],[11.9785,37.6896],[11.9783,37.7],[11.9823,37.7062],[11.9798,37.7146],[11.9729,37.7225],[11.9646,37.7292],[11.9458,37.7396],[11.9292,37.7446],[11.9146,37.7449],[11.9062,37.7462],[11.8979,37.7488],[11.8928,37.7521],[11.8792,37.7676],[11.8708,37.7702],[11.8479,37.7701],[11.8396,37.7691],[11.8271,37.7645],[11.8187,37.7601],[11.7979,37.7475],[11.7917,37.7423],[11.7891,37.7375],[11.7888,37.7292],[11.7917,37.725],[11.8014,37.7188],[11.8019,37.7146],[11.7967,37.7083],[11.782,37.6979],[11.7772,37.6938],[11.7739,37.6875],[11.7734,37.6833],[11.7759,37.6708],[11.775,37.6646],[11.7708,37.6615],[11.7604,37.6596],[11.7562,37.6558],[11.7396,37.6365],[11.7356,37.6292],[11.7365,37.6208],[11.7417,37.617],[11.7521,37.6121],[11.7553,37.6083],[11.759,37.6],[11.7571,37.5917],[11.7519,37.5854],[11.7496,37.5792],[11.7498,37.575],[11.7531,37.5625],[11.7538,37.5562],[11.7518,37.55]],[[11.6751,37.55],[11.6734,37.5542],[11.6646,37.5656],[11.6604,37.5683],[11.6542,37.5671],[11.65,37.5606],[11.65,37.5606]]]}},{"type":"Feature","properties":{"depth":-200},"geometry":{"type":"MultiLineString","coordinates":[[[15.8299,38.3542],[15.8253,38.3396],[15.8238,38.3271],[15.8167,38.3126],[15.8134,38.3083],[15.8021,38.3004],[15.7896,38.29],[15.775,38.2843],[15.7583,38.277],[15.7458,38.2707],[15.7229,38.2643],[15.7167,38.2632],[15.7,38.2582],[15.6833,38.2555],[15.6667,38.2535],[15.6479,38.2474],[15.6442,38.2479],[15.6439,38.2542],[15.6479,38.2584],[15.6583,38.2589],[15.6625,38.2607],[15.6672,38.2667],[15.6667,38.273],[15.6708,38.2778],[15.6873,38.2833],[15.6935,38.2875],[15.7086,38.3062],[15.7088,38.3125],[15.7042,38.3155],[15.7,38.3157],[15.6798,38.3104],[15.6657,38.3042],[15.6521,38.295],[15.6396,38.2967],[15.6293,38.3021],[15.6206,38.3104],[15.6167,38.3123],[15.6083,38.3127],[15.6021,38.3168],[15.5958,38.319],[15.5917,38.325],[15.5891,38.3333],[15.5854,38.3369],[15.5729,38.3418],[15.5582,38.35],[15.5549,38.3542]]]}},{"type":"Feature","properties":{"depth":-200},"geometry":{"type":"MultiLineString","coordinates":[[[12.5292,38.2123],[12.5333,38.2125],[12.5521,38.2159],[12.5557,38.2188],[12.5569,38.2292],[12.5594,38.2417],[12.5617,38.2479],[12.5703,38.2625],[12.5708,38.2702],[12.5646,38.2823],[12.5625,38.2844],[12.5542,38.2865],[12.55,38.2889],[12.5437,38.2951],[12.5396,38.295],[12.5229,38.2813],[12.5104,38.2745],[12.5062,38.2705],[12.5037,38.2604],[12.4991,38.2521],[12.4917,38.2458],[12.4938,38.2401],[12.5006,38.2292],[12.5162,38.2167],[12.5229,38.2135],[12.5292,38.2123]]]}},{"type":"Feature","properties":{"depth":-100},"geometry":{"type":"MultiLineString","coordinates":[[[15.1667,37.55],[15.1802,37.5625],[15.1827,37.5667],[15.1849,37.5833],[15.1815,37.5958],[15.1797,37.6125],[15.1809,37.6229],[15.1845,37.6333],[15.1874,37.6375],[15.2,37.6492],[15.2035,37.6562],[15.2206,37.6792],[15.2258,37.7],[15.2319,37.7188],[15.2271,37.7231],[15.2145,37.7375],[15.2131,37.7437],[15.2162,37.7521],[15.2208,37.7555],[15.2393,37.7667],[15.2425,37.7708],[15.2409,37.7812],[15.2484,37.7938],[15.2521,37.7978],[15.2604,37.8043],[15.2646,37.8099],[15.2688,37.8129],[15.275,37.8136],[15.2833,37.8194],[15.2914,37.8229],[15.2921,37.8271],[15.2891,37.8333],[15.2905,37.8375],[15.3,37.8435],[15.3036,37.8506]]]}},{"type":"Feature","properties":{"depth":-100},"geometry":{"type":"MultiLineString","coordinates":[[[15.3048,37.8536],[15.3046,37.8625],[15.3089,37.875],[15.3125,37.8786],[15.3294,37.8875],[15.3396,37.9005],[15.3515,37.9062],[15.3545,37.9125],[15.355,37.9208],[15.3648,37.9354],[15.374,37.9438],[15.3837,37.9562],[15.4005,37.9729],[15.4104,37.9849],[15.417,37.9896],[15.4215,37.9958],[15.4293,38.0042],[15.4375,38.01],[15.4507,38.0271],[15.4646,38.0402],[15.4704,38.0438],[15.4833,38.0552],[15.493,38.0625],[15.5,38.0703],[15.5066,38.0833],[15.5093,38.0958],[15.5128,38.1021],[15.52,38.12]]]}},{"type":"Feature","properties":{"depth":-100},"geometry":{"type":"MultiLineString","coordinates":[[[15.7637,37.9146],[15.7667,37.9095],[15.7729,37.912],[15.7792,37.9109],[15.7854,37.9034],[15.7875,37.9035],[15.7932,37.9104],[15.8,37.9136],[15.8104,37.9137],[15.8271,37.9106],[15.8479,37.9116],[15.8646,37.9171],[15.8833,37.9193],[15.8979,37.9191],[15.9187,37.9217],[15.9313,37.9189],[15.9375,37.9159],[15.95,37.9122],[15.9604,37.9118],[15.9708,37.909],[15.9812,37.9033],[15.9979,37.9005],[16.0083,37.9019],[16.0176,37.9],[16.0203,37.8958],[16.0206,37.8833],[16.0222,37.8813],[16.0292,37.879],[16.0437,37.8795],[16.0577,37.8792],[16.0833,37.8873],[16.0941,37.8937],[16.1083,37.9085],[16.1207,37.9188],[16.129,37.9292],[16.1334,37.9333],[16.1417,37.9438],[16.1438,37.949],[16.145,37.9646],[16.1476,37.9729],[16.1521,37.9773],[16.1625,37.9822],[16.1703,37.9833],[16.1729,37.9875],[16.172,37.9958],[16.1751,38.0187],[16.179,38.0417],[16.1817,38.05],[16.1847,38.0542],[16.1962,38.0604],[16.1991,38.0688],[16.1993,38.0729],[16.1959,38.0833],[16.1963,38.0875],[16.2011,38.0958],[16.1989,38.1],[16.1854,38.1085],[16.1771,38.1108],[16.1727,38.1146],[16.1741,38.1208],[16.1691,38.1292],[16.1707,38.1333],[16.175,38.1364],[16.1833,38.1378],[16.1958,38.1354],[16.2083,38.1437],[16.2124,38.15],[16.2266,38.1646],[16.2321,38.175],[16.2328,38.1812],[16.2354,38.1844],[16.2458,38.1883],[16.2563,38.1997],[16.275,38.2103],[16.2783,38.2146],[16.2854,38.2184],[16.2917,38.2282],[16.299,38.2313],[16.3037,38.2375],[16.2952,38.2479],[16.294,38.2521],[16.3,38.2568],[16.3062,38.2587],[16.321,38.2583],[16.324,38.2625],[16.3205,38.275],[16.3197,38.2833],[16.3209,38.2875],[16.3306,38.2958]]]}},{"type":"Feature","properties":{"depth":-100},"geometry":{"type":"MultiLineString","coordinates":[[[15.636,38.0729],[15.6452,38.0667],[15.6479,38.0604],[15.6463,38.05],[15.6508,38.0417],[15.6515,38.0375],[15.6492,38.0312],[15.6372,38.0208]]]}},{"type":"Feature","properties":{"depth":-100},"geometry":{"type":"MultiLineString","coordinates":[[[12.7895,38.1376],[12.79,38.1417],[12.7875,38.1468],[12.7818,38.1542],[12.7794,38.1604],[12.7722,38.168]]]}},{"type":"Feature","properties":{"depth":-100},"geometry":{"type":"MultiLineString","coordinates":[[[12.7712,38.1747],[12.7701,38.1854],[12.7704,38.1917],[12.7668,38.1958],[12.7592,38.2],[12.7439,38.2042],[12.7354,38.2056],[12.7271,38.2058],[12.725,38.2044],[12.7238,38.1979],[12.7208,38.1927],[12.7146,38.187],[12.7106,38.1812],[12.7086,38.175],[12.7123,38.1646],[12.7134,38.1583],[12.709,38.15],[12.7042,38.147],[12.6937,38.147],[12.6708,38.1388],[12.6449,38.1271],[12.6333,38.1163],[12.6292,38.1136],[12.6146,38.1117],[12.5958,38.1142],[12.5875,38.114],[12.5844,38.1125],[12.5792,38.1061],[12.5687,38.1026],[12.5563,38.0947],[12.55,38.0933],[12.5437,38.09],[12.5354,38.0878],[12.5271,38.0813],[12.5146,38.0804],[12.5104,38.0814],[12.4979,38.0821],[12.4938,38.081],[12.4875,38.0761],[12.4833,38.0748],[12.475,38.0782],[12.4654,38.0875],[12.4583,38.0885],[12.4544,38.0854],[12.4467,38.0708],[12.4404,38.0625],[12.437,38.0562],[12.4299,38.0479],[12.425,38.0398],[12.4187,38.0369],[12.4042,38.0278],[12.3979,38.0253],[12.3896,38.0245],[12.3812,38.026],[12.3709,38.0354],[12.3625,38.0381],[12.3521,38.0366],[12.3438,38.0373],[12.3351,38.0438],[12.3292,38.0559],[12.325,38.0589],[12.3146,38.0575],[12.3083,38.0548],[12.3042,38.0546],[12.3006,38.0583],[12.2987,38.0729],[12.2959,38.0771],[12.2789,38.0896],[12.268,38.0938],[12.25,38.0969],[12.2354,38.0953],[12.2208,38.0909],[12.2119,38.0896],[12.2114,38.0854],[12.2186,38.0792],[12.2198,38.075],[12.2188,38.0688],[12.2225,38.0583],[12.2236,38.0479],[12.2206,38.0417],[12.2197,38.0333],[12.2176,38.0271],[12.2127,38.0208],[12.2108,38.0104],[12.2082,38.0021],[12.2089,37.9979],[12.2135,37.9937],[12.2145,37.9896],[12.2125,37.9871],[12.2083,37.9885],[12.2065,37.9854],[12.2083,37.959],[12.2146,37.9401],[12.2208,37.9267],[12.2338,37.9062],[12.2375,37.8963],[12.2452,37.8896],[12.2499,37.8833],[12.2518,37.8708],[12.2596,37.8625],[12.2646,37.8479],[12.2667,37.8463],[12.2729,37.8468],[12.2812,37.8458],[12.2875,37.8351],[12.2912,37.8271],[12.2983,37.8208],[12.3042,37.8141],[12.3125,37.8085],[12.3224,37.8],[12.325,37.7933],[12.3305,37.7896],[12.3334,37.7792],[12.3375,37.7727],[12.3479,37.7625],[12.356,37.7563],[12.3646,37.7464],[12.3729,37.7385],[12.3792,37.7344],[12.3854,37.7242],[12.3911,37.7167],[12.395,37.7062],[12.4017,37.6938],[12.4017,37.6875],[12.3958,37.6704],[12.395,37.6625],[12.3972,37.6583],[12.4083,37.648],[12.4145,37.6437],[12.4165,37.6396],[12.4151,37.6354],[12.4037,37.6292],[12.3975,37.6229],[12.3948,37.6187],[12.3947,37.6104],[12.4,37.5938],[12.4094,37.5708],[12.4178,37.5583],[12.422,37.55]]]}},{"type":"Feature","properties":{"depth":-100},"geometry":{"type":"MultiLineString","coordinates":[[[15.572,38.1887],[15.577,38.1896],[15.5772,38.1917],[15.5729,38.2008],[15.5689,38.2062],[15.5694,38.2104],[15.575,38.2199],[15.5828,38.2292],[15.5895,38.2354],[15.5979,38.2408],[15.6061,38.2437],[15.6167,38.2508],[15.6208,38.2556],[15.625,38.2573],[15.6354,38.2572],[15.6393,38.2604]]]}},{"type":"Feature","properties":{"depth":-100},"geometry":{"type":"MultiLineString","coordinates":[[[15.6444,38.234],[15.6292,38.2359],[15.6238,38.2396],[15.6229,38.2461],[15.619,38.2458],[15.6167,38.2378],[15.6168,38.2333],[15.6199,38.2271],[15.6223,38.2167],[15.6257,38.2083],[15.6292,38.1896],[15.6307,38.1854],[15.6368,38.1771],[15.6373,38.1688],[15.6431,38.1583],[15.6479,38.1521],[15.6492,38.1333],[15.6453,38.125],[15.643,38.1167],[15.6387,38.1104],[15.6298,38.1021],[15.6283,38.0979],[15.6292,38.093]]]}},{"type":"Feature","properties":{"depth":-100},"geometry":{"type":"MultiLineString","coordinates":[[[15.6527,38.2652],[15.6562,38.2645],[15.6602,38.2687],[15.6458,38.2791],[15.6347,38.2833],[15.6125,38.2981],[15.6,38.3029],[15.5896,38.3091],[15.5803,38.3208],[15.5752,38.3292],[15.5526,38.3417],[15.5437,38.3455],[15.5396,38.3454],[15.5208,38.3397],[15.5083,38.3322],[15.5009,38.3292],[15.4875,38.3201],[15.4793,38.3167],[15.474,38.3125],[15.4629,38.3],[15.4592,38.2917],[15.4509,38.2854],[15.4417,38.2758],[15.4339,38.2729],[15.4271,38.2654],[15.4215,38.2563],[15.4104,38.2515],[15.4052,38.2521],[15.4,38.2581],[15.3917,38.2606],[15.3812,38.2561],[15.375,38.2574],[15.367,38.2563],[15.3607,38.2479],[15.3562,38.2445],[15.3479,38.2431],[15.3417,38.2452],[15.3354,38.2448],[15.3271,38.241],[15.3225,38.2354],[15.3205,38.2292],[15.3083,38.222],[15.2979,38.2187],[15.2875,38.2185],[15.2729,38.2194],[15.2672,38.2229],[15.2583,38.2348],[15.2553,38.2417],[15.2551,38.2542],[15.2541,38.2625],[15.2505,38.2708],[15.2458,38.2781],[15.2417,38.2803],[15.2271,38.2792],[15.2208,38.2758],[15.2184,38.2646],[15.2214,38.2479],[15.2263,38.2375],[15.2271,38.2313],[15.2246,38.225],[15.226,38.2167],[15.224,38.2062],[15.2213,38.2021],[15.2104,38.1896],[15.2021,38.1865],[15.1958,38.1893],[15.1917,38.189],[15.1808,38.1833],[15.1784,38.1792],[15.1766,38.1667],[15.1708,38.1599],[15.1667,38.1599],[15.1604,38.1654],[15.15,38.1647],[15.1312,38.1658],[15.1125,38.164],[15.0958,38.1646],[15.0813,38.1667],[15.0687,38.1703],[15.0631,38.1729],[15.0521,38.1753],[15.0458,38.1807],[15.0417,38.1825],[15.0312,38.1772],[15.0229,38.1778],[15.0146,38.1801],[14.9917,38.1761],[14.9854,38.1762],[14.975,38.1786],[14.9688,38.1814],[14.9604,38.1868],[14.9521,38.1908],[14.9396,38.191],[14.9333,38.1923],[14.9227,38.1979],[14.9146,38.1985],[14.9083,38.1967],[14.9,38.1971],[14.8958,38.1954],[14.8919,38.1896],[14.8909,38.1812],[14.8875,38.1772],[14.875,38.1825],[14.8604,38.1825],[14.85,38.1854],[14.8458,38.1845],[14.8396,38.1785],[14.8333,38.1777],[14.8208,38.1852],[14.8125,38.1853],[14.8042,38.1793],[14.7958,38.1786],[14.7854,38.1833],[14.7708,38.1861],[14.7625,38.1852],[14.75,38.1806],[14.7417,38.1788],[14.7312,38.1743],[14.7271,38.1704],[14.7229,38.1604],[14.7167,38.1573],[14.7104,38.1594],[14.7063,38.1591],[14.6896,38.1479],[14.6811,38.1375],[14.6708,38.1304],[14.6582,38.1292],[14.6458,38.1249],[14.6305,38.1187],[14.6146,38.1146],[14.6042,38.114],[14.5917,38.1119],[14.5771,38.1109],[14.5687,38.1114],[14.5604,38.1141],[14.5512,38.1187],[14.5417,38.1219],[14.5354,38.1288],[14.5312,38.1304],[14.5208,38.1284],[14.4979,38.1274],[14.4749,38.1229],[14.4646,38.1201],[14.4583,38.12],[14.4479,38.1223],[14.4375,38.1211],[14.425,38.1159],[14.4184,38.1146],[14.4181,38.1104],[14.4149,38.1063],[14.4055,38.0979],[14.3979,38.0927],[14.3876,38.0875],[14.3667,38.0804],[14.3583,38.0786],[14.3375,38.0775],[14.3135,38.0729],[14.2937,38.0684],[14.2688,38.0613],[14.2417,38.055],[14.225,38.0535],[14.1958,38.0546],[14.1771,38.0546],[14.1479,38.0523],[14.1229,38.0523],[14.1021,38.0541],[14.056,38.0625],[14.0333,38.0656],[14.0062,38.0675],[13.9856,38.0667],[13.9708,38.0642],[13.9583,38.0576],[13.9479,38.0538],[13.9437,38.0534],[13.9375,38.0557],[13.9167,38.0516],[13.8979,38.0485],[13.875,38.0476],[13.8646,38.0435],[13.8479,38.0402],[13.8271,38.0388],[13.8125,38.0392],[13.8,38.0421],[13.7854,38.0406],[13.7708,38.0399],[13.7458,38.0398],[13.7229,38.0419],[13.6896,38.0478],[13.6625,38.0544],[13.65,38.0571],[13.6431,38.0604],[13.6356,38.0667],[13.6125,38.0733],[13.6062,38.0763],[13.5896,38.0875],[13.5671,38.1104],[13.5605,38.1167],[13.5544,38.1208],[13.5458,38.1245],[13.5312,38.1278],[13.5188,38.1289],[13.5062,38.1276],[13.4979,38.1257],[13.4812,38.1244],[13.4688,38.1251],[13.4583,38.1238],[13.4396,38.1251],[13.4333,38.1267],[13.4146,38.1347],[13.4053,38.1417],[13.4013,38.1479],[13.3931,38.1729],[13.3914,38.1833],[13.3857,38.1917],[13.3852,38.2021],[13.3833,38.2066],[13.375,38.2184],[13.3688,38.2373],[13.3646,38.2416],[13.3562,38.2439],[13.3479,38.2446],[13.3375,38.2421],[13.3271,38.2425],[13.3187,38.2417],[13.3063,38.2418],[13.2937,38.2399],[13.2729,38.2319],[13.2417,38.2252],[13.2333,38.2219],[13.2229,38.2164],[13.2146,38.2149],[13.2021,38.2077],[13.1917,38.2063],[13.1792,38.21],[13.1687,38.2202],[13.1646,38.2208],[13.1562,38.2172],[13.1521,38.2171],[13.1417,38.2201],[13.125,38.2261],[13.1167,38.2265],[13.1021,38.2246],[13.0958,38.2249],[13.0792,38.2224],[13.0583,38.2185],[13.05,38.2178],[13.0455,38.2146],[13.0452,38.2104],[13.0474,38.2021],[13.0465,38.1938],[13.0467,38.1833],[13.0354,38.1562],[13.028,38.1354],[13.0236,38.1271],[13.0188,38.1211],[13.0062,38.1102],[12.9792,38.0936],[12.9583,38.0838],[12.9377,38.0771],[12.925,38.0746],[12.9042,38.0721],[12.8854,38.0708],[12.875,38.0731],[12.8683,38.0792],[12.8583,38.0842],[12.8479,38.0874],[12.8271,38.0904],[12.8167,38.0951],[12.8083,38.1018],[12.7979,38.1078],[12.7939,38.1125],[12.7896,38.1209]]]}},{"type":"Feature","properties":{"depth":-100},"geometry":{"type":"MultiLineString","coordinates":[[[16.3325,38.2971],[16.3375,38.2989],[16.3479,38.2992],[16.3646,38.286],[16.3729,38.2857],[16.3792,38.2831],[16.3854,38.276],[16.3917,38.273],[16.4,38.2745],[16.4104,38.2731],[16.4208,38.2752],[16.4373,38.2812],[16.4542,38.2906],[16.4658,38.2958],[16.4768,38.3021],[16.4795,38.3062],[16.4792,38.314],[16.4758,38.3312],[16.478,38.3375],[16.4896,38.3462],[16.4958,38.3451],[16.5021,38.3412],[16.5125,38.3377],[16.5188,38.3372],[16.5269,38.3396],[16.5434,38.35],[16.547,38.3542]]]}},{"type":"Feature","properties":{"depth":-100},"geometry":{"type":"MultiLineString","coordinates":[[[15.8167,38.3049],[15.8083,38.2977],[15.8021,38.2945],[15.7917,38.2847],[15.7812,38.2799],[15.775,38.2788],[15.7657,38.275],[15.75,38.2674],[15.7271,38.2609],[15.7167,38.2593],[15.7,38.2538],[15.6729,38.25],[15.6687,38.2483],[15.6604,38.2421],[15.6485,38.2354]]]}},{"type":"Feature","properties":{"depth":-100},"geometry":{"type":"MultiLineString","coordinates":[[[12.3801,37.55],[12.3785,37.5562],[12.3726,37.5625],[12.3667,37.5652],[12.3521,37.5669],[12.3469,37.5708],[12.347,37.575],[12.3535,37.5812],[12.3417,37.5917],[12.3365,37.6042],[12.3325,37.6104],[12.325,37.6185],[12.3208,37.6215],[12.3104,37.6255],[12.3065,37.6292],[12.3057,37.6354],[12.3084,37.6417],[12.3079,37.6458],[12.2989,37.6562],[12.2934,37.6708],[12.2894,37.675],[12.2771,37.6809],[12.2688,37.6807],[12.2542,37.6755],[12.2479,37.6708],[12.2396,37.6589],[12.2354,37.6554],[12.2188,37.6455],[12.2063,37.6435],[12.1958,37.6357],[12.1917,37.6345],[12.1833,37.6359],[12.1711,37.6437],[12.1646,37.6456],[12.1521,37.6453],[12.1438,37.6424],[12.1396,37.6395],[12.1317,37.6313],[12.1292,37.6271],[12.1272,37.6187],[12.1282,37.6146],[12.1336,37.6042],[12.1342,37.6],[12.1312,37.5979],[12.1146,37.5975],[12.1096,37.5938],[12.1082,37.5854],[12.1118,37.5792],[12.1292,37.5712],[12.1341,37.5667],[12.1339,37.5625],[12.1271,37.5592],[12.1146,37.5604],[12.1064,37.5646],[12.1043,37.5708],[12.1043,37.5771],[12.1022,37.5812],[12.0938,37.5832],[12.0833,37.5827],[12.075,37.5805],[12.0708,37.5775],[12.0625,37.5644],[12.0542,37.5569],[12.0437,37.5551],[12.0363,37.5521],[12.0351,37.55]],[[11.901,37.55],[11.9038,37.5542],[11.9046,37.5604],[11.9023,37.5708],[11.9019,37.5812],[11.8958,37.5938],[11.896,37.5958],[11.9104,37.599],[11.9152,37.6021],[11.9162,37.6063],[11.9125,37.6179],[11.9042,37.6271],[11.9104,37.633],[11.9229,37.6347],[11.9292,37.637],[11.9375,37.637],[11.95,37.6334],[11.9542,37.6344],[11.9708,37.6451],[11.9753,37.6521],[11.9763,37.6583],[11.9734,37.6625],[11.9688,37.6648],[11.9655,37.6688],[11.9651,37.6854],[11.9637,37.6958],[11.9636,37.7042],[11.9661,37.7167],[11.9588,37.7229],[11.9542,37.7251],[11.9479,37.7258],[11.937,37.7229],[11.9292,37.7179],[11.9187,37.7155],[11.9083,37.7162],[11.8989,37.7125],[11.891,37.7042],[11.8881,37.6958],[11.8886,37.6792],[11.8913,37.6646],[11.8875,37.6612],[11.8792,37.6598],[11.8646,37.655],[11.8521,37.6524],[11.8396,37.6523],[11.8146,37.6575],[11.8,37.6518],[11.7958,37.6495],[11.7878,37.6375],[11.7812,37.6337],[11.7771,37.6333],[11.7604,37.6361],[11.75,37.6342],[11.7424,37.6292],[11.7406,37.625],[11.7438,37.6209],[11.7521,37.6183],[11.7584,37.6146],[11.772,37.6021],[11.7736,37.5979],[11.7723,37.5938],[11.7607,37.5812],[11.7598,37.5771],[11.7629,37.5646],[11.763,37.5562],[11.7613,37.5521],[11.7598,37.55]]]}},{"type":"Feature","properties":{"depth":-100},"geometry":{"type":"MultiLineString","coordinates":[[[12.079,38.0042],[12.0667,38.0122],[12.0604,38.02],[12.0563,38.0233],[12.0458,38.0268],[12.0333,38.0292],[12.025,38.028],[12.0188,38.0232],[12.0158,38.0146],[12.0089,38.0],[12.009,37.9937],[12.0109,37.9833],[12.0109,37.975],[12.0127,37.9667],[12.0114,37.9562],[12.0124,37.95],[12.0118,37.9396],[12.0124,37.9333],[12.0152,37.9292],[12.0375,37.9106],[12.0542,37.9016],[12.0625,37.8999],[12.0651,37.8979],[12.065,37.8937],[12.0591,37.8896],[12.0646,37.8871],[12.0687,37.8902],[12.0854,37.8962],[12.0938,37.8958],[12.1004,37.8917],[12.1042,37.8869],[12.108,37.8896],[12.1082,37.8937],[12.1125,37.8976],[12.1146,37.8961],[12.1151,37.8896],[12.117,37.8854],[12.1264,37.875],[12.1312,37.8723],[12.1375,37.8732],[12.1458,37.8805],[12.1562,37.8845],[12.1583,37.8836],[12.1646,37.8685],[12.1687,37.8644],[12.1729,37.8632],[12.1771,37.8675],[12.1793,37.8771],[12.1765,37.8875],[12.179,37.8937],[12.1833,37.8964],[12.1869,37.9021],[12.1867,37.9062],[12.1819,37.9146],[12.1809,37.9208],[12.1771,37.9244],[12.1708,37.9195],[12.1646,37.9209],[12.162,37.925],[12.162,37.9333],[12.1655,37.9375],[12.1646,37.9417],[12.1564,37.9458],[12.15,37.9512],[12.1445,37.9604],[12.1062,37.98],[12.1,37.9851],[12.0896,37.9959],[12.079,38.0042]]]}},{"type":"Feature","properties":{"depth":-50},"geometry":{"type":"MultiLineString","coordinates":[[[15.1565,37.55],[15.1625,37.5537],[15.1667,37.5569],[15.1764,37.5708],[15.1779,37.5758]]]}},{"type":"Feature","properties":{"depth":-50},"geometry":{"type":"MultiLineString","coordinates":[[[15.1792,37.5807],[15.1794,37.5854],[15.1766,37.5917],[15.1766,37.6042],[15.175,37.6104]]]}},{"type":"Feature","properties":{"depth":-50},"geometry":{"type":"MultiLineString","coordinates":[[[15.2002,37.6581],[15.2086,37.6688],[15.2188,37.691],[15.225,37.7103],[15.2254,37.7167],[15.223,37.7208],[15.2109,37.7354],[15.2087,37.7417],[15.2096,37.7471]]]}},{"type":"Feature","properties":{"depth":-50},"geometry":{"type":"MultiLineString","coordinates":[[[15.2169,37.7586],[15.2242,37.7625],[15.2325,37.7687],[15.2354,37.773],[15.2368,37.7812],[15.2409,37.7888]]]}},{"type":"Feature","properties":{"depth":-50},"geometry":{"type":"MultiLineString","coordinates":[[[15.2685,37.8164],[15.2771,37.8189],[15.2839,37.825],[15.2854,37.8375],[15.2896,37.8416],[15.2957,37.8439]]]}},{"type":"Feature","properties":{"depth":-50},"geometry":{"type":"MultiLineString","coordinates":[[[15.3063,37.8762],[15.3085,37.8792],[15.3294,37.8917],[15.3354,37.9021]]]}},{"type":"Feature","properties":{"depth":-50},"geometry":{"type":"MultiLineString","coordinates":[[[15.3376,37.9042],[15.3461,37.9062],[15.3511,37.9146],[15.352,37.9229],[15.3573,37.9303]]]}},{"type":"Feature","properties":{"depth":-50},"geometry":{"type":"MultiLineString","coordinates":[[[15.7805,37.9146],[15.7875,37.9107],[15.8,37.9165],[15.8104,37.9166],[15.8249,37.9146],[15.8417,37.9146],[15.8521,37.9168],[15.8604,37.9197],[15.8812,37.9224],[15.9062,37.9234],[15.9167,37.9248],[15.9292,37.9236],[15.9396,37.9189],[15.9521,37.916],[15.9625,37.9151],[15.9729,37.9129],[15.9833,37.9092],[15.9979,37.9077],[16.0104,37.9085],[16.0208,37.904],[16.0271,37.8992],[16.0354,37.8973],[16.0458,37.9004],[16.0583,37.9019],[16.0771,37.908],[16.0813,37.9103],[16.0936,37.9229],[16.1055,37.9312],[16.1119,37.9396],[16.1252,37.9542],[16.1303,37.9625],[16.1396,37.9732],[16.1456,37.9833],[16.1493,37.9937],[16.1567,38.0063],[16.1646,38.0223],[16.1687,38.0328],[16.1736,38.0521],[16.1787,38.0646],[16.1849,38.0917],[16.1852,38.1],[16.1827,38.1042],[16.1687,38.1092],[16.1663,38.1146],[16.1686,38.1208],[16.1639,38.1306]]]}},{"type":"Feature","properties":{"depth":-50},"geometry":{"type":"MultiLineString","coordinates":[[[15.4792,38.0564],[15.4908,38.0646],[15.498,38.0729],[15.5033,38.0867]]]}},{"type":"Feature","properties":{"depth":-50},"geometry":{"type":"MultiLineString","coordinates":[[[13.5074,38.1199],[13.5004,38.1187],[13.4918,38.1146],[13.475,38.1103],[13.4667,38.1095],[13.4563,38.1101],[13.4354,38.1094],[13.4208,38.111],[13.4104,38.1133],[13.3979,38.1181],[13.3896,38.1228],[13.3833,38.1281],[13.3812,38.1316],[13.3797,38.1417],[13.3835,38.1521],[13.3749,38.1729],[13.3733,38.1854],[13.3703,38.1938],[13.3694,38.2],[13.3667,38.2058],[13.3603,38.2125],[13.3591,38.2167],[13.3611,38.2271],[13.3605,38.2292],[13.353,38.2313],[13.3333,38.2319],[13.3229,38.2339],[13.3104,38.2332],[13.2937,38.2289],[13.2872,38.225],[13.2792,38.2182],[13.2604,38.2126],[13.2542,38.2122],[13.2396,38.2133],[13.2333,38.2125],[13.2299,38.2104],[13.2229,38.2031],[13.2125,38.1985],[13.2063,38.1977],[13.1937,38.1985],[13.1878,38.2],[13.175,38.2015],[13.1625,38.2077],[13.15,38.2085],[13.1333,38.2114],[13.1146,38.212],[13.0949,38.2104],[13.0753,38.2062],[13.0669,38.2021],[13.0625,38.1972],[13.0563,38.1962],[13.0542,38.1917],[13.0563,38.1868],[13.0604,38.1847],[13.0624,38.1812],[13.063,38.1729],[13.0605,38.1625],[13.0616,38.1562],[13.0604,38.1471],[13.0583,38.1438],[13.0521,38.1394],[13.0486,38.1313],[13.0479,38.1208],[13.0459,38.1125],[13.0411,38.1042],[13.0348,38.0979],[13.0231,38.0896],[13.0126,38.0833],[12.9854,38.0691],[12.9688,38.062],[12.95,38.0553],[12.9375,38.0528],[12.9042,38.0508],[12.8917,38.0511],[12.8771,38.0542],[12.8667,38.0597],[12.8583,38.0614],[12.8518,38.0646],[12.8417,38.073],[12.8354,38.0753],[12.8278,38.0812],[12.8167,38.0873],[12.8067,38.0979],[12.7979,38.1032]]]}},{"type":"Feature","properties":{"depth":-50},"geometry":{"type":"MultiLineString","coordinates":[[[16.1717,38.1404],[16.1854,38.1408],[16.1938,38.1397],[16.2042,38.1462],[16.2085,38.1521],[16.2229,38.1673],[16.2274,38.175],[16.2288,38.1833],[16.2333,38.1886],[16.2417,38.1916],[16.2458,38.1945],[16.2563,38.2046],[16.2673,38.2125],[16.2785,38.2229],[16.2855,38.2313],[16.292,38.2375],[16.2934,38.2417],[16.2902,38.2479],[16.2902,38.2542],[16.2937,38.2576],[16.3062,38.2618],[16.3169,38.2625],[16.3187,38.2646],[16.3155,38.2821]]]}},{"type":"Feature","properties":{"depth":-50},"geometry":{"type":"MultiLineString","coordinates":[[[12.7688,38.1791],[12.7669,38.1917],[12.7643,38.1938],[12.7479,38.1983],[12.7419,38.2021],[12.7354,38.2035],[12.7285,38.2021],[12.7258,38.1938],[12.7147,38.1812],[12.7127,38.1771],[12.7132,38.1729],[12.7198,38.1604],[12.7227,38.1521],[12.7229,38.1479],[12.7208,38.1406],[12.7125,38.1316],[12.7063,38.1268],[12.6979,38.1228],[12.6917,38.1222],[12.675,38.1239],[12.6687,38.1236],[12.6542,38.1186],[12.65,38.1145],[12.6417,38.1032],[12.6375,38.0997],[12.6292,38.0979],[12.6146,38.0981],[12.6021,38.099],[12.5958,38.0973],[12.5833,38.0908],[12.5667,38.0876],[12.5479,38.0742],[12.5437,38.0722],[12.5354,38.0733],[12.5271,38.0715],[12.5207,38.0688],[12.5125,38.0606],[12.5062,38.0583],[12.5,38.058],[12.4875,38.0525],[12.4792,38.055],[12.4708,38.0634],[12.4667,38.0653],[12.4625,38.0644],[12.4563,38.0592],[12.4385,38.0479],[12.4372,38.0438],[12.4384,38.0354],[12.4333,38.0258],[12.425,38.0176],[12.4167,38.0125],[12.4062,38.008],[12.3854,37.9965],[12.3812,37.9953],[12.3771,37.9966],[12.3666,38.0104],[12.3649,38.0229],[12.3562,38.0218],[12.3438,38.0272],[12.3354,38.0297],[12.3271,38.0293],[12.3187,38.0258],[12.3056,38.0167],[12.3018,38.0104],[12.3007,38.0063],[12.3011,37.9979],[12.3041,37.9854],[12.3021,37.9815],[12.2979,37.9821],[12.2854,37.9879],[12.275,37.991],[12.2646,37.9889],[12.2562,37.9829],[12.24,37.9646],[12.2372,37.9604],[12.238,37.9562],[12.2479,37.9505],[12.2542,37.9449],[12.2599,37.9375],[12.2688,37.9284],[12.2767,37.9167],[12.2794,37.9083],[12.2833,37.9048],[12.2958,37.9049],[12.3063,37.9024],[12.3097,37.9],[12.3119,37.8917],[12.3102,37.8833],[12.3059,37.8771],[12.3049,37.8729],[12.3056,37.8646],[12.2969,37.8479],[12.2998,37.8417],[12.3083,37.8317],[12.3208,37.8239],[12.3313,37.8159],[12.3417,37.8026],[12.35,37.7835],[12.3562,37.7761],[12.3708,37.7722],[12.3794,37.7667],[12.3862,37.7583],[12.398,37.75],[12.4062,37.7397],[12.4208,37.7338],[12.4252,37.7292],[12.4316,37.7188],[12.437,37.7],[12.4354,37.6917],[12.4316,37.6854],[12.42,37.6604],[12.4205,37.6542],[12.4232,37.6458],[12.4247,37.6375],[12.4271,37.633],[12.4396,37.6282],[12.4542,37.629],[12.4625,37.627],[12.4675,37.6229],[12.475,37.6139],[12.4792,37.6107],[12.4938,37.6091],[12.5,37.6048],[12.5104,37.5932],[12.5167,37.5909],[12.5312,37.5828],[12.5362,37.5792],[12.5437,37.577],[12.5563,37.5755],[12.573,37.5625],[12.5867,37.55]]]}},{"type":"Feature","properties":{"depth":-50},"geometry":{"type":"MultiLineString","coordinates":[[[15.2125,38.1873],[15.2042,38.1823],[15.1958,38.1819],[15.1917,38.1795],[15.1833,38.1719],[15.1781,38.1604],[15.1708,38.155],[15.1583,38.1566],[15.1438,38.1518],[15.125,38.15],[15.1146,38.1459],[15.1062,38.1403],[15.0979,38.1369],[15.0896,38.137],[15.0813,38.1398],[15.0771,38.1426],[15.0667,38.1518],[15.0563,38.1571],[15.0396,38.1608],[15.0354,38.161],[15.0146,38.1584],[15.0042,38.1599],[14.9938,38.1641],[14.9833,38.165],[14.9729,38.1668],[14.9688,38.1685],[14.9595,38.175],[14.9475,38.1854],[14.9435,38.1875],[14.9313,38.1904],[14.9212,38.1958],[14.9146,38.1959],[14.9104,38.1941],[14.9021,38.1933],[14.8958,38.19],[14.8937,38.1854],[14.8935,38.1792],[14.8896,38.1734],[14.8854,38.1741],[14.875,38.1794],[14.8646,38.179],[14.8521,38.1804],[14.8479,38.1798],[14.8375,38.174],[14.8104,38.1751],[14.8042,38.1741],[14.7937,38.1757],[14.7812,38.1803],[14.7729,38.181],[14.7608,38.1792],[14.7477,38.175],[14.7358,38.1688],[14.7312,38.1642],[14.7269,38.1562],[14.7229,38.1521],[14.7125,38.1497],[14.7063,38.1458],[14.6875,38.1305],[14.6687,38.1178],[14.6438,38.1046],[14.6312,38.0995],[14.6083,38.0931],[14.5729,38.0862],[14.5521,38.0814],[14.5417,38.0772],[14.5375,38.0769],[14.5062,38.0705],[14.4854,38.0679],[14.475,38.0671],[14.4646,38.0646],[14.4542,38.0656],[14.4417,38.0643],[14.4333,38.0609],[14.4208,38.0608],[14.3917,38.0516],[14.3667,38.0459],[14.3375,38.0423],[14.3229,38.0388],[14.3125,38.037],[14.2854,38.0344],[14.2458,38.0322],[14.2375,38.0322],[14.2188,38.0345],[14.2104,38.0343],[14.1958,38.0391],[14.175,38.0405],[14.1438,38.0386],[14.1312,38.0362],[14.1188,38.0349],[14.1083,38.0353],[14.0917,38.0386],[14.0687,38.0417],[14.0583,38.0448],[14.0437,38.0507],[14.0375,38.0523],[14.025,38.0534],[14.0,38.0532],[13.9708,38.0506],[13.9563,38.0475],[13.9458,38.0444],[13.9375,38.0435],[13.9208,38.0386],[13.8917,38.0288],[13.8708,38.0225],[13.8562,38.0211],[13.8479,38.0175],[13.8417,38.0159],[13.8167,38.0115],[13.8042,38.01],[13.7875,38.0102],[13.7771,38.0118],[13.7646,38.0127],[13.75,38.0151],[13.725,38.0206],[13.7021,38.0246],[13.6792,38.0263],[13.6687,38.0289],[13.6458,38.0311],[13.6312,38.0335],[13.6188,38.0371],[13.5958,38.0461],[13.5792,38.0542],[13.5677,38.0646],[13.5555,38.0792],[13.5539,38.0854],[13.5541,38.0917],[13.5576,38.0979],[13.5566,38.1021],[13.5479,38.1111],[13.5398,38.1167],[13.5354,38.1177],[13.5098,38.1194]]]}},{"type":"Feature","properties":{"depth":-50},"geometry":{"type":"MultiLineString","coordinates":[[[15.564,38.2068],[15.5663,38.2125],[15.5762,38.2292],[15.5829,38.2375],[15.5973,38.25]]]}},{"type":"Feature","properties":{"depth":-50},"geometry":{"type":"MultiLineString","coordinates":[[[15.6354,38.2304],[15.6271,38.2285],[15.6257,38.2208],[15.6306,38.2062],[15.6333,38.1912]]]}},{"type":"Feature","properties":{"depth":-50},"geometry":{"type":"MultiLineString","coordinates":[[[15.252,38.2543],[15.2509,38.2604],[15.2459,38.2729],[15.2417,38.2768],[15.2293,38.275],[15.225,38.2732],[15.2239,38.2687],[15.2319,38.2479],[15.2309,38.2313],[15.2287,38.225],[15.2288,38.2122]]]}},{"type":"Feature","properties":{"depth":-50},"geometry":{"type":"MultiLineString","coordinates":[[[15.6457,38.2729],[15.6417,38.2768],[15.6188,38.2811],[15.6104,38.2837],[15.6042,38.2871],[15.5938,38.2959],[15.5866,38.3042],[15.5771,38.3115],[15.5667,38.3158],[15.5467,38.3188],[15.5312,38.3254],[15.5229,38.324],[15.517,38.3208],[15.5,38.3085],[15.4875,38.2986],[15.467,38.2812],[15.4505,38.2687],[15.4354,38.2583],[15.4229,38.2507],[15.4104,38.2461],[15.3917,38.2422],[15.3781,38.2375],[15.3509,38.2313],[15.3375,38.2288],[15.325,38.2235],[15.3021,38.215],[15.2958,38.2139],[15.2708,38.2145],[15.2604,38.2166],[15.2521,38.2208],[15.2479,38.225],[15.2472,38.2285]]]}},{"type":"Feature","properties":{"depth":-50},"geometry":{"type":"MultiLineString","coordinates":[[[15.8167,38.3007],[15.8083,38.293],[15.8021,38.2905],[15.7937,38.2814],[15.7812,38.276],[15.775,38.2749],[15.7652,38.2708],[15.75,38.2634],[15.7292,38.2574],[15.7165,38.2564]]]}},{"type":"Feature","properties":{"depth":-50},"geometry":{"type":"MultiLineString","coordinates":[[[16.3493,38.3035],[16.3542,38.2983],[16.3646,38.2915],[16.3687,38.2901],[16.3833,38.2897],[16.4042,38.2932],[16.4417,38.305],[16.4604,38.3126],[16.4646,38.3149],[16.4708,38.3248],[16.4716,38.3312],[16.4771,38.3424],[16.4854,38.3486],[16.4937,38.3496],[16.5042,38.3476],[16.5121,38.3542]]]}},{"type":"Feature","properties":{"depth":-50},"geometry":{"type":"MultiLineString","coordinates":[[[11.7916,37.55],[11.7917,37.5504],[11.7979,37.5518],[11.8073,37.55]],[[11.8096,37.55],[11.8167,37.5511],[11.8208,37.554],[11.8248,37.5604],[11.8258,37.5688],[11.8223,37.5771],[11.8146,37.5836],[11.8042,37.5878],[11.7958,37.5893],[11.7875,37.5877],[11.7771,37.5836],[11.7718,37.5792],[11.7709,37.5708],[11.7738,37.5604],[11.7731,37.5562],[11.7676,37.55]]]}},{"type":"Feature","properties":{"depth":-50},"geometry":{"type":"MultiLineString","coordinates":[[[12.4542,37.5608],[12.4573,37.5646],[12.4577,37.5771],[12.4616,37.5896],[12.4611,37.5938],[12.4542,37.5988],[12.4521,37.602],[12.4499,37.6125],[12.4437,37.6168],[12.4313,37.6189],[12.425,37.6185],[12.4198,37.6125],[12.4208,37.6018],[12.425,37.591],[12.4292,37.584],[12.4333,37.5807],[12.4458,37.5776],[12.4489,37.575],[12.4521,37.5638],[12.4542,37.5608]]]}},{"type":"Feature","properties":{"depth":-50},"geometry":{"type":"MultiLineString","coordinates":[[[12.0711,37.9979],[12.0667,38.0007],[12.0479,38.0038],[12.0396,38.0095],[12.0333,38.0085],[12.0271,38.0042],[12.0199,37.9917],[12.0199,37.9875],[12.0254,37.9813],[12.0275,37.975],[12.027,37.9667],[12.0246,37.9604],[12.0257,37.9562],[12.0312,37.9477],[12.0354,37.9444],[12.0604,37.9354],[12.0792,37.9363],[12.0833,37.9375],[12.0933,37.9438],[12.0962,37.9479],[12.0923,37.9583],[12.0875,37.9636],[12.0842,37.9708],[12.0771,37.9792],[12.0752,37.9833],[12.0745,37.9917],[12.0711,37.9979]]]}},{"type":"Feature","properties":{"depth":-20},"geometry":{"type":"MultiLineString","coordinates":[[[15.198,37.6624],[15.2043,37.6708],[15.2132,37.6938],[15.2195,37.707]]]}},{"type":"Feature","properties":{"depth":-20},"geometry":{"type":"MultiLineString","coordinates":[[[15.2207,37.7127],[15.2164,37.7229],[15.2063,37.7351]]]}},{"type":"Feature","properties":{"depth":-20},"geometry":{"type":"MultiLineString","coordinates":[[[15.2769,37.8231],[15.2793,37.8271],[15.2807,37.8354],[15.2842,37.8417],[15.2913,37.8458]]]}},{"type":"Feature","properties":{"depth":-20},"geometry":{"type":"MultiLineString","coordinates":[[[12.2845,37.9167],[12.2875,37.912],[12.3,37.9099],[12.3146,37.9092],[12.3229,37.9054],[12.3313,37.9074],[12.3354,37.9061],[12.3458,37.8938],[12.35,37.8909],[12.3542,37.8911],[12.3646,37.8959],[12.3771,37.8958],[12.3856,37.8917],[12.391,37.8833],[12.3913,37.875],[12.3938,37.8682],[12.4,37.8683],[12.4042,37.8731],[12.4083,37.8728],[12.4098,37.8687],[12.4057,37.8583],[12.4086,37.8542],[12.4062,37.8511],[12.4021,37.8551],[12.3958,37.8541],[12.3929,37.8438],[12.3729,37.8326],[12.3719,37.8292],[12.3737,37.825],[12.3793,37.8188],[12.3804,37.8146],[12.3813,37.8021],[12.3828,37.8],[12.3979,37.785],[12.4021,37.779],[12.4107,37.7729],[12.4213,37.7604],[12.4272,37.7521],[12.4361,37.7458],[12.4468,37.7313],[12.45,37.7234],[12.4532,37.7188],[12.4548,37.7125],[12.4541,37.6979],[12.4559,37.6917],[12.4553,37.6875],[12.4503,37.6771],[12.4474,37.6646],[12.442,37.6542],[12.4417,37.6456],[12.4437,37.6454],[12.4448,37.65],[12.4521,37.6569],[12.4604,37.6584],[12.4636,37.6562],[12.475,37.6423],[12.4771,37.6421],[12.4875,37.6497],[12.4917,37.65],[12.5,37.6472],[12.5104,37.642],[12.5208,37.6405],[12.5354,37.6418],[12.55,37.6444],[12.5583,37.6432],[12.5667,37.639],[12.5792,37.6275],[12.5875,37.6225],[12.5938,37.6167],[12.5979,37.6083],[12.6021,37.6041],[12.6167,37.5949],[12.6221,37.5875],[12.6248,37.5792],[12.6312,37.5715],[12.6358,37.5646],[12.6377,37.5542],[12.6408,37.55]],[[12.7041,37.55],[12.7271,37.5548],[12.7458,37.5604],[12.7708,37.5659],[12.7854,37.5674],[12.8354,37.5686],[12.8667,37.5661],[12.8979,37.5617],[12.9187,37.5574],[12.9271,37.555],[12.9386,37.55]]]}},{"type":"Feature","properties":{"depth":-20},"geometry":{"type":"MultiLineString","coordinates":[[[15.9591,37.9188],[15.9667,37.918],[15.9791,37.9146],[15.9937,37.9125],[16.0021,37.9124],[16.0104,37.9142],[16.0208,37.9119],[16.0396,37.9109],[16.0458,37.9113],[16.0646,37.9155],[16.0708,37.9181],[16.0954,37.9396],[16.1145,37.9604],[16.1295,37.9813],[16.1323,37.9958],[16.1407,38.0042],[16.1457,38.0125],[16.1527,38.0271],[16.1553,38.0354],[16.1635,38.0688],[16.1681,38.0854],[16.1699,38.0958],[16.1687,38.1],[16.1621,38.1083],[16.1612,38.1133]]]}},{"type":"Feature","properties":{"depth":-20},"geometry":{"type":"MultiLineString","coordinates":[[[12.3087,37.9559],[12.3042,37.9596],[12.2958,37.9617],[12.2833,37.9622],[12.2756,37.9667],[12.275,37.9729],[12.2708,37.9752],[12.2676,37.9708],[12.2706,37.9667],[12.2701,37.9625],[12.2663,37.9542],[12.2657,37.9458],[12.2682,37.9375],[12.2771,37.9267]]]}},{"type":"Feature","properties":{"depth":-20},"geometry":{"type":"MultiLineString","coordinates":[[[12.0789,37.9607],[12.0791,37.9667],[12.0711,37.975],[12.0662,37.9912]]]}},{"type":"Feature","properties":{"depth":-20},"geometry":{"type":"MultiLineString","coordinates":[[[12.0355,37.9812],[12.0355,37.9771],[12.0408,37.9542],[12.0521,37.9486],[12.0708,37.9463],[12.0788,37.9479]]]}},{"type":"Feature","properties":{"depth":-20},"geometry":{"type":"MultiLineString","coordinates":[[[12.3508,37.9883],[12.3542,37.9868],[12.3604,37.9884],[12.3623,37.9937],[12.3612,37.9979],[12.3562,38.0068],[12.3477,38.0167],[12.3399,38.0229],[12.3333,38.0243],[12.3254,38.0208],[12.3161,38.0125],[12.3124,38.0042],[12.3124,37.9979],[12.3142,37.9896],[12.3187,37.9819],[12.3229,37.9777],[12.3271,37.977],[12.3354,37.9805],[12.3375,37.9833]]]}},{"type":"Feature","properties":{"depth":-20},"geometry":{"type":"MultiLineString","coordinates":[[[12.0631,37.9937],[12.05,37.9955],[12.0396,37.9949],[12.037,37.9937]]]}},{"type":"Feature","properties":{"depth":-20},"geometry":{"type":"MultiLineString","coordinates":[[[13.5062,38.1147],[13.4938,38.109],[13.4792,38.105],[13.4667,38.1024],[13.45,38.1014],[13.4313,38.1018],[13.4104,38.1055],[13.3938,38.1111],[13.3854,38.1169],[13.3776,38.1292],[13.3756,38.1375],[13.3746,38.1479]]]}},{"type":"Feature","properties":{"depth":-20},"geometry":{"type":"MultiLineString","coordinates":[[[13.0552,38.1323],[13.0552,38.1292],[13.0596,38.1125],[13.0599,38.1083],[13.0561,38.0958],[13.0539,38.0917],[13.0437,38.0822],[13.0292,38.0761],[13.0125,38.0681],[13.0021,38.0656],[12.9968,38.0625],[12.9854,38.0539],[12.9625,38.0453],[12.9437,38.0404],[12.9333,38.0386],[12.9104,38.0364],[12.9,38.0369],[12.8917,38.0386],[12.8771,38.0431],[12.8704,38.0521],[12.8667,38.0543],[12.8583,38.056],[12.8479,38.0601],[12.8417,38.0645],[12.829,38.0708],[12.8244,38.0771],[12.8167,38.0823],[12.8063,38.0931]]]}},{"type":"Feature","properties":{"depth":-20},"geometry":{"type":"MultiLineString","coordinates":[[[16.1775,38.1442],[16.1875,38.1443],[16.1916,38.1458],[16.2,38.1532],[16.2188,38.1729],[16.2229,38.1793],[16.2262,38.1875],[16.2312,38.1922],[16.2414,38.1979],[16.2548,38.2104],[16.2738,38.2292],[16.2842,38.2417],[16.2858,38.2458],[16.2868,38.2555]]]}},{"type":"Feature","properties":{"depth":-20},"geometry":{"type":"MultiLineString","coordinates":[[[15.1694,38.1506],[15.1604,38.1516],[15.1479,38.1466],[15.127,38.1417],[15.1188,38.1373],[15.1083,38.13],[15.0979,38.1268],[15.0854,38.1264],[15.0792,38.1287],[15.0706,38.1354],[15.0683,38.1417],[15.0646,38.1457],[15.0539,38.1521],[15.0458,38.154],[15.0333,38.1546],[15.0146,38.1524],[15.0083,38.1523],[14.9979,38.1555],[14.9928,38.1595]]]}},{"type":"Feature","properties":{"depth":-20},"geometry":{"type":"MultiLineString","coordinates":[[[12.7263,38.155],[12.7277,38.1417],[12.7265,38.1375],[12.7167,38.1237],[12.7063,38.1155],[12.6979,38.1127],[12.6937,38.1126],[12.6813,38.1159],[12.6729,38.1163],[12.6625,38.1146],[12.6583,38.1128],[12.6539,38.1083],[12.6496,38.0979],[12.6438,38.092],[12.6333,38.0854],[12.6292,38.0846],[12.6188,38.0856],[12.6104,38.0879],[12.6042,38.0879],[12.5917,38.0812],[12.5875,38.0799],[12.5771,38.0794],[12.5667,38.0766],[12.555,38.0688],[12.5479,38.0617],[12.5437,38.0594],[12.5396,38.0604],[12.5346,38.0667],[12.5292,38.0671],[12.5227,38.0604],[12.5268,38.0521],[12.527,38.0479],[12.5146,38.0375],[12.5062,38.0339],[12.4979,38.0332],[12.4854,38.0293],[12.4805,38.0229],[12.4814,38.0104],[12.4833,38.0068],[12.4815,38.0042],[12.4729,38.0034],[12.4646,37.9985],[12.4563,37.9897],[12.4479,37.9788],[12.4437,37.976],[12.4391,37.9792],[12.4429,37.9875],[12.4418,37.9917],[12.4375,37.998],[12.4333,38.0005],[12.4167,38.0001],[12.4083,37.9973],[12.4036,37.9917],[12.4077,37.9875],[12.425,37.9781],[12.432,37.9771],[12.4326,37.9646],[12.4342,37.9604],[12.4396,37.9572],[12.4428,37.9583],[12.4458,37.9671],[12.45,37.9656],[12.4505,37.9625],[12.4465,37.9521],[12.4417,37.9479],[12.4333,37.9497],[12.425,37.9543],[12.4208,37.953],[12.415,37.9479],[12.4078,37.9375],[12.3938,37.9293],[12.3771,37.9264],[12.3729,37.9268],[12.3542,37.9328],[12.3492,37.9375],[12.3458,37.9386],[12.3354,37.9382],[12.3292,37.9367],[12.3214,37.9375],[12.3168,37.9394]]]}},{"type":"Feature","properties":{"depth":-20},"geometry":{"type":"MultiLineString","coordinates":[[[14.9897,38.1603],[14.9833,38.1575],[14.9771,38.1578],[14.9646,38.1638],[14.9563,38.1698],[14.9376,38.1854],[14.9271,38.1887],[14.9187,38.1927],[14.9146,38.1922],[14.9062,38.1872],[14.9,38.1862],[14.897,38.1833],[14.8964,38.1776]]]}},{"type":"Feature","properties":{"depth":-20},"geometry":{"type":"MultiLineString","coordinates":[[[14.884,38.1708],[14.8771,38.1746],[14.8583,38.1746],[14.8313,38.1676],[14.8104,38.1655],[14.8042,38.1658],[14.7937,38.1688],[14.7833,38.1696],[14.7688,38.1675],[14.7521,38.1701],[14.7458,38.1682],[14.7354,38.1602],[14.7294,38.1521],[14.7166,38.1437],[14.7043,38.1333],[14.6875,38.1181],[14.675,38.1076],[14.6646,38.1013],[14.6494,38.0938],[14.6375,38.087],[14.6208,38.0842],[14.5854,38.0717],[14.5625,38.0698],[14.5521,38.0674],[14.5333,38.0592],[14.5208,38.0548],[14.4896,38.0497],[14.4667,38.0469],[14.4583,38.0468],[14.4437,38.0495],[14.4229,38.0483],[14.4109,38.0438],[14.3958,38.0365],[14.3729,38.0295],[14.3646,38.0286],[14.3521,38.0294],[14.3396,38.0286],[14.3125,38.0211],[14.2917,38.0193],[14.2771,38.0214],[14.2583,38.0201],[14.2354,38.0199],[14.2063,38.0236],[14.1833,38.0286],[14.1687,38.0292],[14.15,38.0327],[14.1411,38.0312],[14.1354,38.0279],[14.1208,38.0245],[14.1083,38.0239],[14.0896,38.0281],[14.075,38.0281],[14.0667,38.0297],[14.05,38.0373],[14.0429,38.0438],[14.0375,38.0459],[14.0229,38.0465],[14.0167,38.0458],[14.0062,38.0426],[13.9958,38.0423],[13.9833,38.0403],[13.9729,38.0408],[13.9521,38.0376],[13.9431,38.0354],[13.9042,38.0187],[13.875,38.008],[13.8625,38.0048],[13.85,38.0006],[13.8313,37.9961],[13.8063,37.992],[13.7875,37.9943],[13.7729,37.9953],[13.7562,37.9995],[13.7333,38.0023],[13.7229,38.005],[13.7021,38.0082],[13.6646,38.0095],[13.65,38.0135],[13.6312,38.02],[13.6229,38.0249],[13.6125,38.0283],[13.6021,38.0339],[13.5938,38.0364],[13.573,38.0458],[13.5511,38.0646],[13.5467,38.0729],[13.5468,38.0958],[13.5453,38.1],[13.5387,38.1074]]]}},{"type":"Feature","properties":{"depth":-20},"geometry":{"type":"MultiLineString","coordinates":[[[15.2031,38.1781],[15.1979,38.1775],[15.1936,38.175],[15.1854,38.1667],[15.1836,38.1607]]]}},{"type":"Feature","properties":{"depth":-20},"geometry":{"type":"MultiLineString","coordinates":[[[12.7658,38.1804],[12.7604,38.1865],[12.7458,38.187],[12.7417,38.1889],[12.7375,38.1987],[12.7333,38.1986],[12.7256,38.1875]]]}},{"type":"Feature","properties":{"depth":-20},"geometry":{"type":"MultiLineString","coordinates":[[[13.368,38.1799],[13.3667,38.1861],[13.3583,38.1945],[13.3438,38.2007],[13.3374,38.2083],[13.3344,38.2167],[13.3271,38.2193],[13.3202,38.2235]]]}},{"type":"Feature","properties":{"depth":-20},"geometry":{"type":"MultiLineString","coordinates":[[[13.2346,38.2071],[13.2337,38.2],[13.2312,38.1937],[13.2271,38.1905],[13.2167,38.1859],[13.2083,38.1839],[13.2,38.1834],[13.1833,38.1837],[13.1792,38.1848],[13.1646,38.1936],[13.1562,38.1962],[13.1438,38.1957],[13.1312,38.1985],[13.1229,38.1995],[13.1104,38.1997],[13.1,38.1976],[13.0875,38.1927],[13.0813,38.1889],[13.075,38.1818],[13.0718,38.1729],[13.0712,38.1604],[13.0661,38.1437]]]}},{"type":"Feature","properties":{"depth":-20},"geometry":{"type":"MultiLineString","coordinates":[[[13.3139,38.2243],[13.2958,38.2213],[13.2875,38.2156],[13.2729,38.2075],[13.2562,38.205],[13.2458,38.2065],[13.2396,38.2086]]]}},{"type":"Feature","properties":{"depth":-20},"geometry":{"type":"MultiLineString","coordinates":[[[15.2386,38.2437],[15.2336,38.2253]]]}},{"type":"Feature","properties":{"depth":-20},"geometry":{"type":"MultiLineString","coordinates":[[[15.2476,38.2586],[15.2438,38.2687],[15.2396,38.2718],[15.2354,38.2709]]]}},{"type":"Feature","properties":{"depth":-20},"geometry":{"type":"MultiLineString","coordinates":[[[16.2919,38.2607],[16.3104,38.267],[16.3128,38.2708],[16.3129,38.2775]]]}},{"type":"Feature","properties":{"depth":-20},"geometry":{"type":"MultiLineString","coordinates":[[[15.7745,38.2703],[15.7655,38.2667],[15.7521,38.2595],[15.7424,38.2563]]]}},{"type":"Feature","properties":{"depth":-20},"geometry":{"type":"MultiLineString","coordinates":[[[15.6417,38.2729],[15.6375,38.2742],[15.6167,38.2756],[15.6042,38.2803],[15.5979,38.2843],[15.5902,38.2917],[15.5792,38.3043],[15.5667,38.3104],[15.55,38.3118],[15.5312,38.3086],[15.5146,38.303],[15.5042,38.2977],[15.4709,38.275],[15.4458,38.2573],[15.4313,38.2493],[15.4187,38.244],[15.3896,38.2345],[15.3604,38.2259],[15.3313,38.2203],[15.3202,38.2167],[15.3063,38.211],[15.3,38.2095],[15.2771,38.2089],[15.2604,38.2106],[15.2576,38.2091]]]}},{"type":"Feature","properties":{"depth":-20},"geometry":{"type":"MultiLineString","coordinates":[[[16.3539,38.3042],[16.3604,38.3003],[16.3708,38.2999],[16.4208,38.3143],[16.4354,38.3172],[16.4563,38.3261],[16.4688,38.3353],[16.4722,38.3417]]]}},{"type":"Feature","properties":{"depth":-20},"geometry":{"type":"MultiLineString","coordinates":[[[12.1312,37.8893],[12.1354,37.8892],[12.1382,37.8937],[12.1333,37.9],[12.1297,37.8979],[12.1287,37.8937],[12.1312,37.8893]]]}},{"type":"Feature","properties":{"depth":-10},"geometry":{"type":"MultiLineString","coordinates":[[[12.6354,37.5938],[12.6446,37.5792],[12.6522,37.5688],[12.6555,37.5625],[12.6634,37.5562],[12.675,37.5521],[12.6896,37.5539],[12.7188,37.5605],[12.7521,37.5695],[12.7708,37.5735],[12.7937,37.5758],[12.8125,37.5763],[12.825,37.5772],[12.8396,37.5774],[12.8729,37.5752],[12.9,37.5711],[12.9062,37.5695],[12.9167,37.5694],[12.9271,37.5665],[12.9396,37.5643],[12.9521,37.5606],[12.9583,37.5571],[12.963,37.5521],[12.9655,37.55]]]}},{"type":"Feature","properties":{"depth":-10},"geometry":{"type":"MultiLineString","coordinates":[[[15.2,37.6709],[15.2021,37.674],[15.2069,37.6881]]]}},{"type":"Feature","properties":{"depth":-10},"geometry":{"type":"MultiLineString","coordinates":[[[15.2756,37.8244],[15.2802,37.8396],[15.286,37.8458]]]}},{"type":"Feature","properties":{"depth":-10},"geometry":{"type":"MultiLineString","coordinates":[[[12.2893,37.9143],[12.3021,37.912],[12.3083,37.9123],[12.3229,37.9113],[12.3354,37.9121],[12.3405,37.9083],[12.3479,37.8991],[12.3542,37.8964],[12.3663,37.9045]]]}},{"type":"Feature","properties":{"depth":-10},"geometry":{"type":"MultiLineString","coordinates":[[[16.0001,37.9147],[16.0083,37.9165],[16.0354,37.9164],[16.0479,37.9159],[16.0625,37.9189],[16.0708,37.9233],[16.0917,37.9418],[16.1036,37.9542],[16.1123,37.9646],[16.1253,37.9833],[16.1301,37.9979],[16.1357,38.0042],[16.1417,38.0138],[16.1479,38.0257],[16.15,38.0313],[16.1525,38.0458],[16.1562,38.0583],[16.1591,38.0729],[16.1644,38.0938],[16.1644,38.0979],[16.1604,38.1051]]]}},{"type":"Feature","properties":{"depth":-10},"geometry":{"type":"MultiLineString","coordinates":[[[12.3064,37.9543],[12.3042,37.9562],[12.2979,37.9568],[12.2896,37.9545],[12.2792,37.9548],[12.275,37.9534],[12.2711,37.9479],[12.2703,37.9396],[12.2717,37.9363]]]}},{"type":"Feature","properties":{"depth":-10},"geometry":{"type":"MultiLineString","coordinates":[[[12.3521,37.9904],[12.3572,37.9917],[12.3565,37.9979],[12.3481,38.0083],[12.3445,38.0146],[12.3375,38.0211],[12.3313,38.021],[12.3208,38.0117],[12.3181,38.0083],[12.3162,38.0],[12.317,37.9937],[12.3229,37.9841],[12.3271,37.9817],[12.3341,37.9846]]]}},{"type":"Feature","properties":{"depth":-10},"geometry":{"type":"MultiLineString","coordinates":[[[12.4997,38.0059],[12.4958,37.9981],[12.4875,37.9943],[12.4792,37.9935],[12.4735,37.9896],[12.4706,37.9854],[12.4705,37.9792],[12.477,37.9646],[12.4766,37.9562],[12.4729,37.9525],[12.4688,37.9515],[12.4604,37.9444],[12.4563,37.9396],[12.4582,37.9271],[12.4542,37.9184],[12.4479,37.9139],[12.4405,37.9104],[12.4325,37.9083],[12.4271,37.9091],[12.4187,37.9141],[12.4146,37.9121],[12.407,37.9042],[12.4062,37.9],[12.4106,37.8875],[12.4169,37.8792],[12.4209,37.8646],[12.4227,37.8479],[12.4214,37.8417],[12.4187,37.8375],[12.4164,37.8292],[12.4127,37.8208],[12.4101,37.8062],[12.4108,37.7979],[12.4146,37.7894],[12.4194,37.7854],[12.4329,37.7771],[12.4458,37.7583],[12.4583,37.7482],[12.462,37.7437],[12.4643,37.7354],[12.464,37.7208],[12.4665,37.7125],[12.4649,37.7042],[12.4665,37.6979],[12.4764,37.6917],[12.4812,37.6871],[12.4875,37.6833],[12.4911,37.6771],[12.5051,37.6625],[12.51,37.6562],[12.5146,37.6538],[12.5312,37.6518],[12.5458,37.6556],[12.5542,37.6565],[12.5625,37.6549],[12.5729,37.6509],[12.5813,37.643],[12.5958,37.6401],[12.6,37.6376],[12.6066,37.6313],[12.6146,37.6172],[12.6208,37.6128]]]}},{"type":"Feature","properties":{"depth":-10},"geometry":{"type":"MultiLineString","coordinates":[[[14.1443,38.0297],[14.1375,38.0253],[14.1271,38.0217],[14.1125,38.0199],[14.1042,38.0204],[14.0917,38.0238],[14.0687,38.0242],[14.05,38.0325],[14.0458,38.0356],[14.0409,38.0417],[14.0354,38.0436],[14.0188,38.043],[14.0104,38.0391],[13.9979,38.0387],[13.9854,38.0359],[13.975,38.0369],[13.9667,38.0364],[13.9604,38.0345],[13.9479,38.0334],[13.9042,38.0136],[13.8792,38.0041],[13.8604,37.9995],[13.85,37.9948],[13.8333,37.9902],[13.8187,37.9883],[13.8104,37.9862],[13.8021,37.9855],[13.7917,37.9877],[13.7771,37.9849],[13.7646,37.9883],[13.7542,37.9943],[13.7458,37.9937],[13.7375,37.9909],[13.7229,37.994],[13.7167,37.9933],[13.6937,37.9972],[13.6875,37.9975],[13.6771,38.0014],[13.6667,38.0027],[13.6562,38.0056],[13.6397,38.0125],[13.6292,38.0158],[13.6229,38.0211],[13.6125,38.0241],[13.6042,38.0292],[13.5938,38.0325],[13.5687,38.0433],[13.556,38.0542],[13.5449,38.0625],[13.542,38.0712]]]}},{"type":"Feature","properties":{"depth":-10},"geometry":{"type":"MultiLineString","coordinates":[[[12.8509,38.0562],[12.8396,38.0628],[12.8292,38.0674],[12.8231,38.075],[12.8187,38.0785]]]}},{"type":"Feature","properties":{"depth":-10},"geometry":{"type":"MultiLineString","coordinates":[[[13.0376,38.073],[13.0271,38.0692],[13.0167,38.064],[13.0042,38.0625],[13.0,38.0604],[12.9896,38.0508],[12.975,38.0448],[12.9646,38.0412],[12.9458,38.0364],[12.9313,38.0336],[12.9104,38.0313],[12.8958,38.031],[12.8812,38.0351],[12.8775,38.035]]]}},{"type":"Feature","properties":{"depth":-10},"geometry":{"type":"MultiLineString","coordinates":[[[13.5424,38.0888],[13.5417,38.0971],[13.5359,38.1046]]]}},{"type":"Feature","properties":{"depth":-10},"geometry":{"type":"MultiLineString","coordinates":[[[13.462,38.0974],[13.4321,38.097]]]}},{"type":"Feature","properties":{"depth":-10},"geometry":{"type":"MultiLineString","coordinates":[[[13.418,38.0993],[13.3917,38.1089],[13.3854,38.1127],[13.3821,38.1167],[13.3764,38.1271],[13.3733,38.1399]]]}},{"type":"Feature","properties":{"depth":-10},"geometry":{"type":"MultiLineString","coordinates":[[[12.6562,38.1068],[12.6537,38.0958],[12.6502,38.0917],[12.6375,38.0815],[12.6271,38.0782],[12.6042,38.0784],[12.5896,38.0741],[12.5771,38.075],[12.5687,38.0729],[12.558,38.0667],[12.55,38.0579],[12.5375,38.0493],[12.5323,38.0438],[12.5233,38.0375],[12.5188,38.0308],[12.5125,38.025],[12.5062,38.0224],[12.4958,38.0231],[12.4896,38.0217],[12.487,38.0187],[12.4896,38.0127],[12.4977,38.0102]]]}},{"type":"Feature","properties":{"depth":-10},"geometry":{"type":"MultiLineString","coordinates":[[[13.4984,38.1067],[13.4875,38.1028],[13.4759,38.1]]]}},{"type":"Feature","properties":{"depth":-10},"geometry":{"type":"MultiLineString","coordinates":[[[13.0577,38.1298],[13.0635,38.1146],[13.0647,38.1083],[13.0624,38.0979],[13.0622,38.0896],[13.0589,38.0854],[13.0473,38.0771],[13.0408,38.0737]]]}},{"type":"Feature","properties":{"depth":-10},"geometry":{"type":"MultiLineString","coordinates":[[[16.1814,38.1459],[16.1889,38.1479],[16.2042,38.1622],[16.2167,38.1757],[16.2244,38.1889]]]}},{"type":"Feature","properties":{"depth":-10},"geometry":{"type":"MultiLineString","coordinates":[[[15.163,38.1484],[15.1604,38.1482],[15.1458,38.1425],[15.1312,38.1392],[15.1229,38.1354],[15.1083,38.1266],[15.0938,38.1232],[15.0854,38.1233],[15.0771,38.1262],[15.065,38.1333],[15.065,38.14]]]}},{"type":"Feature","properties":{"depth":-10},"geometry":{"type":"MultiLineString","coordinates":[[[15.0055,38.15],[14.9979,38.1524],[14.9917,38.1573],[14.9854,38.1544],[14.975,38.1551],[14.9625,38.1621],[14.95,38.1719]]]}},{"type":"Feature","properties":{"depth":-10},"geometry":{"type":"MultiLineString","coordinates":[[[12.7291,38.1521],[12.7303,38.1437],[12.7285,38.1354],[12.7218,38.125],[12.7167,38.1195],[12.7063,38.1116],[12.6979,38.109],[12.6917,38.1094],[12.6804,38.1134]]]}},{"type":"Feature","properties":{"depth":-10},"geometry":{"type":"MultiLineString","coordinates":[[[14.8806,38.1702],[14.875,38.1716],[14.8549,38.1708],[14.8396,38.1661],[14.8292,38.1639],[14.8104,38.1616],[14.7979,38.1623],[14.7896,38.1619],[14.7771,38.1638],[14.7688,38.1629],[14.7625,38.1637],[14.7521,38.1672],[14.7479,38.1663],[14.7375,38.1586],[14.7309,38.15],[14.7186,38.1417],[14.6792,38.106],[14.6687,38.0988],[14.6543,38.0917],[14.6396,38.0821],[14.6354,38.081],[14.625,38.0812],[14.6181,38.0792],[14.5917,38.068],[14.5813,38.0655],[14.5625,38.0654],[14.551,38.0625],[14.5333,38.053],[14.525,38.0497],[14.5,38.0453],[14.4729,38.0411],[14.4583,38.0407],[14.4521,38.0417],[14.4458,38.0443],[14.4396,38.045],[14.4229,38.044],[14.4171,38.0417],[14.4,38.0324],[14.3771,38.0246],[14.3688,38.0226],[14.3625,38.0226],[14.3521,38.0241],[14.3355,38.0229],[14.3229,38.0181],[14.3125,38.0154],[14.2958,38.0139],[14.2875,38.0141],[14.2729,38.0171],[14.2583,38.0155],[14.2333,38.0156],[14.2,38.0204],[14.1792,38.0248],[14.1708,38.0248],[14.1625,38.0263],[14.1491,38.0301]]]}},{"type":"Feature","properties":{"depth":-10},"geometry":{"type":"MultiLineString","coordinates":[[[12.7647,38.1793],[12.7604,38.1825],[12.7417,38.1822],[12.7371,38.1854],[12.7354,38.1896],[12.7309,38.1896]]]}},{"type":"Feature","properties":{"depth":-10},"geometry":{"type":"MultiLineString","coordinates":[[[16.2289,38.1935],[16.2417,38.2019],[16.2647,38.225],[16.2715,38.2313],[16.2812,38.2426],[16.2836,38.2503]]]}},{"type":"Feature","properties":{"depth":-10},"geometry":{"type":"MultiLineString","coordinates":[[[13.2372,38.2062],[13.2368,38.1958],[13.2351,38.1917],[13.2292,38.1867],[13.2146,38.1808],[13.2083,38.1794],[13.1854,38.177],[13.1771,38.1782],[13.1729,38.1808],[13.1666,38.1875],[13.1625,38.1899],[13.1542,38.1917],[13.1438,38.191],[13.125,38.1956],[13.1125,38.1959],[13.1022,38.1938],[13.0854,38.1857],[13.0771,38.1776],[13.075,38.1729],[13.0747,38.1604],[13.0709,38.1501]]]}},{"type":"Feature","properties":{"depth":-10},"geometry":{"type":"MultiLineString","coordinates":[[[13.2948,38.2177],[13.2875,38.2128],[13.2818,38.2104],[13.2729,38.2048],[13.2604,38.2026],[13.2521,38.2025],[13.2462,38.2038]]]}},{"type":"Feature","properties":{"depth":-10},"geometry":{"type":"MultiLineString","coordinates":[[[15.5995,38.2792],[15.5878,38.2896],[15.5792,38.2998],[15.5688,38.3042],[15.5542,38.3059],[15.5396,38.3048],[15.5253,38.3021],[15.5144,38.2979],[15.5065,38.2938],[15.4837,38.2792],[15.4417,38.251],[15.4333,38.2469],[15.4187,38.241],[15.4131,38.2396],[15.3917,38.232],[15.3729,38.2261],[15.3562,38.2216],[15.3313,38.2173],[15.3174,38.2125]]]}},{"type":"Feature","properties":{"depth":-10},"geometry":{"type":"MultiLineString","coordinates":[[[16.3577,38.3042],[16.3646,38.3029],[16.3729,38.3042],[16.3896,38.3094],[16.4229,38.319],[16.4354,38.3208],[16.4584,38.3312],[16.4667,38.337],[16.4693,38.3401]]]}},{"type":"Feature","properties":{"depth":-10},"geometry":{"type":"MultiLineString","coordinates":[[[12.1312,37.8913],[12.1333,37.8904],[12.1366,37.8937],[12.1333,37.8984],[12.13,37.8937],[12.1312,37.8913]]]}},{"type":"Feature","properties":{"depth":-10},"geometry":{"type":"MultiLineString","coordinates":[[[12.4313,37.9943],[12.4167,37.9955],[12.4103,37.9937],[12.4103,37.9896],[12.4167,37.9858],[12.425,37.9832],[12.4292,37.9834],[12.4354,37.9875],[12.4351,37.9917],[12.4313,37.9943]]]}},{"type":"Feature","properties":{"depth":-10},"geometry":{"type":"MultiLineString","coordinates":[[[12.5292,38.0581],[12.5338,38.0604],[12.5312,38.0648],[12.5274,38.0625],[12.5292,38.0581]]]}},{"type":"Feature","properties":{"depth":-5},"geometry":{"type":"MultiLineString","coordinates":[[[12.6632,37.5646],[12.6709,37.5583],[12.6809,37.5583]]]}},{"type":"Feature","properties":{"depth":-5},"geometry":{"type":"MultiLineString","coordinates":[[[12.7251,37.5668],[12.7478,37.5729]]]}},{"type":"Feature","properties":{"depth":-5},"geometry":{"type":"MultiLineString","coordinates":[[[12.4731,37.7104],[12.4697,37.7042],[12.4712,37.7],[12.4776,37.6974]]]}},{"type":"Feature","properties":{"depth":-5},"geometry":{"type":"MultiLineString","coordinates":[[[12.437,37.7828],[12.4437,37.7771],[12.4495,37.7687],[12.4521,37.763],[12.4569,37.7563],[12.4687,37.7479]]]}},{"type":"Feature","properties":{"depth":-5},"geometry":{"type":"MultiLineString","coordinates":[[[12.322,37.9137],[12.3313,37.9151],[12.3375,37.9141],[12.3417,37.9111],[12.35,37.9015],[12.3542,37.8998],[12.3639,37.9069]]]}},{"type":"Feature","properties":{"depth":-5},"geometry":{"type":"MultiLineString","coordinates":[[[16.0151,37.9193],[16.0312,37.9196],[16.0417,37.9183],[16.0477,37.9188],[16.0625,37.9218],[16.0688,37.925],[16.0917,37.9456],[16.1021,37.9562],[16.1167,37.9752],[16.1229,37.9851],[16.1289,38.0],[16.1338,38.0063],[16.1396,38.0157],[16.1458,38.0277],[16.1479,38.0352],[16.1492,38.0458],[16.1521,38.0542],[16.1554,38.0708],[16.1614,38.0958],[16.1604,38.1002]]]}},{"type":"Feature","properties":{"depth":-5},"geometry":{"type":"MultiLineString","coordinates":[[[12.3049,37.9528],[12.3021,37.9543],[12.2917,37.9503],[12.2812,37.9503],[12.2771,37.949],[12.2729,37.9417],[12.2729,37.9375]]]}},{"type":"Feature","properties":{"depth":-5},"geometry":{"type":"MultiLineString","coordinates":[[[12.3536,37.9932],[12.3544,37.9958],[12.3445,38.0083],[12.3375,38.0187]]]}},{"type":"Feature","properties":{"depth":-5},"geometry":{"type":"MultiLineString","coordinates":[[[13.6838,37.9937],[13.675,37.9982],[13.6646,37.9994],[13.6479,38.0054],[13.6375,38.0103],[13.6271,38.0135],[13.6229,38.018],[13.6125,38.0212],[13.6014,38.0278]]]}},{"type":"Feature","properties":{"depth":-5},"geometry":{"type":"MultiLineString","coordinates":[[[12.319,37.9998],[12.3208,37.9921],[12.325,37.9862],[12.3318,37.9854]]]}},{"type":"Feature","properties":{"depth":-5},"geometry":{"type":"MultiLineString","coordinates":[[[12.5035,38.0125],[12.5047,38.0063],[12.4999,37.9958],[12.4958,37.9927],[12.4821,37.9875],[12.4803,37.9833],[12.4828,37.9771],[12.4856,37.9646],[12.4849,37.9542],[12.4814,37.9458],[12.4708,37.9357],[12.4658,37.925],[12.4604,37.9162],[12.4563,37.9117],[12.4458,37.9044],[12.4396,37.9027],[12.4292,37.9028],[12.4187,37.9049],[12.4138,37.9021],[12.4137,37.8979],[12.4167,37.8896],[12.4217,37.8813],[12.4284,37.8604],[12.43,37.8375],[12.4328,37.8312],[12.4287,37.8167],[12.4219,37.8104],[12.4203,37.8021],[12.4234,37.7938],[12.4291,37.7875],[12.4342,37.7842]]]}},{"type":"Feature","properties":{"depth":-5},"geometry":{"type":"MultiLineString","coordinates":[[[14.2037,38.0167],[14.1869,38.0208],[14.1687,38.0222],[14.1604,38.0241],[14.1518,38.0274]]]}},{"type":"Feature","properties":{"depth":-5},"geometry":{"type":"MultiLineString","coordinates":[[[13.5993,38.0285],[13.5917,38.0305],[13.5811,38.0354],[13.5663,38.04]]]}},{"type":"Feature","properties":{"depth":-5},"geometry":{"type":"MultiLineString","coordinates":[[[14.1451,38.0278],[14.1354,38.0216],[14.1271,38.0191],[14.1104,38.0171],[14.1021,38.0179],[14.0917,38.0209],[14.075,38.021],[14.0667,38.0218],[14.0565,38.0271],[14.0479,38.0305],[14.0441,38.0333],[14.0399,38.0396],[14.0315,38.0414]]]}},{"type":"Feature","properties":{"depth":-5},"geometry":{"type":"MultiLineString","coordinates":[[[13.9472,38.0305],[13.9375,38.0257],[13.9062,38.0113],[13.8917,38.0055],[13.8771,38.0004],[13.8646,37.9983],[13.8542,37.9929],[13.8396,37.9882],[13.8292,37.9859],[13.8208,37.9851],[13.8063,37.9818],[13.8,37.9818],[13.7917,37.9841],[13.7792,37.9798],[13.7729,37.9802],[13.7625,37.9829],[13.7571,37.9896],[13.75,37.9917],[13.7396,37.9849],[13.7333,37.9847],[13.7229,37.9904],[13.7145,37.9896]]]}},{"type":"Feature","properties":{"depth":-5},"geometry":{"type":"MultiLineString","coordinates":[[[14.0199,38.0408],[14.0125,38.0368],[14.0062,38.0354],[13.9979,38.0361],[13.9833,38.033],[13.9688,38.0342],[13.9583,38.0316],[13.9495,38.0312]]]}},{"type":"Feature","properties":{"depth":-5},"geometry":{"type":"MultiLineString","coordinates":[[[14.4273,38.0417],[14.4193,38.0396],[14.3979,38.0279],[14.3875,38.025],[14.3729,38.0198],[14.3646,38.019],[14.3538,38.0208],[14.3396,38.0209],[14.325,38.0155],[14.3125,38.0121],[14.2958,38.0106],[14.2875,38.0108],[14.275,38.0139],[14.2604,38.0127],[14.2292,38.0133],[14.2065,38.0164]]]}},{"type":"Feature","properties":{"depth":-5},"geometry":{"type":"MultiLineString","coordinates":[[[12.5624,38.0665],[12.5583,38.0633],[12.55,38.054],[12.5396,38.0463],[12.5354,38.042],[12.5258,38.0354],[12.5191,38.025],[12.5146,38.0217],[12.505,38.0179]]]}},{"type":"Feature","properties":{"depth":-5},"geometry":{"type":"MultiLineString","coordinates":[[[13.0319,38.0673],[13.0146,38.0601],[13.0062,38.0604],[13.0011,38.0583],[12.9938,38.0498],[12.9875,38.0466],[12.9667,38.0388],[12.95,38.0344],[12.9313,38.0304],[12.9187,38.0288],[12.9021,38.0278],[12.8905,38.0262]]]}},{"type":"Feature","properties":{"depth":-5},"geometry":{"type":"MultiLineString","coordinates":[[[12.657,38.1013],[12.6561,38.0938],[12.6375,38.078],[12.6333,38.0761],[12.6229,38.0744],[12.6062,38.0729],[12.6,38.073],[12.5875,38.071],[12.5792,38.0722],[12.5708,38.0707],[12.5626,38.0667]]]}},{"type":"Feature","properties":{"depth":-5},"geometry":{"type":"MultiLineString","coordinates":[[[13.3979,38.1042],[13.3896,38.1073],[13.3833,38.1114],[13.3782,38.1187],[13.3722,38.1367]]]}},{"type":"Feature","properties":{"depth":-5},"geometry":{"type":"MultiLineString","coordinates":[[[15.0871,38.1208],[15.0771,38.1234],[15.0715,38.1271],[15.062,38.1313],[15.0595,38.1354],[15.0606,38.1396]]]}},{"type":"Feature","properties":{"depth":-5},"geometry":{"type":"MultiLineString","coordinates":[[[13.0611,38.1264],[13.0677,38.1104],[13.0664,38.1],[13.068,38.0917],[13.0666,38.0875],[13.0583,38.0803],[13.0464,38.0729]]]}},{"type":"Feature","properties":{"depth":-5},"geometry":{"type":"MultiLineString","coordinates":[[[12.7271,38.1299],[12.7188,38.1181],[12.7104,38.111],[12.6981,38.1063]]]}},{"type":"Feature","properties":{"depth":-5},"geometry":{"type":"MultiLineString","coordinates":[[[14.7236,38.1424],[14.7172,38.1375],[14.6854,38.1078],[14.6708,38.0968],[14.6526,38.0875],[14.6438,38.0808],[14.6354,38.0775],[14.6271,38.0789],[14.6193,38.0771],[14.5938,38.0654],[14.5854,38.0627],[14.575,38.0621],[14.5603,38.0625],[14.553,38.0604],[14.5333,38.0493],[14.5271,38.0466],[14.5104,38.0441],[14.4917,38.0403],[14.4729,38.0376],[14.4604,38.0373],[14.45,38.0387],[14.4437,38.0418],[14.4335,38.0417]]]}},{"type":"Feature","properties":{"depth":-5},"geometry":{"type":"MultiLineString","coordinates":[[[16.1837,38.1483],[16.1877,38.15],[16.2021,38.1636],[16.2146,38.1771],[16.2195,38.1841]]]}},{"type":"Feature","properties":{"depth":-5},"geometry":{"type":"MultiLineString","coordinates":[[[14.9872,38.1518],[14.975,38.1525],[14.9656,38.1573]]]}},{"type":"Feature","properties":{"depth":-5},"geometry":{"type":"MultiLineString","coordinates":[[[14.8185,38.1602],[14.8083,38.1586],[14.7875,38.1581],[14.7799,38.1604],[14.7688,38.16],[14.7604,38.1615],[14.7518,38.1649]]]}},{"type":"Feature","properties":{"depth":-5},"geometry":{"type":"MultiLineString","coordinates":[[[13.0771,38.1708],[13.0776,38.1625],[13.0734,38.1521]]]}},{"type":"Feature","properties":{"depth":-5},"geometry":{"type":"MultiLineString","coordinates":[[[16.2363,38.2009],[16.2494,38.2125],[16.2632,38.2271],[16.2682,38.2313],[16.2792,38.2437],[16.2814,38.2481]]]}},{"type":"Feature","properties":{"depth":-5},"geometry":{"type":"MultiLineString","coordinates":[[[13.2406,38.2031],[13.2396,38.2041],[13.2392,38.1938],[13.2333,38.186],[13.2271,38.1825],[13.2083,38.1763],[13.1875,38.1733],[13.175,38.1746],[13.1708,38.1769],[13.1648,38.1854],[13.1604,38.1876],[13.1542,38.1884],[13.1396,38.1885],[13.1271,38.1927],[13.1104,38.193],[13.1049,38.1917],[13.0906,38.1854],[13.0813,38.1778],[13.0783,38.1742]]]}},{"type":"Feature","properties":{"depth":-5},"geometry":{"type":"MultiLineString","coordinates":[[[15.5913,38.2812],[15.5833,38.2858],[15.575,38.288],[15.5667,38.2931],[15.5523,38.2998]]]}},{"type":"Feature","properties":{"depth":-5},"geometry":{"type":"MultiLineString","coordinates":[[[16.3618,38.3055],[16.3708,38.3062],[16.4058,38.3167],[16.4208,38.3215],[16.434,38.3229],[16.4481,38.3292],[16.4605,38.3354]]]}},{"type":"Feature","properties":{"depth":-5},"geometry":{"type":"MultiLineString","coordinates":[[[12.4208,37.9874],[12.4271,37.9858],[12.4302,37.9875],[12.4292,37.9913],[12.4131,37.9917],[12.4139,37.9896],[12.4208,37.9874]]]}},{"type":"Feature","properties":{"depth":-1000},"geometry":{"type":"MultiLineString","coordinates":[[[11.805,37.9854],[11.8039,37.9896],[11.7949,37.9979],[11.7924,38.0021],[11.7928,38.0083],[11.7875,38.0156],[11.7769,38.0271],[11.7748,38.0312],[11.7737,38.0396],[11.7752,38.0438],[11.7792,38.0468],[11.7875,38.0473],[11.7958,38.0453],[11.8038,38.0417],[11.8099,38.0375],[11.8135,38.0333],[11.8187,38.0232],[11.825,38.0151],[11.8292,38.0123],[11.8333,38.0119],[11.8458,38.0139],[11.851,38.0125],[11.8521,38.0063],[11.8459,37.9937],[11.8417,37.9907],[11.8313,37.9907],[11.8249,37.9896],[11.8228,37.9854]]]}},{"type":"Feature","properties":{"depth":-1000},"geometry":{"type":"MultiLineString","coordinates":[[[15.4808,37.9854],[15.4815,37.9937],[15.4854,38.003],[15.4957,38.0104],[15.505,38.0229],[15.5135,38.0292],[15.5188,38.0349],[15.525,38.0391],[15.5304,38.05],[15.5375,38.0563],[15.55,38.0639],[15.5541,38.0688],[15.5563,38.0738],[15.5604,38.0767],[15.5699,38.0708],[15.5724,38.0646],[15.5726,38.0562],[15.575,38.0529],[15.5833,38.0479],[15.5844,38.0438],[15.5818,38.0354],[15.5842,38.0312],[15.5912,38.025],[15.5922,38.0208],[15.59,38.0083],[15.5928,37.9958],[15.5979,37.9896],[15.5978,37.9854]]]}},{"type":"Feature","properties":{"depth":-1000},"geometry":{"type":"MultiLineString","coordinates":[[[14.115,40.2375],[14.1115,40.225],[14.1124,40.2167],[14.1238,40.2042],[14.1312,40.2024],[14.1458,40.2069],[14.1521,40.208],[14.1583,40.207],[14.1708,40.2106],[14.1813,40.211],[14.1875,40.2091],[14.1937,40.2097],[14.2042,40.2122],[14.2167,40.208],[14.2312,40.2078],[14.2583,40.2143],[14.2729,40.2237],[14.2875,40.2289],[14.3004,40.2354],[14.3025,40.2375]]]}},{"type":"Feature","properties":{"depth":-1000},"geometry":{"type":"MultiLineString","coordinates":[[[14.4453,40.2375],[14.4333,40.2339],[14.4081,40.2208],[14.4021,40.2189],[14.3917,40.2182],[14.3625,40.2138],[14.3562,40.212],[14.3458,40.2059],[14.3393,40.1938],[14.3396,40.1877],[14.3562,40.1947],[14.3646,40.1962],[14.3716,40.1938],[14.3727,40.1875],[14.3707,40.1792],[14.3608,40.1646],[14.3599,40.1583],[14.35,40.1451],[14.345,40.1417],[14.3398,40.1354],[14.3362,40.125],[14.3266,40.1146],[14.3189,40.1083],[14.3178,40.1042],[14.3189,40.0938],[14.3225,40.0854],[14.346,40.0604],[14.3438,40.0543],[14.3375,40.0514],[14.3271,40.0413],[14.3063,40.0335],[14.297,40.0292],[14.2888,40.0229],[14.283,40.0146],[14.2802,40.0063],[14.2812,40.0012],[14.2896,39.9806],[14.2958,39.9703],[14.3,39.9676],[14.3042,39.9689],[14.3133,39.975],[14.3175,39.9792],[14.3212,39.9854],[14.3305,39.9958],[14.3365,40.0042],[14.3391,40.0104],[14.3394,40.0167],[14.3438,40.0214],[14.3533,40.0271],[14.3619,40.0354],[14.3667,40.0458],[14.3708,40.0501],[14.3812,40.0562],[14.3872,40.0625],[14.4,40.0664],[14.405,40.0646],[14.4049,40.0604],[14.3917,40.05],[14.396,40.0417],[14.3966,40.0333],[14.4054,40.0229],[14.4087,40.0125],[14.4148,40.0042],[14.4205,40.0],[14.4292,39.9959],[14.4375,39.9896],[14.4542,39.9845],[14.4572,39.9813],[14.4604,39.9718],[14.4733,39.9583],[14.4735,39.9479],[14.4875,39.9276],[14.4958,39.9208],[14.5,39.921],[14.5077,39.925],[14.5146,39.9301],[14.5188,39.9318],[14.5229,39.9293],[14.5292,39.9194],[14.5333,39.9146],[14.5417,39.9094],[14.5479,39.9198],[14.5577,39.9271],[14.5636,39.9333],[14.5729,39.9378],[14.5875,39.9375],[14.6021,39.9345],[14.6125,39.9387],[14.6208,39.9448],[14.6303,39.95],[14.6347,39.9583],[14.6366,39.9688],[14.6485,39.9896],[14.6562,39.9941],[14.6625,39.9948],[14.6729,39.9919],[14.6875,39.9929],[14.6958,39.9884],[14.7,39.9907],[14.7042,39.9954],[14.7146,39.9984],[14.725,39.9964],[14.7292,39.9966],[14.7354,40.0007],[14.7479,40.0059],[14.7518,40.0042],[14.7558,39.9979],[14.7601,39.9937],[14.7659,39.9771],[14.7625,39.9685],[14.7521,39.96],[14.7434,39.9562],[14.7333,39.944],[14.7228,39.9354],[14.7179,39.9271],[14.7159,39.9146],[14.7188,39.9106],[14.725,39.908],[14.7275,39.9042],[14.7269,39.8937],[14.7248,39.8813],[14.7272,39.8771],[14.7344,39.8708],[14.7358,39.8667],[14.7374,39.8542],[14.7417,39.8417],[14.74,39.8271],[14.7438,39.8209],[14.7479,39.8213],[14.7667,39.8362],[14.7708,39.8375],[14.7771,39.8349],[14.7854,39.8289],[14.7979,39.8244],[14.8042,39.8195],[14.8083,39.8193],[14.8146,39.8236],[14.8204,39.8312],[14.8333,39.8436],[14.8479,39.8525],[14.8562,39.8565],[14.8833,39.8621],[14.9042,39.8693],[14.9146,39.8711],[14.925,39.8693],[14.9396,39.8702],[14.9521,39.8662],[14.9592,39.8625],[14.9646,39.8577],[14.9792,39.8532],[14.9917,39.8533],[15.0021,39.8548],[15.0167,39.8537],[15.0229,39.8566],[15.0312,39.8564],[15.0458,39.8604],[15.05,39.8606],[15.0583,39.8584],[15.0708,39.8521],[15.0771,39.8516],[15.0854,39.8524],[15.1,39.8559],[15.1083,39.857],[15.1229,39.8525],[15.1271,39.8521],[15.1375,39.8544],[15.1438,39.8544],[15.15,39.857],[15.1625,39.86],[15.1753,39.8583],[15.1819,39.85],[15.1947,39.8458],[15.1985,39.8438],[15.1982,39.8333],[15.1906,39.8188],[15.1887,39.8062],[15.1854,39.7983],[15.1779,39.7896],[15.1774,39.7833],[15.1907,39.7646],[15.2069,39.75],[15.2159,39.7396],[15.2229,39.7261],[15.2354,39.7257],[15.2385,39.7271],[15.2416,39.7333],[15.2458,39.7376],[15.2521,39.739],[15.2625,39.7391],[15.2729,39.7427],[15.2937,39.7457],[15.3063,39.7491],[15.3167,39.7494],[15.3405,39.7458],[15.3412,39.7437],[15.3375,39.7354],[15.3417,39.7314],[15.3458,39.7301],[15.3654,39.7271],[15.3712,39.725],[15.3749,39.7208],[15.3734,39.7146],[15.3649,39.7083],[15.3586,39.7062],[15.3479,39.7047],[15.3375,39.7009],[15.3256,39.6917],[15.3167,39.6876],[15.2937,39.6816],[15.2854,39.6836],[15.2771,39.6909],[15.2688,39.6934],[15.2625,39.6937],[15.25,39.6875],[15.2458,39.6874],[15.2396,39.6932],[15.2354,39.6944],[15.2271,39.6935],[15.2236,39.6917],[15.2199,39.6854],[15.2167,39.684],[15.2104,39.6847],[15.2,39.6799],[15.1937,39.6729],[15.1889,39.6625],[15.1979,39.6635],[15.2005,39.6583],[15.1979,39.6502],[15.1924,39.6437],[15.1833,39.6408],[15.1792,39.642],[15.179,39.6458],[15.1859,39.6562],[15.1875,39.6608],[15.1729,39.656],[15.1687,39.6565],[15.1625,39.6624],[15.1521,39.6576],[15.1458,39.6577],[15.1427,39.6688],[15.1432,39.675],[15.1421,39.6833],[15.1433,39.6875],[15.1498,39.7],[15.1516,39.7083],[15.15,39.7101],[15.1417,39.7112],[15.1333,39.7106],[15.1298,39.7083],[15.1281,39.7042],[15.1288,39.7],[15.1327,39.6938],[15.1309,39.6896],[15.1189,39.6812],[15.1158,39.6667],[15.1079,39.6479],[15.1081,39.6396],[15.1069,39.6354],[15.0958,39.6303],[15.0788,39.6271],[15.0772,39.6208],[15.0729,39.6169],[15.0687,39.62],[15.0646,39.6203],[15.0624,39.6167],[15.0643,39.6146],[15.0708,39.6141],[15.0771,39.6058],[15.0818,39.5979],[15.0854,39.5954],[15.0979,39.597],[15.1125,39.5969],[15.1312,39.6029],[15.1375,39.6041],[15.1501,39.6104],[15.1583,39.6186],[15.1667,39.6227],[15.1813,39.6261],[15.1917,39.6271],[15.2021,39.6321],[15.2104,39.6351],[15.2292,39.6449],[15.2417,39.6459],[15.2542,39.6481],[15.2583,39.6476],[15.2625,39.6439],[15.2745,39.6375],[15.2812,39.6278],[15.2917,39.6235],[15.3042,39.6205],[15.3187,39.6194],[15.3271,39.6198],[15.3396,39.6221],[15.3604,39.619],[15.3688,39.6205],[15.3896,39.6191],[15.4062,39.6155],[15.4375,39.6134],[15.4458,39.6144],[15.4461,39.6083],[15.4399,39.5958],[15.4359,39.5917],[15.4266,39.5854],[15.4125,39.5791],[15.3917,39.5804],[15.375,39.586],[15.3646,39.5888],[15.3542,39.5871],[15.3438,39.5877],[15.3328,39.5833],[15.325,39.5821],[15.3104,39.5824],[15.3021,39.5794],[15.3018,39.575],[15.3113,39.5604],[15.3116,39.5583],[15.3,39.5516],[15.2958,39.5512],[15.2875,39.5544],[15.2833,39.5547],[15.2778,39.5521],[15.2646,39.5434],[15.2572,39.5333],[15.256,39.525],[15.2517,39.5167],[15.2564,39.5083],[15.2615,39.5042],[15.2641,39.5],[15.2652,39.4937],[15.2688,39.4905],[15.2854,39.4882],[15.2917,39.4888],[15.3125,39.4866],[15.3167,39.4851],[15.3271,39.479],[15.3333,39.4786],[15.3438,39.4738],[15.35,39.4745],[15.3646,39.4741],[15.3771,39.4724],[15.3919,39.4667],[15.3942,39.4646],[15.4002,39.4542],[15.403,39.4438],[15.3986,39.4271],[15.4006,39.4188],[15.4109,39.4062],[15.4153,39.4021],[15.4229,39.3973],[15.4353,39.3854],[15.4479,39.3664],[15.4563,39.3609],[15.4667,39.3605],[15.4708,39.359],[15.4812,39.3511],[15.484,39.3479],[15.4899,39.3375],[15.49,39.3312],[15.4874,39.3229],[15.481,39.3125],[15.4803,39.3083],[15.4854,39.2998],[15.4938,39.2959],[15.5083,39.2953],[15.5147,39.2938],[15.525,39.2893],[15.5292,39.2853],[15.5404,39.2667],[15.5417,39.2563],[15.5464,39.2458],[15.5605,39.2292],[15.5697,39.2208],[15.573,39.2167],[15.5753,39.2104],[15.5766,39.1958],[15.5731,39.1854],[15.57,39.1688],[15.5607,39.1437],[15.5543,39.1333],[15.5532,39.125],[15.558,39.1187],[15.5687,39.1123],[15.5771,39.1105],[15.5854,39.1111],[15.5979,39.1087],[15.6167,39.1036],[15.6293,39.0979],[15.6356,39.0938],[15.6458,39.0802],[15.649,39.0729],[15.6491,39.0688],[15.6452,39.0562],[15.6396,39.0485],[15.6326,39.0417],[15.6313,39.0375],[15.633,39.0333],[15.6375,39.0293],[15.6479,39.0234],[15.6519,39.0146],[15.6552,39.0104],[15.6625,39.0066],[15.675,39.0076],[15.6875,39.0068],[15.6907,39.0042],[15.6913,39.0],[15.6854,38.9854],[15.6813,38.9792],[15.6762,38.9667],[15.6711,38.9562],[15.6713,38.95],[15.6743,38.9375],[15.6718,38.9271],[15.6686,38.9208],[15.6604,38.914],[15.6562,38.9126],[15.6396,38.9146],[15.6312,38.9142],[15.6289,38.9125],[15.6312,38.9041],[15.6354,38.8997],[15.6479,38.8947],[15.6562,38.8898],[15.6668,38.8854],[15.6699,38.8813],[15.67,38.8708],[15.6672,38.8604],[15.6708,38.8567],[15.6813,38.8549],[15.6847,38.8521],[15.6858,38.8458],[15.6818,38.8292],[15.6816,38.8104],[15.6896,38.8104],[15.6958,38.8151],[15.7021,38.8176],[15.7104,38.8193],[15.727,38.8167],[15.7338,38.8125],[15.7312,38.811],[15.7208,38.8093],[15.7146,38.8092],[15.7083,38.8072],[15.7,38.7974],[15.6854,38.7856],[15.676,38.7792],[15.6729,38.7729],[15.6687,38.7689],[15.6588,38.7625],[15.6553,38.7563],[15.6516,38.7458],[15.6395,38.7375],[15.6362,38.7313],[15.6333,38.7291],[15.6229,38.7254],[15.6083,38.7107],[15.6,38.7057],[15.5875,38.7027],[15.5771,38.7051],[15.5667,38.7024],[15.5604,38.6979],[15.5479,38.6953],[15.5375,38.6898],[15.5292,38.6845],[15.5189,38.6792],[15.4979,38.6654],[15.4875,38.6599],[15.4771,38.6503],[15.4642,38.6417],[15.4599,38.6375],[15.461,38.6333],[15.4704,38.6229],[15.4896,38.6132],[15.4958,38.6111],[15.5016,38.6063],[15.5066,38.5958],[15.5095,38.5833],[15.5156,38.5729],[15.5309,38.5688],[15.5317,38.5667],[15.5271,38.5604],[15.5294,38.5521],[15.5336,38.5479],[15.5432,38.5417],[15.5333,38.5364],[15.5218,38.5333],[15.5165,38.5271],[15.4996,38.5125],[15.4885,38.5],[15.475,38.4893],[15.4625,38.4882],[15.4542,38.4853],[15.446,38.4792],[15.4433,38.475],[15.4425,38.4667],[15.443,38.4562],[15.4421,38.4521],[15.4354,38.4419],[15.4271,38.4363],[15.4197,38.4229],[15.4184,38.4146],[15.4117,38.4062],[15.4064,38.4021],[15.4035,38.3979],[15.3958,38.3944],[15.3896,38.3838],[15.3812,38.3834],[15.3667,38.3868],[15.3583,38.3927],[15.3542,38.3937],[15.3438,38.3931],[15.3354,38.3942],[15.3104,38.3946],[15.2958,38.3966],[15.2896,38.3965],[15.2854,38.394],[15.2841,38.3896],[15.2842,38.3792],[15.2812,38.3786],[15.2729,38.385],[15.2562,38.3877],[15.2521,38.3871],[15.2458,38.3813],[15.2167,38.3738],[15.2104,38.3713],[15.1958,38.371],[15.1854,38.3729],[15.1839,38.3687],[15.1896,38.3654],[15.2022,38.3542],[15.2049,38.35],[15.206,38.3438],[15.2,38.3415],[15.1833,38.3428],[15.1789,38.3417],[15.1729,38.334],[15.1687,38.3312],[15.1646,38.3311],[15.1562,38.3376],[15.1479,38.3473],[15.1396,38.3518],[15.1333,38.358],[15.1292,38.3586],[15.1271,38.3548],[15.125,38.3417],[15.1208,38.3317],[15.1125,38.3261],[15.1083,38.3269],[15.1023,38.3354],[15.0918,38.3458],[15.0881,38.3521],[15.0921,38.3583],[15.0917,38.3622],[15.0792,38.3669],[15.0721,38.3687],[15.0703,38.3833],[15.0678,38.3875],[15.0681,38.3937],[15.0604,38.4108],[15.0595,38.4167],[15.0625,38.423],[15.0611,38.425],[15.0536,38.4271],[15.0498,38.4354],[15.043,38.4438],[15.0393,38.4521],[15.0404,38.4583],[15.0388,38.4688],[15.0346,38.4771],[15.0368,38.4813],[15.045,38.4854],[15.0438,38.4896],[15.0375,38.4914],[15.025,38.4894],[15.0208,38.4936],[15.015,38.5042],[15.0172,38.5125],[15.0174,38.5187],[15.0145,38.5271],[15.0159,38.5292],[15.0333,38.5363],[15.0375,38.5372],[15.0287,38.5458],[15.0287,38.5479],[15.0396,38.55],[15.0521,38.5459],[15.0563,38.5459],[15.0708,38.552],[15.0813,38.5556],[15.0875,38.5565],[15.0979,38.5543],[15.1083,38.5555],[15.1188,38.5526],[15.1292,38.5562],[15.1354,38.5545],[15.15,38.5592],[15.1646,38.5611],[15.1814,38.5708],[15.1875,38.5767],[15.1942,38.5812],[15.2029,38.5958],[15.2035,38.6083],[15.2046,38.6146],[15.2031,38.6187],[15.1909,38.6271],[15.1833,38.6313],[15.1775,38.6375],[15.1708,38.6408],[15.1658,38.6479],[15.1666,38.6521],[15.171,38.6604],[15.1696,38.6688],[15.1719,38.675],[15.1766,38.6812],[15.1777,38.6854],[15.1763,38.6896],[15.1708,38.6949],[15.1611,38.7],[15.158,38.7042],[15.1438,38.712],[15.1312,38.7158],[15.125,38.7155],[15.1146,38.7109],[15.1083,38.712],[15.0979,38.7059],[15.0875,38.7023],[15.0802,38.6958],[15.0733,38.6917],[15.0667,38.6895],[15.0542,38.6871],[15.0437,38.6891],[15.0354,38.6872],[15.0288,38.6833],[15.0264,38.6792],[15.0125,38.6634],[15.0081,38.6604],[14.9995,38.65],[14.9842,38.6458],[14.9824,38.6396],[14.9792,38.6354],[14.973,38.6313],[14.9667,38.6187],[14.9625,38.6186],[14.9542,38.6229],[14.9453,38.6333],[14.9333,38.6432],[14.925,38.6477],[14.9104,38.6518],[14.9062,38.652],[14.8917,38.6498],[14.8812,38.6526],[14.875,38.658],[14.8688,38.6613],[14.8542,38.6651],[14.8417,38.6619],[14.8292,38.6566],[14.8208,38.6545],[14.8042,38.6468],[14.7937,38.6407],[14.7851,38.6375],[14.7792,38.6324],[14.7675,38.625],[14.7595,38.6187],[14.7597,38.6083],[14.7586,38.6021],[14.7542,38.5969],[14.7479,38.5922],[14.7436,38.5792],[14.7438,38.5688],[14.75,38.5634],[14.7647,38.5438],[14.7664,38.5375],[14.7688,38.5347],[14.775,38.5329],[14.7812,38.5293],[14.7958,38.5167],[14.8,38.5083],[14.8021,38.4991],[14.8088,38.4875],[14.8141,38.475],[14.822,38.4688],[14.8234,38.4646],[14.823,38.4583],[14.8262,38.45],[14.8313,38.4453],[14.8375,38.4423],[14.8479,38.4329],[14.8583,38.4314],[14.8667,38.4281],[14.8771,38.4252],[14.8818,38.4188],[14.8824,38.4125],[14.8887,38.4],[14.8898,38.3937],[14.8937,38.3875],[14.8973,38.3771],[14.902,38.3708],[14.9052,38.3625],[14.9106,38.3563],[14.9221,38.3375],[14.9375,38.3223],[14.9437,38.3206],[14.9563,38.3189],[14.9636,38.3146],[14.9666,38.3083],[14.9735,38.3042],[14.9771,38.2973],[14.9812,38.2945],[14.9875,38.2933],[14.994,38.2854],[14.9905,38.2792],[14.9902,38.275],[14.9923,38.2667],[14.9917,38.2642],[14.9812,38.2698],[14.9771,38.2709],[14.9729,38.2693],[14.9692,38.2646],[14.9688,38.2583],[14.9667,38.2568],[14.9583,38.2583],[14.9557,38.2563],[14.9551,38.25],[14.95,38.2461],[14.9437,38.2467],[14.9375,38.2447],[14.9313,38.2478],[14.925,38.2415],[14.9187,38.2395],[14.9125,38.2442],[14.9,38.2486],[14.8938,38.2395],[14.8896,38.2393],[14.8812,38.2422],[14.875,38.2378],[14.8688,38.2355],[14.8629,38.2396],[14.8604,38.2437],[14.8581,38.2521],[14.8542,38.2573],[14.85,38.2584],[14.8417,38.255],[14.8379,38.25],[14.8389,38.2458],[14.8441,38.2354],[14.8442,38.2313],[14.8417,38.2301],[14.8271,38.2331],[14.8187,38.2387],[14.8125,38.235],[14.8104,38.2363],[14.8063,38.2446],[14.8,38.2484],[14.7937,38.2446],[14.7896,38.2455],[14.7792,38.2545],[14.7729,38.2564],[14.7625,38.2555],[14.7606,38.2521],[14.7645,38.2396],[14.7604,38.2374],[14.75,38.24],[14.7438,38.2385],[14.7387,38.2313],[14.7354,38.2291],[14.7208,38.2276],[14.7146,38.2293],[14.7042,38.2287],[14.6875,38.2352],[14.6813,38.2356],[14.6729,38.2326],[14.6687,38.2291],[14.6583,38.229],[14.6509,38.225],[14.6532,38.2188],[14.65,38.217],[14.6388,38.2167],[14.6333,38.211],[14.6208,38.2119],[14.6083,38.2095],[14.5961,38.2042],[14.5868,38.1979],[14.5876,38.1938],[14.5826,38.1896],[14.5778,38.1875],[14.5646,38.1839],[14.5521,38.1827],[14.5312,38.1873],[14.5208,38.1874],[14.5125,38.1905],[14.5,38.1884],[14.4914,38.1854],[14.4877,38.1812],[14.4812,38.1791],[14.4604,38.1761],[14.45,38.1709],[14.4292,38.1675],[14.4229,38.1655],[14.4083,38.1664],[14.4021,38.1678],[14.3896,38.1687],[14.3729,38.1722],[14.3583,38.1728],[14.3479,38.1711],[14.3333,38.1754],[14.3208,38.1754],[14.3104,38.1743],[14.2958,38.1741],[14.2771,38.1716],[14.2604,38.1744],[14.25,38.174],[14.2333,38.1706],[14.2271,38.1667],[14.2244,38.1604],[14.2188,38.1542],[14.2146,38.1518],[14.2104,38.152],[14.1979,38.1562],[14.193,38.1604],[14.1854,38.1691],[14.1792,38.171],[14.1667,38.1722],[14.1605,38.1708],[14.1618,38.1667],[14.1699,38.1604],[14.1707,38.1562],[14.1688,38.1521],[14.1713,38.1458],[14.1674,38.1396],[14.1646,38.1302],[14.1562,38.125],[14.1458,38.1217],[14.1417,38.1219],[14.1333,38.1249],[14.1083,38.1304],[14.1,38.1315],[14.0877,38.1396],[14.0837,38.1437],[14.0792,38.1522],[14.0667,38.1567],[14.0563,38.1577],[14.0479,38.1561],[14.0417,38.1531],[14.025,38.15],[14.0125,38.1495],[13.9958,38.1467],[13.9792,38.1446],[13.9688,38.142],[13.9583,38.1375],[13.95,38.136],[13.9437,38.1378],[13.9208,38.139],[13.9104,38.138],[13.9021,38.1361],[13.8856,38.1292],[13.8851,38.125],[13.891,38.1187],[13.8875,38.1174],[13.8771,38.1166],[13.8708,38.1171],[13.8604,38.1124],[13.8458,38.1123],[13.8271,38.1165],[13.8167,38.1198],[13.8109,38.125],[13.8075,38.1313],[13.8042,38.1341],[13.7854,38.1377],[13.7792,38.1428],[13.7708,38.1432],[13.7616,38.1521],[13.7567,38.1646],[13.7518,38.1729],[13.7505,38.1792],[13.7458,38.1832],[13.7354,38.1837],[13.7292,38.1856],[13.7167,38.1835],[13.7063,38.1807],[13.6958,38.1813],[13.6813,38.1768],[13.6771,38.1765],[13.6641,38.1833],[13.6583,38.1846],[13.654,38.1812],[13.657,38.1688],[13.6521,38.1631],[13.6417,38.1657],[13.6354,38.1632],[13.6167,38.167],[13.6083,38.1705],[13.6045,38.175],[13.6028,38.1917],[13.5917,38.1937],[13.5854,38.1975],[13.5771,38.198],[13.5687,38.2008],[13.5612,38.1979],[13.5542,38.1912],[13.5375,38.1887],[13.5257,38.1812],[13.5208,38.1769],[13.5042,38.1747],[13.5,38.1766],[13.4935,38.1833],[13.4933,38.1938],[13.4917,38.2028],[13.4875,38.2048],[13.4792,38.1985],[13.475,38.1984],[13.4688,38.2008],[13.4625,38.199],[13.4542,38.1989],[13.4458,38.2021],[13.4425,38.2083],[13.4376,38.2146],[13.4395,38.2188],[13.4455,38.225],[13.4437,38.2283],[13.4272,38.2333],[13.4278,38.2354],[13.4417,38.2437],[13.4453,38.2479],[13.4441,38.2521],[13.4396,38.2545],[13.4229,38.256],[13.4184,38.2583],[13.4188,38.2625],[13.4234,38.2667],[13.4268,38.2729],[13.4318,38.2771],[13.4417,38.2799],[13.446,38.2833],[13.4507,38.2958],[13.449,38.3021],[13.449,38.3083],[13.4471,38.3125],[13.4396,38.3183],[13.4271,38.3248],[13.4208,38.3261],[13.4125,38.3257],[13.4062,38.324],[13.3958,38.3172],[13.3896,38.316],[13.3833,38.3184],[13.3729,38.3161],[13.3625,38.3169],[13.3479,38.3162],[13.3354,38.3126],[13.3271,38.3112],[13.3238,38.3125],[13.3157,38.3188],[13.3168,38.325],[13.3229,38.3318],[13.331,38.3438],[13.3322,38.3479],[13.3324,38.3583],[13.3417,38.3667],[13.3461,38.3729],[13.3462,38.3833],[13.3438,38.3877],[13.3375,38.3907],[13.3331,38.3979],[13.3292,38.4015],[13.3167,38.4021],[13.3104,38.3993],[13.3,38.3995],[13.2937,38.4036],[13.2875,38.4041],[13.2828,38.4125],[13.2771,38.4173],[13.2646,38.4301],[13.2604,38.4326],[13.25,38.4321],[13.2452,38.4354],[13.244,38.4396],[13.2449,38.45],[13.2417,38.455],[13.2312,38.4522],[13.2208,38.4466],[13.2063,38.4401],[13.2,38.4381],[13.1863,38.4312],[13.1812,38.425],[13.1729,38.4202],[13.1687,38.4194],[13.1562,38.4228],[13.1521,38.4201],[13.1417,38.4102],[13.1287,38.3937],[13.125,38.3875],[13.1188,38.3826],[13.1083,38.3767],[13.1042,38.3758],[13.0979,38.3772],[13.0896,38.3747],[13.0708,38.3759],[13.0542,38.3687],[13.0502,38.3646],[13.0442,38.3542],[13.0417,38.3471],[13.0333,38.3463],[13.0271,38.3397],[13.0188,38.3407],[13.0104,38.3448],[13.0062,38.343],[13.0,38.3366],[12.9989,38.3312],[13.0006,38.325],[12.9985,38.3208],[12.9875,38.3128],[12.9812,38.3101],[12.9604,38.3057],[12.95,38.2984],[12.9375,38.2958],[12.9264,38.2833],[12.9213,38.2729],[12.9142,38.2667],[12.8998,38.25],[12.8938,38.2364],[12.8854,38.2311],[12.8792,38.2249],[12.868,38.225],[12.8656,38.2188],[12.8625,38.2169],[12.8542,38.216],[12.8418,38.2188],[12.8384,38.2208],[12.8333,38.2269],[12.8187,38.2302],[12.8125,38.2337],[12.8104,38.2375],[12.8112,38.2417],[12.8181,38.2458],[12.8333,38.2513],[12.8436,38.2583],[12.8485,38.2646],[12.8509,38.2708],[12.856,38.2771],[12.8729,38.2907],[12.8813,38.3021],[12.8829,38.3062],[12.8806,38.3125],[12.8816,38.3167],[12.8856,38.3229],[12.8894,38.3354],[12.8958,38.3417],[12.9042,38.3474],[12.9134,38.3583],[12.9229,38.366],[12.9285,38.3771],[12.9313,38.3902],[12.9332,38.3958],[12.9375,38.4021],[12.9413,38.4104],[12.9458,38.4155],[12.9521,38.4191],[12.9594,38.425],[12.9818,38.4542],[12.996,38.4667],[13.0019,38.4813],[13.0001,38.4854],[12.9938,38.4841],[12.9855,38.4729],[12.9729,38.4624],[12.9688,38.4609],[12.9563,38.4644],[12.95,38.4621],[12.9415,38.4562],[12.9319,38.4479],[12.9229,38.4382],[12.9104,38.4337],[12.9021,38.4291],[12.8953,38.4188],[12.8937,38.4083],[12.894,38.4021],[12.8903,38.3937],[12.8833,38.3886],[12.8728,38.3792],[12.8607,38.3667],[12.8458,38.3568],[12.8396,38.35],[12.8313,38.3451],[12.8187,38.3428],[12.8066,38.3354],[12.8,38.3239],[12.7958,38.3191],[12.7875,38.3191],[12.7688,38.3236],[12.7604,38.3243],[12.7521,38.3185],[12.7438,38.3158],[12.7406,38.3104],[12.7435,38.3],[12.7424,38.2958],[12.7337,38.2875],[12.7318,38.2812],[12.7335,38.2708],[12.7446,38.2604],[12.7447,38.2542],[12.7417,38.2522],[12.7292,38.2495],[12.722,38.2417],[12.7141,38.2354],[12.7083,38.2296],[12.7042,38.2286],[12.6979,38.2319],[12.6875,38.2326],[12.6822,38.2271],[12.6792,38.2206],[12.6771,38.2199],[12.6625,38.2228],[12.6521,38.2211],[12.6438,38.2157],[12.6354,38.217],[12.6195,38.2292],[12.6096,38.2375],[12.6086,38.2396],[12.6093,38.25],[12.608,38.2542],[12.5997,38.2687],[12.5917,38.2791],[12.5853,38.3],[12.5826,38.3042],[12.5681,38.3208],[12.5663,38.325],[12.5657,38.3479],[12.5615,38.3563],[12.5596,38.3625],[12.56,38.3813],[12.5632,38.3937],[12.564,38.4],[12.5671,38.4083],[12.567,38.4125],[12.5583,38.427],[12.5523,38.4312],[12.5437,38.4336],[12.5312,38.4314],[12.5208,38.4267],[12.5167,38.4223],[12.5117,38.4125],[12.5113,38.4021],[12.5136,38.3958],[12.5131,38.3875],[12.508,38.3792],[12.4958,38.355],[12.4889,38.3479],[12.4772,38.3271],[12.4688,38.3198],[12.4604,38.3169],[12.45,38.3167],[12.4437,38.3101],[12.4375,38.3088],[12.4271,38.3024],[12.4208,38.3019],[12.4125,38.3074],[12.4101,38.3146],[12.41,38.3188],[12.4131,38.3292],[12.3996,38.3417],[12.3938,38.3434],[12.3771,38.3373],[12.3604,38.3246],[12.3553,38.3167],[12.3303,38.2979],[12.3265,38.2896],[12.325,38.2833],[12.3276,38.2708],[12.3245,38.2646],[12.3243,38.2521],[12.321,38.2458],[12.3146,38.2422],[12.3111,38.2354],[12.3098,38.2271],[12.3108,38.2208],[12.3094,38.2167],[12.2965,38.2062],[12.2896,38.1956],[12.2833,38.1896],[12.2858,38.1812],[12.284,38.1771],[12.275,38.1767],[12.2633,38.1812],[12.2542,38.1864],[12.2354,38.1958],[12.2228,38.2042],[12.2146,38.2081],[12.2021,38.2099],[12.1896,38.2075],[12.1771,38.1993],[12.1729,38.1983],[12.1646,38.2006],[12.1494,38.2125],[12.1375,38.2189],[12.1292,38.2209],[12.1208,38.2216],[12.1125,38.221],[12.1042,38.2187],[12.0958,38.2148],[12.0729,38.1986],[12.0646,38.1984],[12.0611,38.2021],[12.0604,38.2062],[12.0563,38.2091],[12.05,38.2058],[12.0458,38.206],[12.0417,38.2086],[12.0377,38.2146],[12.0312,38.2182],[12.026,38.2229],[12.0229,38.229],[12.0146,38.2344],[12.0038,38.2437],[12.0007,38.25],[11.9973,38.2625],[11.9946,38.2646],[11.9854,38.2678],[11.9729,38.2696],[11.9667,38.2661],[11.9647,38.2625],[11.964,38.2542],[11.9609,38.2396],[11.9561,38.2313],[11.9533,38.2208],[11.95,38.2152],[11.9458,38.2112],[11.9271,38.2023],[11.9104,38.1973],[11.8997,38.1896],[11.8922,38.1812],[11.8897,38.1771],[11.8882,38.1688],[11.8898,38.1562],[11.8917,38.153],[11.8989,38.1479],[11.9012,38.1437],[11.9008,38.1333],[11.8958,38.1292],[11.8833,38.1235],[11.8729,38.1196],[11.8604,38.1168],[11.8411,38.1104],[11.8354,38.1074],[11.8156,38.1],[11.8116,38.0979],[11.8063,38.088],[11.8,38.0839],[11.7896,38.0838],[11.7812,38.0869],[11.7688,38.0879],[11.7625,38.0942],[11.7562,38.0971],[11.7521,38.0966],[11.7458,38.0884],[11.7417,38.0849],[11.7333,38.0837],[11.7261,38.0875],[11.7292,38.0959],[11.7333,38.1021],[11.7396,38.1043],[11.7521,38.1039],[11.7522,38.1104],[11.7497,38.1167],[11.7458,38.1216],[11.7365,38.1292],[11.7343,38.1333],[11.734,38.1437],[11.7371,38.1542],[11.7419,38.1625],[11.7431,38.1667],[11.7396,38.175],[11.7226,38.1938],[11.7101,38.2042],[11.7017,38.2125],[11.7028,38.2167],[11.7083,38.221],[11.7125,38.2226],[11.7221,38.2229],[11.7243,38.225],[11.7208,38.2313],[11.7162,38.2437],[11.716,38.2479],[11.719,38.2521],[11.73,38.2583],[11.7313,38.2625],[11.7292,38.2662],[11.7229,38.2702],[11.7083,38.2681],[11.6998,38.2771],[11.6973,38.2875],[11.6941,38.2917],[11.6869,38.2979],[11.6792,38.3019],[11.6604,38.3026],[11.65,38.3023]],[[11.65,38.359],[11.6562,38.3546],[11.6625,38.3512],[11.675,38.3483],[11.6917,38.3478],[11.7083,38.3445],[11.7396,38.3374],[11.7468,38.3312],[11.7511,38.3229],[11.7562,38.3092],[11.7627,38.2958],[11.7653,38.2875],[11.7637,38.275],[11.7646,38.2708],[11.7708,38.2603],[11.775,38.2553],[11.7771,38.2554],[11.7782,38.2646],[11.7804,38.2687],[11.7875,38.2757],[11.7929,38.2792],[11.8003,38.2875],[11.8167,38.319],[11.8257,38.3375],[11.8292,38.3417],[11.8396,38.3484],[11.8479,38.3504],[11.8667,38.3501],[11.8729,38.3511],[11.8812,38.3553],[11.8952,38.3646],[11.9098,38.375],[11.9154,38.3813],[11.914,38.3917],[11.9104,38.3962],[11.9043,38.4],[11.9098,38.4125],[11.9125,38.4158],[11.9128,38.4208],[11.9042,38.4333],[11.9064,38.4375],[11.9167,38.4402],[11.9354,38.4375],[11.9458,38.4335],[11.9563,38.4246],[11.9625,38.4229],[11.9833,38.4256],[11.9896,38.4285],[12.0083,38.4308],[12.0242,38.4354],[12.0354,38.4401],[12.0521,38.4419],[12.0687,38.4476],[12.0813,38.4551],[12.1062,38.4676],[12.1156,38.4708],[12.1208,38.4743],[12.1279,38.4771],[12.1479,38.4878],[12.1583,38.4892],[12.1646,38.4891],[12.175,38.4919],[12.1853,38.4979],[12.1864,38.5021],[12.1806,38.5063],[12.1675,38.5104],[12.1633,38.5146],[12.1521,38.5229],[12.1292,38.5281],[12.1208,38.5313],[12.1085,38.5417],[12.1084,38.5438],[12.1214,38.5521],[12.1246,38.5562],[12.1242,38.5604],[12.1292,38.563],[12.1417,38.561],[12.1583,38.5612],[12.1729,38.5634],[12.1813,38.5622],[12.1979,38.5559],[12.2083,38.5543],[12.2354,38.5576],[12.2396,38.5575],[12.2521,38.5538],[12.2667,38.553],[12.2771,38.5537],[12.2958,38.5539],[12.3042,38.5528],[12.3187,38.5485],[12.3313,38.544],[12.3417,38.5414],[12.3583,38.5389],[12.3812,38.5366],[12.4125,38.5312],[12.4187,38.531],[12.4333,38.5339],[12.4463,38.5375],[12.4466,38.5479],[12.45,38.5499],[12.4646,38.554],[12.4729,38.558],[12.4833,38.5593],[12.4888,38.5625],[12.4924,38.5667],[12.4972,38.575],[12.5025,38.5812],[12.5079,38.5896],[12.5192,38.5958],[12.5271,38.603],[12.5458,38.6058],[12.5513,38.6104],[12.5535,38.6167],[12.5521,38.6229],[12.5568,38.6271],[12.5646,38.6292],[12.5708,38.6294],[12.5813,38.6324],[12.5917,38.634],[12.6,38.6393],[12.6062,38.6406],[12.6104,38.6389],[12.6169,38.6333],[12.6208,38.6284],[12.6333,38.626],[12.6378,38.6229],[12.6399,38.6167],[12.6438,38.6144],[12.65,38.6151],[12.6604,38.6193],[12.6667,38.6183],[12.6708,38.6196],[12.6726,38.6229],[12.6698,38.6271],[12.6646,38.6282],[12.6562,38.624],[12.6458,38.6258],[12.638,38.6313],[12.6342,38.6375],[12.6297,38.6417],[12.6208,38.6478],[12.6125,38.6509],[12.6042,38.6507],[12.5854,38.6574],[12.575,38.6629],[12.5667,38.6651],[12.5625,38.6637],[12.5591,38.6542],[12.5563,38.6521],[12.5437,38.6545],[12.5333,38.6606],[12.5271,38.6613],[12.5229,38.6595],[12.5,38.6681],[12.4854,38.6746],[12.4771,38.6733],[12.4729,38.674],[12.4604,38.6816],[12.4542,38.6834],[12.4375,38.6825],[12.4271,38.6802],[12.4229,38.681],[12.4124,38.6854],[12.3833,38.6945],[12.3749,38.6979],[12.3667,38.6991],[12.3479,38.6973],[12.3375,38.6989],[12.3187,38.6987],[12.3021,38.6974],[12.2937,38.6991],[12.2708,38.6968],[12.25,38.6887],[12.2396,38.6879],[12.2292,38.692],[12.2104,38.6883],[12.1958,38.6835],[12.1896,38.6844],[12.1813,38.6895],[12.175,38.6895],[12.1726,38.6875],[12.1741,38.6812],[12.1708,38.6793],[12.1479,38.6805],[12.1354,38.6768],[12.1102,38.6708],[12.1021,38.6698],[12.0708,38.6722],[12.0625,38.6714],[12.0542,38.6676],[12.0375,38.6658],[12.0333,38.6647],[12.0246,38.6583],[12.0146,38.6554],[12.0093,38.6521],[12.0075,38.6479],[12.012,38.6354],[12.013,38.6292],[12.0229,38.6248],[12.0417,38.6215],[12.0604,38.6158],[12.0667,38.6129],[12.0727,38.6021],[12.0789,38.5958],[12.0854,38.5861],[12.0916,38.5812],[12.0902,38.5771],[12.0792,38.5718],[12.0708,38.5702],[12.0625,38.5713],[12.05,38.5715],[12.0354,38.5742],[12.0146,38.5756],[11.9917,38.5799],[11.9875,38.5795],[11.9793,38.575],[11.9759,38.5688],[11.9717,38.5646],[11.9731,38.5583],[11.9767,38.5542],[11.9774,38.55],[11.9751,38.5458],[11.9667,38.5409],[11.9583,38.54],[11.9396,38.5396],[11.9333,38.5387],[11.9208,38.5331],[11.9146,38.5271],[11.9078,38.5229],[11.9051,38.5187],[11.9012,38.5167],[11.8875,38.5124],[11.8604,38.5099],[11.8521,38.5108],[11.8479,38.5065],[11.8396,38.5043],[11.8313,38.5035],[11.8187,38.4946],[11.8083,38.4909],[11.7896,38.4896],[11.7729,38.486],[11.7479,38.4833],[11.7375,38.4831],[11.7271,38.4816],[11.7167,38.4829],[11.7042,38.4832],[11.6833,38.4825],[11.6771,38.483],[11.6604,38.4809],[11.65,38.4815],[11.65,38.4815]]]}},{"type":"Feature","properties":{"depth":-1000},"geometry":{"type":"MultiLineString","coordinates":[[[13.75,38.3393],[13.7583,38.3403],[13.7667,38.3484],[13.775,38.3472],[13.7896,38.3481],[13.7979,38.3508],[13.8125,38.3508],[13.825,38.3496],[13.8292,38.3502],[13.8396,38.3564],[13.8458,38.3591],[13.8521,38.3634],[13.8591,38.3667],[13.8613,38.3729],[13.8686,38.3792],[13.8682,38.3813],[13.8625,38.3853],[13.8567,38.3917],[13.8479,38.3941],[13.8354,38.3945],[13.8283,38.3979],[13.8146,38.4026],[13.8,38.4139],[13.7925,38.4188],[13.7893,38.4229],[13.7891,38.4271],[13.7978,38.4396],[13.8016,38.4479],[13.8002,38.4583],[13.8016,38.4688],[13.7994,38.4729],[13.8017,38.4792],[13.8021,38.4858],[13.8,38.4885],[13.7937,38.4883],[13.7919,38.4854],[13.7916,38.4771],[13.7854,38.4739],[13.7792,38.4745],[13.7729,38.4792],[13.7625,38.4828],[13.7583,38.4829],[13.7458,38.4793],[13.7396,38.4827],[13.7354,38.4894],[13.7312,38.4881],[13.7188,38.4755],[13.7083,38.4696],[13.7,38.4663],[13.6907,38.4521],[13.6854,38.4458],[13.6856,38.4417],[13.6896,38.435],[13.6958,38.432],[13.6983,38.4292],[13.6994,38.4208],[13.6918,38.4104],[13.6988,38.3917],[13.7021,38.3879],[13.7099,38.3833],[13.7135,38.3771],[13.7206,38.3687],[13.725,38.3541],[13.7292,38.3514],[13.7375,38.3498],[13.7458,38.3415],[13.75,38.3393]]]}},{"type":"Feature","properties":{"depth":-1000},"geometry":{"type":"MultiLineString","coordinates":[[[14.3521,38.504],[14.3562,38.5046],[14.3729,38.5112],[14.3819,38.5167],[14.392,38.5271],[14.3995,38.5417],[14.401,38.5458],[14.4005,38.5521],[14.3971,38.5625],[14.3938,38.5664],[14.3792,38.5745],[14.3604,38.5803],[14.3458,38.5812],[14.3333,38.5785],[14.3235,38.5729],[14.3163,38.5667],[14.3051,38.5542],[14.3031,38.5458],[14.3041,38.5333],[14.307,38.5271],[14.3122,38.5208],[14.3208,38.5126],[14.325,38.5103],[14.3417,38.5058],[14.3521,38.504]]]}},{"type":"Feature","properties":{"depth":-1000},"geometry":{"type":"MultiLineString","coordinates":[[[14.5771,38.5269],[14.5896,38.5262],[14.6042,38.5294],[14.6147,38.5333],[14.624,38.5396],[14.627,38.5438],[14.6316,38.5542],[14.6302,38.5646],[14.6273,38.5708],[14.6153,38.5854],[14.6123,38.5917],[14.6111,38.6],[14.6042,38.6102],[14.5917,38.6153],[14.5875,38.6151],[14.5792,38.6105],[14.575,38.6101],[14.5667,38.6125],[14.5604,38.6159],[14.5563,38.6166],[14.5437,38.616],[14.525,38.6184],[14.5188,38.6184],[14.5104,38.6211],[14.4958,38.6237],[14.4833,38.6213],[14.475,38.6176],[14.4668,38.6125],[14.4604,38.6042],[14.4591,38.5979],[14.4594,38.5896],[14.4663,38.5771],[14.477,38.5625],[14.4805,38.5562],[14.4919,38.55],[14.5083,38.545],[14.5208,38.5385],[14.5292,38.5366],[14.55,38.5342],[14.5646,38.5293],[14.5771,38.5269]]]}},{"type":"Feature","properties":{"depth":-1000},"geometry":{"type":"MultiLineString","coordinates":[[[12.7729,38.637],[12.7812,38.6355],[12.7896,38.6363],[12.7979,38.6411],[12.8063,38.6418],[12.8271,38.6402],[12.8354,38.6411],[12.8417,38.6394],[12.8542,38.6393],[12.8667,38.6433],[12.875,38.6434],[12.8854,38.6423],[12.8917,38.646],[12.9042,38.6511],[12.9104,38.6551],[12.9158,38.6604],[12.9232,38.6708],[12.9247,38.675],[12.9146,38.6915],[12.9113,38.6979],[12.9066,38.7021],[12.8979,38.7049],[12.8854,38.7029],[12.8812,38.7045],[12.8729,38.7117],[12.8625,38.7123],[12.8542,38.7149],[12.8375,38.7147],[12.8271,38.7168],[12.8187,38.7164],[12.8083,38.714],[12.8,38.7138],[12.7854,38.7149],[12.7667,38.7142],[12.7498,38.7083],[12.7417,38.7041],[12.7226,38.7],[12.7146,38.6966],[12.7043,38.6938],[12.7013,38.6917],[12.7005,38.6875],[12.7042,38.6808],[12.7125,38.6752],[12.7208,38.6675],[12.7271,38.6639],[12.7396,38.6586],[12.7476,38.6542],[12.7527,38.6479],[12.7604,38.642],[12.7729,38.637]]]}},{"type":"Feature","properties":{"depth":-1000},"geometry":{"type":"MultiLineString","coordinates":[[[13.1708,38.639],[13.175,38.6383],[13.1819,38.6417],[13.1865,38.65],[13.1917,38.6559],[13.1979,38.6591],[13.2125,38.6626],[13.2229,38.6623],[13.2325,38.6646],[13.2375,38.6692],[13.2479,38.6731],[13.2562,38.6745],[13.2646,38.6778],[13.2708,38.6792],[13.2776,38.6854],[13.2719,38.6958],[13.2646,38.7034],[13.2521,38.7138],[13.2475,38.7188],[13.2337,38.7313],[13.2258,38.7396],[13.2188,38.7436],[13.2065,38.7563],[13.1937,38.764],[13.1875,38.7649],[13.1813,38.7621],[13.1708,38.7662],[13.1646,38.7704],[13.1579,38.7708],[13.1542,38.7647],[13.15,38.7642],[13.1438,38.7679],[13.1396,38.7679],[13.1369,38.7646],[13.1342,38.7563],[13.1271,38.7538],[13.1208,38.7546],[13.1133,38.75],[13.1106,38.7437],[13.1021,38.7351],[13.0958,38.731],[13.0896,38.7248],[13.0814,38.7208],[13.0687,38.7178],[13.0563,38.7166],[13.0354,38.7097],[13.0292,38.7087],[13.0166,38.7104],[13.0062,38.7083],[13.0021,38.7056],[12.985,38.7],[13.0005,38.6896],[13.0104,38.6854],[13.0211,38.6833],[13.0238,38.6812],[13.0244,38.6771],[13.0274,38.675],[13.0333,38.6741],[13.05,38.6758],[13.0604,38.676],[13.0708,38.6749],[13.0854,38.6746],[13.0917,38.6716],[13.1083,38.6675],[13.1229,38.6683],[13.1375,38.6662],[13.1417,38.6645],[13.1458,38.6604],[13.15,38.6517],[13.1542,38.651],[13.1708,38.639]]]}},{"type":"Feature","properties":{"depth":-1000},"geometry":{"type":"MultiLineString","coordinates":[[[15.1875,38.7454],[15.2063,38.746],[15.2208,38.7492],[15.2333,38.7533],[15.2417,38.7579],[15.2544,38.7687],[15.2594,38.7771],[15.2637,38.7812],[15.2748,38.7896],[15.2828,38.7979],[15.2881,38.8062],[15.2919,38.8146],[15.2972,38.8208],[15.2966,38.8229],[15.2878,38.8292],[15.2872,38.8354],[15.2854,38.8374],[15.2729,38.8426],[15.2542,38.8462],[15.2417,38.8471],[15.2333,38.8462],[15.2229,38.8398],[15.1976,38.8292],[15.1896,38.8248],[15.1792,38.8214],[15.175,38.8185],[15.1655,38.8083],[15.1626,38.8042],[15.1599,38.7917],[15.1602,38.7875],[15.165,38.775],[15.18,38.7521],[15.1875,38.7454]]]}},{"type":"Feature","properties":{"depth":-1000},"geometry":{"type":"MultiLineString","coordinates":[[[14.7812,39.4602],[14.7875,39.4599],[14.7979,39.4631],[14.8063,39.4619],[14.8146,39.4594],[14.8313,39.459],[14.8438,39.4622],[14.8667,39.4614],[14.8792,39.4636],[14.8917,39.4627],[14.9062,39.465],[14.9155,39.4708],[14.9221,39.4833],[14.925,39.4868],[14.9313,39.4875],[14.9396,39.4846],[14.95,39.4781],[14.9583,39.4773],[14.9708,39.4815],[14.9759,39.4854],[14.9836,39.4958],[14.984,39.5],[14.9667,39.5062],[14.9549,39.5146],[14.9521,39.5201],[14.9479,39.5213],[14.9292,39.5188],[14.9208,39.5188],[14.9146,39.5176],[14.9,39.5162],[14.8938,39.5206],[14.8896,39.5177],[14.887,39.5125],[14.8792,39.5036],[14.875,39.5017],[14.8646,39.5022],[14.8479,39.5065],[14.8354,39.509],[14.8229,39.5104],[14.8167,39.5122],[14.8021,39.5216],[14.7958,39.5242],[14.7854,39.5263],[14.7729,39.5249],[14.759,39.5187],[14.7549,39.5146],[14.7578,39.5021],[14.7667,39.4898],[14.7734,39.4833],[14.7739,39.4792],[14.7712,39.4729],[14.7725,39.4667],[14.7812,39.4602]]]}},{"type":"Feature","properties":{"depth":-500},"geometry":{"type":"MultiLineString","coordinates":[[[15.4404,37.9854],[15.4473,37.9979],[15.4606,38.0167],[15.4708,38.0255],[15.4847,38.0396],[15.4958,38.0484],[15.5003,38.0542],[15.5093,38.0625],[15.5166,38.0708],[15.5244,38.0812],[15.533,38.1021],[15.5375,38.1085],[15.5439,38.1146],[15.547,38.1229],[15.5623,38.1354],[15.5667,38.142],[15.5708,38.144],[15.5833,38.155],[15.5938,38.16],[15.6021,38.159],[15.6052,38.1562],[15.6036,38.1437],[15.5982,38.1375],[15.5971,38.1292],[15.6042,38.1229],[15.6104,38.1232],[15.6134,38.1187],[15.6102,38.1125],[15.6106,38.0958],[15.6134,38.0875],[15.6142,38.0771],[15.619,38.0667],[15.6199,38.0604],[15.6291,38.0542],[15.6276,38.0479],[15.6207,38.0417],[15.6176,38.0312],[15.6171,38.0187],[15.6233,38.0042],[15.6268,37.9917],[15.6243,37.9854]]]}},{"type":"Feature","properties":{"depth":-500},"geometry":{"type":"MultiLineString","coordinates":[[[14.5561,40.2375],[14.5604,40.232],[14.5708,40.2274],[14.5752,40.2208],[14.5769,40.2104],[14.5767,40.1875],[14.5795,40.1792],[14.5827,40.175],[14.5896,40.1701],[14.6042,40.1655],[14.6087,40.1625],[14.6257,40.1458],[14.6342,40.1333],[14.6417,40.1299],[14.6441,40.1271],[14.6446,40.1208],[14.6428,40.1167],[14.6333,40.1078],[14.6309,40.1042],[14.6279,40.0938],[14.6212,40.0812],[14.6157,40.075],[14.6061,40.0458],[14.606,40.0417],[14.6104,40.037],[14.625,40.0391],[14.6333,40.037],[14.6396,40.0407],[14.6458,40.0483],[14.6521,40.0521],[14.6646,40.0651],[14.6687,40.0675],[14.6792,40.0694],[14.6854,40.068],[14.6952,40.0625],[14.7146,40.0547],[14.7188,40.0543],[14.7292,40.0598],[14.7333,40.0603],[14.7417,40.0544],[14.7458,40.0538],[14.7562,40.0571],[14.7625,40.0606],[14.7729,40.0599],[14.7792,40.0605],[14.7854,40.0627],[14.7979,40.0592],[14.8125,40.0591],[14.8162,40.0562],[14.8226,40.0458],[14.8208,40.0375],[14.8125,40.025],[14.8105,40.0187],[14.8108,40.0146],[14.8146,40.0109],[14.8333,40.0054],[14.8458,39.9997],[14.8562,39.9993],[14.8792,40.0042],[14.8896,40.0045],[14.8958,40.0035],[14.9021,40.0063],[14.9062,40.0127],[14.9146,40.0175],[14.9333,40.0201],[14.9396,40.0188],[14.9458,40.0148],[14.9625,40.0073],[14.975,40.0032],[14.9813,40.0],[14.9816,39.9958],[14.9771,39.9907],[14.9643,39.9917],[14.9607,39.9896],[14.9729,39.9869],[14.9771,39.9892],[14.9875,39.9859],[14.9938,39.9858],[15.0062,39.9822],[15.0313,39.9813],[15.0542,39.9744],[15.0625,39.9732],[15.0917,39.9708],[15.1,39.9727],[15.1062,39.9775],[15.1208,39.9772],[15.1271,39.9749],[15.1354,39.9751],[15.1396,39.974],[15.1444,39.9688],[15.1473,39.9604],[15.1583,39.9536],[15.1625,39.9532],[15.1687,39.9563],[15.1729,39.9561],[15.1813,39.9529],[15.1937,39.9503],[15.2042,39.9492],[15.2089,39.9458],[15.2145,39.9375],[15.2154,39.9333],[15.2135,39.9271],[15.2145,39.9229],[15.2188,39.9212],[15.2333,39.9225],[15.2417,39.9253],[15.25,39.9254],[15.2562,39.9225],[15.2646,39.9157],[15.275,39.91],[15.2812,39.9079],[15.2917,39.9068],[15.3084,39.9062],[15.3187,39.9035],[15.3271,39.8992],[15.3354,39.897],[15.3542,39.8987],[15.375,39.898],[15.3917,39.8997],[15.4083,39.9052],[15.4271,39.9174],[15.4479,39.9251],[15.4521,39.924],[15.4667,39.9246],[15.4707,39.9271],[15.4747,39.9333],[15.4733,39.9396],[15.4738,39.9458],[15.4723,39.9542],[15.4665,39.9583],[15.4674,39.9646],[15.4658,39.9708],[15.466,39.9792],[15.4686,39.9833],[15.4833,39.9951],[15.488,39.9979],[15.5062,40.0053],[15.5208,40.0044],[15.5292,40.0076],[15.5417,40.009],[15.5479,40.0045],[15.5604,39.999],[15.5667,40.0006],[15.5737,40.0],[15.5875,39.9889],[15.5917,39.9871],[15.6021,39.9864],[15.6083,39.99],[15.6146,39.9911],[15.6188,39.9862],[15.6292,39.9816],[15.6375,39.9811],[15.65,39.9755],[15.6586,39.9729],[15.6708,39.9657],[15.6792,39.9583],[15.6782,39.9521],[15.6813,39.948],[15.6896,39.9443],[15.6927,39.9417],[15.7027,39.9271],[15.7045,39.9229],[15.7051,39.9146],[15.7039,39.9083],[15.7146,39.8989],[15.7239,39.8896],[15.7249,39.8854],[15.7239,39.8792],[15.7314,39.8771],[15.7249,39.8563],[15.7141,39.8417],[15.7053,39.8229],[15.6958,39.7996],[15.6917,39.7947],[15.6818,39.7896],[15.6795,39.7833],[15.6778,39.7687],[15.675,39.7623],[15.6689,39.7563],[15.6665,39.75],[15.6587,39.7396],[15.6521,39.7326],[15.6458,39.7313],[15.6354,39.7351],[15.6276,39.7396],[15.621,39.7458],[15.6146,39.75],[15.6042,39.7534],[15.5958,39.7539],[15.5896,39.7528],[15.575,39.746],[15.5604,39.7445],[15.5417,39.7405],[15.5299,39.7375],[15.5208,39.7339],[15.5167,39.7309],[15.5083,39.7211],[15.5024,39.7125],[15.4921,39.7021],[15.4873,39.6896],[15.4861,39.6792],[15.4979,39.6638],[15.5146,39.656],[15.5417,39.6479],[15.55,39.6473],[15.5544,39.6417],[15.5583,39.6392],[15.575,39.6349],[15.5878,39.6292],[15.5801,39.625],[15.577,39.6187],[15.5729,39.6175],[15.5672,39.6104],[15.5583,39.6091],[15.5479,39.6054],[15.5396,39.6056],[15.5312,39.6027],[15.5146,39.6019],[15.4958,39.6062],[15.4792,39.6062],[15.4707,39.6042],[15.4678,39.6021],[15.464,39.5938],[15.4564,39.5833],[15.4531,39.5771],[15.45,39.5756],[15.4375,39.5741],[15.4291,39.5688],[15.4281,39.5583],[15.4254,39.5479],[15.4283,39.5438],[15.4354,39.5408],[15.4518,39.5375],[15.4587,39.5354],[15.4604,39.5327],[15.4375,39.5318],[15.4281,39.5292],[15.4187,39.5225],[15.4131,39.5104],[15.4112,39.5],[15.4154,39.4917],[15.4229,39.486],[15.4292,39.4791],[15.4458,39.4744],[15.4621,39.4729],[15.462,39.4667],[15.4689,39.4542],[15.4708,39.4479],[15.475,39.4442],[15.4875,39.4405],[15.4958,39.4403],[15.5021,39.4359],[15.5169,39.4292],[15.5226,39.4229],[15.5261,39.4146],[15.5389,39.3917],[15.5479,39.382],[15.5574,39.375],[15.5687,39.3622],[15.575,39.3593],[15.5833,39.3581],[15.5938,39.3543],[15.5979,39.3541],[15.6019,39.3583],[15.6027,39.3646],[15.6062,39.3689],[15.6167,39.3749],[15.625,39.3779],[15.6271,39.3807],[15.6301,39.3917],[15.6309,39.4104],[15.6303,39.4188],[15.6261,39.4375],[15.6255,39.4438],[15.6271,39.4511],[15.6312,39.454],[15.6354,39.4536],[15.6562,39.4458],[15.6646,39.4464],[15.6708,39.451],[15.6771,39.4534],[15.6833,39.4619],[15.6896,39.4676],[15.7021,39.4874],[15.708,39.4937],[15.7072,39.5],[15.6958,39.5111],[15.6835,39.5167],[15.6778,39.5229],[15.6771,39.5256],[15.689,39.5229],[15.6979,39.5174],[15.7125,39.5119],[15.7375,39.506],[15.7646,39.4942],[15.7771,39.4877],[15.7875,39.4848],[15.8,39.4785],[15.8146,39.4724],[15.8271,39.4681],[15.8333,39.4683],[15.8375,39.4665],[15.8438,39.4596],[15.85,39.4563],[15.857,39.45],[15.8654,39.4396],[15.8712,39.4312],[15.8742,39.425],[15.8785,39.4208],[15.8867,39.4167],[15.893,39.4062],[15.8997,39.4],[15.8978,39.3875],[15.8942,39.3813],[15.8915,39.3729],[15.8924,39.3667],[15.8971,39.3604],[15.8999,39.3521],[15.9062,39.3431],[15.9187,39.3377],[15.9292,39.3272],[15.9348,39.3188],[15.9434,39.3125],[15.9566,39.2875],[15.9627,39.2812],[15.9668,39.275],[15.9689,39.2687],[15.9731,39.2625],[15.9721,39.2583],[15.9665,39.2521],[15.965,39.2479],[15.9734,39.2396],[15.9743,39.2354],[15.9688,39.2269],[15.9665,39.2208],[15.9698,39.2167],[15.97,39.2104],[15.9729,39.2042],[15.9727,39.1979],[15.9787,39.1917],[15.9801,39.1854],[15.9842,39.1812],[15.9857,39.1771],[15.9831,39.1708],[15.976,39.1646],[15.9746,39.1604],[15.9759,39.1521],[15.979,39.1458],[15.9854,39.1435],[15.9917,39.1313],[15.9874,39.1208],[15.9914,39.1104],[15.9875,39.1042],[15.9873,39.0833],[15.9889,39.0771],[15.9898,39.0625],[15.9886,39.0562],[15.9894,39.0438],[15.9854,39.0319],[15.9795,39.0208],[15.9776,39.0104],[15.9758,39.0063],[15.9633,38.9958],[15.956,38.9875],[15.955,38.9813],[15.9523,38.9771],[15.9396,38.971],[15.9353,38.9667],[15.9285,38.9562],[15.927,38.9521],[15.9286,38.9458],[15.9211,38.9396],[15.9206,38.9354],[15.9273,38.9208],[15.9324,38.9125],[15.9402,38.9062],[15.945,38.9],[15.9503,38.8896],[15.95,38.8813],[15.9375,38.8798],[15.9271,38.8796],[15.9212,38.875],[15.9201,38.8687],[15.9229,38.8646],[15.9243,38.8583],[15.9294,38.8521],[15.9272,38.8458],[15.9218,38.8375],[15.9203,38.8312],[15.9229,38.8246],[15.9271,38.8218],[15.9333,38.8204],[15.9374,38.8146],[15.9355,38.8104],[15.9292,38.8042],[15.9284,38.7979],[15.9437,38.7948],[15.9514,38.7875],[15.9513,38.7792],[15.9541,38.7771],[15.9667,38.776],[15.9792,38.776],[15.9836,38.775],[15.9815,38.7729],[15.9663,38.7687],[15.9479,38.7669],[15.9354,38.771],[15.925,38.7686],[15.9187,38.7696],[15.9104,38.7728],[15.9048,38.7708],[15.8955,38.7625],[15.8926,38.7583],[15.8833,38.75],[15.8729,38.7425],[15.8625,38.7397],[15.8518,38.7292],[15.8375,38.7229],[15.8292,38.7212],[15.8146,38.7221],[15.8042,38.7236],[15.7917,38.7231],[15.7875,38.724],[15.7807,38.7292],[15.7708,38.7319],[15.7646,38.7318],[15.758,38.7333],[15.7479,38.7416],[15.7438,38.7431],[15.7312,38.742],[15.7167,38.7465],[15.7083,38.7457],[15.7056,38.7437],[15.7003,38.7354],[15.6917,38.7333],[15.6792,38.7371],[15.6708,38.7345],[15.6663,38.7271],[15.6707,38.7146],[15.6771,38.7107],[15.6796,38.7062],[15.6813,38.6945],[15.6909,38.6896],[15.6922,38.6833],[15.6958,38.6771],[15.6969,38.6688],[15.7021,38.6627],[15.7188,38.6569],[15.7226,38.6542],[15.7279,38.6458],[15.7312,38.6438],[15.7396,38.6422],[15.7438,38.64],[15.7521,38.6321],[15.7646,38.6241],[15.772,38.6208],[15.7769,38.6167],[15.7812,38.6066],[15.7827,38.5917],[15.7886,38.5833],[15.7877,38.5792],[15.784,38.5771],[15.7707,38.575],[15.7675,38.5729],[15.7621,38.5562],[15.7581,38.55],[15.7559,38.5438],[15.7581,38.5396],[15.7629,38.5375],[15.7961,38.5292],[15.8008,38.525],[15.7937,38.5239],[15.775,38.5247],[15.7647,38.5229],[15.775,38.5122],[15.7826,38.5063],[15.7854,38.5003],[15.7771,38.5025],[15.7688,38.5032],[15.7562,38.4986],[15.7521,38.4956],[15.7458,38.488],[15.7333,38.4815],[15.7223,38.4729],[15.7167,38.4659],[15.7146,38.465],[15.7042,38.4666],[15.6917,38.4583],[15.6896,38.4542],[15.6897,38.4479],[15.6871,38.4375],[15.6782,38.4333],[15.6734,38.4292],[15.6705,38.4208],[15.6667,38.4178],[15.6521,38.4126],[15.6504,38.4042],[15.6438,38.3953],[15.6417,38.3974],[15.6418,38.4042],[15.6396,38.4088],[15.6333,38.4127],[15.6188,38.4129],[15.6104,38.4121],[15.6021,38.4095],[15.5854,38.4016],[15.5833,38.4016],[15.5832,38.4062],[15.5921,38.4229],[15.599,38.4375],[15.5979,38.4412],[15.5875,38.4404],[15.5792,38.4374],[15.5646,38.4351],[15.5521,38.4289],[15.5312,38.4214],[15.5229,38.4197],[15.5188,38.4151],[15.5171,38.4062],[15.5186,38.3979],[15.518,38.3875],[15.5137,38.3771],[15.5099,38.3708],[15.5081,38.3646],[15.5042,38.3607],[15.4938,38.3561],[15.4854,38.35],[15.4729,38.3445],[15.4666,38.3396],[15.4583,38.3315],[15.4479,38.3276],[15.4381,38.3188],[15.4313,38.3091],[15.4247,38.3042],[15.4208,38.2993],[15.4125,38.2979],[15.4042,38.301],[15.3979,38.3016],[15.3988,38.2938],[15.3979,38.2887],[15.3833,38.2944],[15.3708,38.2947],[15.3602,38.2875],[15.3562,38.2815],[15.3542,38.2811],[15.35,38.2854],[15.3458,38.2868],[15.3313,38.2845],[15.3104,38.28],[15.3042,38.2828],[15.3017,38.2792],[15.302,38.2729],[15.3063,38.2604],[15.3072,38.2521],[15.3042,38.2494],[15.2937,38.2601],[15.2812,38.2632],[15.275,38.2625],[15.2748,38.2687],[15.278,38.2729],[15.2783,38.2771],[15.2742,38.2854],[15.2708,38.289],[15.2625,38.2878],[15.2542,38.2906],[15.2354,38.295],[15.2271,38.2958],[15.2125,38.2948],[15.2042,38.2959],[15.1937,38.2936],[15.1878,38.2896],[15.1745,38.2833],[15.1742,38.2812],[15.1812,38.2687],[15.1871,38.2604],[15.1878,38.2542],[15.1937,38.2437],[15.2034,38.2354],[15.2056,38.2313],[15.2056,38.2229],[15.2042,38.2199],[15.2,38.2194],[15.1955,38.225],[15.1917,38.2275],[15.1833,38.2303],[15.175,38.2311],[15.1721,38.2292],[15.17,38.2208],[15.1604,38.2208],[15.1567,38.2167],[15.156,38.2104],[15.1521,38.2071],[15.1454,38.2167],[15.1423,38.225],[15.1442,38.2313],[15.1499,38.2396],[15.1509,38.2479],[15.1497,38.2521],[15.1438,38.2547],[15.1312,38.2557],[15.125,38.2589],[15.1188,38.266],[15.1145,38.2729],[15.1104,38.2767],[15.1021,38.2804],[15.0979,38.2804],[15.0942,38.275],[15.0989,38.2667],[15.1001,38.2625],[15.0974,38.2521],[15.0979,38.2414],[15.0875,38.2395],[15.075,38.2345],[15.0604,38.2349],[15.0563,38.2334],[15.054,38.2271],[15.0585,38.2188],[15.0579,38.2167],[15.05,38.2161],[15.0396,38.2197],[15.0292,38.2215],[15.025,38.2197],[15.0188,38.2073],[15.0125,38.2032],[15.0083,38.2042],[15.0021,38.2089],[14.9938,38.207],[14.9853,38.2083],[14.9827,38.2125],[14.9792,38.2136],[14.9708,38.211],[14.9604,38.209],[14.9521,38.2113],[14.9417,38.2062],[14.9208,38.2101],[14.9042,38.2099],[14.8938,38.2112],[14.8875,38.2077],[14.8786,38.2062],[14.875,38.1976],[14.8583,38.1983],[14.8521,38.2016],[14.8479,38.2013],[14.8354,38.194],[14.8296,38.1958],[14.825,38.2035],[14.8167,38.2031],[14.8083,38.2074],[14.8021,38.2071],[14.7958,38.1996],[14.7917,38.1993],[14.7875,38.2021],[14.7771,38.2061],[14.7708,38.2058],[14.7583,38.2078],[14.7562,38.2073],[14.75,38.2005],[14.7438,38.2008],[14.7354,38.1984],[14.7312,38.1996],[14.7167,38.2087],[14.7083,38.2077],[14.7009,38.2],[14.7002,38.1958],[14.7028,38.1896],[14.7,38.1875],[14.6937,38.1882],[14.6813,38.1863],[14.6733,38.1812],[14.6692,38.175],[14.6682,38.1688],[14.663,38.1625],[14.6604,38.1567],[14.65,38.1594],[14.6438,38.1622],[14.6375,38.1598],[14.6312,38.1549],[14.6271,38.1557],[14.6229,38.1604],[14.6188,38.1621],[14.6125,38.1609],[14.6062,38.1564],[14.6021,38.1549],[14.5917,38.1558],[14.5854,38.1553],[14.5711,38.15],[14.5667,38.146],[14.5604,38.1426],[14.5563,38.1423],[14.5458,38.1543],[14.5375,38.1595],[14.5292,38.1589],[14.5188,38.1619],[14.5125,38.1614],[14.5021,38.157],[14.4958,38.1568],[14.4854,38.152],[14.4729,38.1495],[14.4699,38.1479],[14.4646,38.1412],[14.4604,38.1402],[14.4521,38.1458],[14.4437,38.1484],[14.4313,38.1463],[14.425,38.1464],[14.4167,38.1487],[14.4042,38.151],[14.3792,38.1568],[14.3646,38.1571],[14.3542,38.1586],[14.3417,38.1569],[14.3333,38.1576],[14.3271,38.1567],[14.3167,38.158],[14.3021,38.1553],[14.2875,38.154],[14.2827,38.1521],[14.2772,38.1479],[14.276,38.1437],[14.282,38.1333],[14.2885,38.1187],[14.2833,38.1151],[14.2688,38.1134],[14.2605,38.1104],[14.2438,38.0973],[14.2396,38.0958],[14.225,38.0944],[14.2188,38.0975],[14.2146,38.0971],[14.2104,38.0932],[14.2021,38.0894],[14.1958,38.0887],[14.1875,38.0825],[14.1833,38.0815],[14.1771,38.0825],[14.1687,38.0857],[14.1625,38.0826],[14.1521,38.0823],[14.1417,38.0835],[14.1292,38.0839],[14.1229,38.0818],[14.1042,38.0878],[14.0938,38.0944],[14.0667,38.0923],[14.0583,38.0935],[14.0375,38.0928],[14.0271,38.098],[14.0229,38.098],[14.0146,38.0954],[14.0062,38.0962],[13.9958,38.0938],[13.9896,38.0945],[13.9833,38.0932],[13.9667,38.0925],[13.9604,38.0907],[13.9521,38.0911],[13.9476,38.0896],[13.9428,38.0854],[13.9422,38.0792],[13.9333,38.078],[13.9125,38.0716],[13.9042,38.0722],[13.8979,38.07],[13.8833,38.0706],[13.8792,38.0727],[13.8688,38.074],[13.8521,38.0825],[13.8479,38.0855],[13.8328,38.0938],[13.825,38.1025],[13.8208,38.105],[13.8104,38.1044],[13.8063,38.1061],[13.7979,38.1141],[13.7833,38.1209],[13.775,38.1213],[13.7667,38.1204],[13.7604,38.1215],[13.7479,38.1254],[13.7354,38.1249],[13.7261,38.1229],[13.7167,38.1171],[13.7021,38.1195],[13.6917,38.1131],[13.6875,38.112],[13.6771,38.1121],[13.6604,38.1103],[13.6542,38.1117],[13.6453,38.1167],[13.6333,38.1197],[13.625,38.1228],[13.6188,38.1216],[13.5979,38.1337],[13.5833,38.1386],[13.5771,38.1426],[13.5687,38.1426],[13.5454,38.15],[13.5396,38.1567],[13.5354,38.1581],[13.5292,38.1562],[13.5229,38.1581],[13.5167,38.1583],[13.5042,38.1523],[13.4958,38.1519],[13.4896,38.1476],[13.4854,38.1476],[13.4774,38.1688],[13.4729,38.1747],[13.4688,38.1773],[13.4583,38.179],[13.4521,38.1779],[13.4417,38.1788],[13.4313,38.173],[13.4271,38.1726],[13.4241,38.1812],[13.4208,38.1861],[13.4134,38.1896],[13.4088,38.1958],[13.4125,38.1996],[13.4138,38.2042],[13.4129,38.2146],[13.4116,38.2167],[13.3977,38.225],[13.3954,38.2354],[13.3993,38.2417],[13.3987,38.2458],[13.3932,38.2563],[13.3934,38.2646],[13.3969,38.275],[13.4104,38.2836],[13.4167,38.286],[13.4313,38.2887],[13.4354,38.2909],[13.4385,38.2979],[13.4367,38.3042],[13.4333,38.3082],[13.425,38.3123],[13.4208,38.3131],[13.4125,38.3116],[13.4042,38.3057],[13.3938,38.3024],[13.3854,38.3017],[13.3792,38.3027],[13.3729,38.302],[13.3625,38.3062],[13.3562,38.3068],[13.3479,38.3056],[13.3354,38.2985],[13.3271,38.2966],[13.3167,38.2958],[13.3108,38.2917],[13.2958,38.2748],[13.2833,38.2709],[13.2771,38.2671],[13.2688,38.2642],[13.2583,38.2633],[13.2479,38.2658],[13.2396,38.2693],[13.2354,38.2754],[13.2271,38.2798],[13.2188,38.2853],[13.2146,38.2859],[13.2108,38.2833],[13.2119,38.275],[13.2083,38.2735],[13.1979,38.2764],[13.1896,38.2775],[13.1771,38.2816],[13.1667,38.282],[13.1625,38.2811],[13.1562,38.2772],[13.1375,38.2803],[13.125,38.278],[13.1188,38.2745],[13.1125,38.2646],[13.1104,38.2644],[13.1,38.2685],[13.0729,38.2644],[13.0521,38.2556],[13.0375,38.246],[13.0292,38.243],[13.0208,38.2442],[13.0188,38.2354],[13.0134,38.2292],[13.0113,38.225],[13.0107,38.2188],[13.0123,38.2062],[13.011,38.1938],[13.0067,38.1792],[13.0021,38.1708],[12.9939,38.1625],[12.9909,38.1562],[12.9833,38.1467],[12.9604,38.1357],[12.9479,38.1273],[12.9333,38.1219],[12.9208,38.1225],[12.9125,38.1213],[12.9062,38.1174],[12.8854,38.119],[12.8792,38.1215],[12.8688,38.1221],[12.8479,38.1192],[12.8417,38.1202],[12.8271,38.1258],[12.8167,38.1246],[12.8125,38.1252],[12.8074,38.1313],[12.8052,38.1479],[12.8015,38.1562],[12.796,38.1625],[12.7907,38.1771],[12.7842,38.1896],[12.7829,38.1958],[12.7797,38.2],[12.7751,38.2021],[12.7667,38.2084],[12.7368,38.2146],[12.725,38.2191],[12.7208,38.2171],[12.7125,38.2055],[12.7,38.2034],[12.6958,38.1976],[12.6875,38.1887],[12.6708,38.191],[12.6604,38.1841],[12.65,38.181],[12.6375,38.1793],[12.6271,38.1807],[12.6188,38.1805],[12.6157,38.1833],[12.6145,38.1896],[12.6083,38.1993],[12.6042,38.2041],[12.6,38.2006],[12.5958,38.2041],[12.5917,38.2045],[12.5852,38.1979],[12.5846,38.1875],[12.5917,38.1835],[12.5942,38.1771],[12.5896,38.173],[12.5667,38.1718],[12.5458,38.1691],[12.5417,38.1697],[12.5387,38.1729],[12.5401,38.1792],[12.5521,38.1925],[12.5582,38.1979],[12.5621,38.2062],[12.5684,38.2167],[12.5729,38.235],[12.5785,38.25],[12.5842,38.2583],[12.5849,38.2646],[12.5779,38.2771],[12.5736,38.2875],[12.5731,38.2979],[12.5708,38.3016],[12.5625,38.3014],[12.5604,38.3042],[12.5603,38.3125],[12.5492,38.3229],[12.552,38.3333],[12.5506,38.3438],[12.5396,38.3557],[12.5354,38.3571],[12.5312,38.3557],[12.5175,38.3458],[12.5021,38.3404],[12.4938,38.3306],[12.4917,38.3263],[12.4893,38.3167],[12.4833,38.3074],[12.4753,38.3],[12.4685,38.2896],[12.4685,38.2833],[12.4714,38.2729],[12.471,38.2687],[12.4625,38.2587],[12.4455,38.2458],[12.4326,38.2375],[12.4208,38.2329],[12.4083,38.2315],[12.4042,38.2325],[12.3917,38.2382],[12.3866,38.2437],[12.3866,38.2563],[12.3833,38.2729],[12.3801,38.2812],[12.3729,38.2932],[12.3667,38.2956],[12.3604,38.3004],[12.3521,38.2999],[12.3424,38.2917],[12.3423,38.2875],[12.3448,38.2833],[12.3514,38.2771],[12.3553,38.2708],[12.3541,38.2458],[12.3523,38.2354],[12.3538,38.2313],[12.3599,38.2229],[12.3649,38.2125],[12.3652,38.2083],[12.3631,38.1979],[12.359,38.1917],[12.3521,38.1872],[12.3503,38.1833],[12.3496,38.175],[12.3543,38.1688],[12.3705,38.1562],[12.3847,38.1417],[12.3879,38.1375],[12.3891,38.1313],[12.3979,38.1194],[12.4025,38.1104],[12.4024,38.1021],[12.4,38.0965],[12.3958,38.0911],[12.3885,38.0875],[12.3833,38.0864],[12.375,38.0881],[12.3604,38.094],[12.3458,38.0977],[12.3313,38.1029],[12.3146,38.104],[12.3117,38.1063],[12.3063,38.1189],[12.3042,38.1218],[12.2958,38.1276],[12.2854,38.132],[12.2667,38.1367],[12.2583,38.1397],[12.2521,38.1436],[12.2375,38.1544],[12.2125,38.1638],[12.2063,38.1642],[12.1989,38.1604],[12.188,38.1458],[12.1788,38.1354],[12.1737,38.1271],[12.1729,38.1187],[12.176,38.1104],[12.1814,38.1],[12.1813,38.0958],[12.1746,38.0771],[12.1688,38.0708],[12.1646,38.0694],[12.1562,38.0715],[12.1438,38.0813],[12.1333,38.0861],[12.1301,38.0896],[12.1271,38.0992],[12.1188,38.1113],[12.1163,38.1187],[12.1166,38.1313],[12.1178,38.1396],[12.1164,38.1521],[12.117,38.1583],[12.1142,38.1708],[12.1083,38.1758],[12.1,38.1712],[12.0948,38.1625],[12.0923,38.1521],[12.0875,38.137],[12.0833,38.134],[12.0667,38.1319],[12.0583,38.1298],[12.0542,38.131],[12.0417,38.1411],[12.0333,38.1444],[12.0229,38.1438],[11.9937,38.1354],[11.975,38.1268],[11.9542,38.1218],[11.9521,38.119],[11.9486,38.1021],[11.9437,38.0916],[11.9396,38.0907],[11.9208,38.0946],[11.9104,38.0928],[11.9021,38.0872],[11.8979,38.0811],[11.8861,38.0708],[11.884,38.0667],[11.8844,38.0521],[11.8867,38.0458],[11.8958,38.0333],[11.8982,38.0271],[11.8959,38.0187],[11.8971,38.0146],[11.9022,38.0063],[11.9062,37.9966],[11.9125,37.9929],[11.9271,37.9918],[11.9333,37.9943],[11.9417,37.9957],[11.9458,37.9994],[11.9522,38.0021],[11.957,38.0063],[11.9616,38.0208],[11.9646,38.0251],[11.9682,38.0229],[11.9676,38.0146],[11.9708,38.0122],[11.9771,38.0158],[11.9854,38.0246],[11.9896,38.0254],[11.9883,38.0],[11.9892,37.9854]]]}},{"type":"Feature","properties":{"depth":-500},"geometry":{"type":"MultiLineString","coordinates":[[[11.65,38.4005],[11.6542,38.4009],[11.6583,38.4029],[11.6729,38.416],[11.6813,38.4216],[11.7071,38.4271],[11.7199,38.4333],[11.7312,38.4369],[11.7354,38.4396],[11.7358,38.4438],[11.7292,38.4501],[11.7167,38.4552],[11.7104,38.4567],[11.6937,38.4585],[11.6813,38.459],[11.6708,38.4576],[11.6625,38.4543],[11.65,38.452],[11.65,38.452]]]}},{"type":"Feature","properties":{"depth":-500},"geometry":{"type":"MultiLineString","coordinates":[[[14.9688,38.3496],[14.9771,38.3505],[14.9833,38.3496],[14.9971,38.3563],[15.0042,38.3588],[15.0146,38.3639],[15.0201,38.3687],[15.0239,38.3771],[15.0227,38.3833],[15.018,38.3875],[15.0092,38.4021],[14.9998,38.4083],[14.9959,38.4125],[14.9888,38.4229],[14.9883,38.4312],[14.9854,38.4399],[14.9788,38.45],[14.9791,38.4625],[14.9896,38.4699],[14.9924,38.4729],[14.9934,38.4792],[14.9924,38.4854],[14.987,38.4958],[14.9887,38.5042],[14.9854,38.5079],[14.9797,38.5187],[14.9748,38.525],[14.9719,38.5312],[14.9606,38.5375],[14.9542,38.5479],[14.9515,38.5542],[14.9458,38.5585],[14.9333,38.5636],[14.9245,38.5646],[14.9215,38.5688],[14.9146,38.5698],[14.9094,38.5729],[14.9035,38.5833],[14.9015,38.5938],[14.8989,38.6],[14.9021,38.6029],[14.9125,38.6032],[14.9204,38.6083],[14.925,38.6187],[14.9244,38.6271],[14.917,38.6354],[14.9104,38.6396],[14.9062,38.6407],[14.8958,38.6376],[14.8896,38.6381],[14.8852,38.6354],[14.884,38.6313],[14.888,38.625],[14.8929,38.6104],[14.8896,38.6073],[14.875,38.6078],[14.8646,38.6066],[14.8542,38.6079],[14.8438,38.604],[14.8333,38.6015],[14.8146,38.6019],[14.8042,38.6034],[14.8,38.6028],[14.7854,38.5976],[14.7758,38.5854],[14.7721,38.575],[14.7739,38.5688],[14.7883,38.5521],[14.7958,38.5441],[14.8083,38.5338],[14.8187,38.5323],[14.8271,38.5243],[14.8347,38.5208],[14.844,38.5125],[14.8453,38.5083],[14.8443,38.4937],[14.8477,38.4896],[14.8564,38.4854],[14.8594,38.4813],[14.8564,38.4708],[14.8573,38.4646],[14.8625,38.4564],[14.8667,38.4524],[14.875,38.4491],[14.8833,38.4491],[14.8917,38.4522],[14.8958,38.4511],[14.8994,38.4458],[14.9008,38.4396],[14.9071,38.4333],[14.909,38.4292],[14.9029,38.4229],[14.9006,38.4188],[14.9018,38.4104],[14.9042,38.4054],[14.9083,38.4016],[14.9159,38.3979],[14.9194,38.3833],[14.9229,38.3793],[14.9313,38.3759],[14.9479,38.3636],[14.9604,38.3577],[14.9688,38.3496]]]}},{"type":"Feature","properties":{"depth":-500},"geometry":{"type":"MultiLineString","coordinates":[[[15.1083,38.5799],[15.1146,38.5798],[15.1333,38.5859],[15.1417,38.5913],[15.1496,38.6021],[15.1458,38.6168],[15.1454,38.625],[15.1462,38.6333],[15.1438,38.6396],[15.144,38.6479],[15.1389,38.6562],[15.1377,38.6604],[15.1427,38.6708],[15.1454,38.6792],[15.1449,38.6875],[15.1414,38.6938],[15.1354,38.6968],[15.1229,38.6918],[15.1147,38.6958],[15.1083,38.6975],[15.1016,38.6958],[15.099,38.6938],[15.096,38.6875],[15.0929,38.6854],[15.0803,38.6812],[15.0747,38.675],[15.0687,38.6709],[15.05,38.6682],[15.0396,38.6626],[15.0311,38.6479],[15.0257,38.6417],[15.0238,38.6333],[15.0246,38.6271],[15.0199,38.6187],[15.0179,38.6125],[15.0193,38.6063],[15.0261,38.6021],[15.0354,38.5905],[15.0396,38.588],[15.0479,38.5856],[15.0563,38.5846],[15.0646,38.5872],[15.0687,38.5867],[15.075,38.5827],[15.0875,38.5832],[15.0938,38.5861],[15.098,38.5854],[15.1083,38.5799]]]}},{"type":"Feature","properties":{"depth":-500},"geometry":{"type":"MultiLineString","coordinates":[[[13.1687,38.6559],[13.175,38.6568],[13.1776,38.6604],[13.1793,38.6667],[13.1846,38.675],[13.1896,38.6803],[13.1958,38.6829],[13.2021,38.6889],[13.2125,38.6927],[13.2222,38.6979],[13.224,38.7042],[13.223,38.7083],[13.2176,38.7188],[13.2081,38.7292],[13.2003,38.7333],[13.1958,38.7401],[13.1896,38.7428],[13.1792,38.743],[13.1562,38.7411],[13.1458,38.732],[13.1417,38.7272],[13.1333,38.722],[13.1188,38.7191],[13.1125,38.7161],[13.1014,38.7062],[13.0986,38.7021],[13.0997,38.6979],[13.1062,38.6922],[13.1236,38.6833],[13.1375,38.6807],[13.1521,38.6752],[13.1594,38.6688],[13.162,38.6625],[13.1687,38.6559]]]}},{"type":"Feature","properties":{"depth":-500},"geometry":{"type":"MultiLineString","coordinates":[[[14.8333,39.9885],[14.8187,39.9814],[14.8083,39.9772],[14.8006,39.9729],[14.7896,39.9653],[14.7771,39.9594],[14.772,39.9542],[14.7652,39.9438],[14.7633,39.9333],[14.7552,39.9167],[14.7552,39.9125],[14.7583,39.8958],[14.7604,39.8933],[14.7688,39.8925],[14.7729,39.8955],[14.7771,39.9017],[14.7879,39.9062],[14.7958,39.9082],[14.8198,39.9188],[14.8377,39.9271],[14.8519,39.9375],[14.8562,39.9432],[14.8608,39.9458],[14.8792,39.9531],[14.8854,39.9548],[14.9103,39.9583],[14.9235,39.9625],[14.9291,39.9667],[14.9336,39.975],[14.9334,39.9813],[14.9292,39.9846],[14.9125,39.9883],[14.8917,39.9869],[14.8792,39.988],[14.8562,39.9879],[14.8396,39.9893],[14.8333,39.9885]]]}},{"type":"Feature","properties":{"depth":-200},"geometry":{"type":"MultiLineString","coordinates":[[[12.1081,37.9854],[12.107,37.9875],[12.0911,38.0042],[12.0833,38.0094],[12.0708,38.0166],[12.0643,38.025],[12.0542,38.0307],[12.0437,38.0399],[12.0396,38.042],[12.0292,38.0433],[12.0229,38.0419],[12.0188,38.0381],[12.0122,38.0292],[12.0099,38.0187],[12.0045,38.0021],[12.0042,37.9979],[12.0059,37.9854]]]}},{"type":"Feature","properties":{"depth":-200},"geometry":{"type":"MultiLineString","coordinates":[[[15.4218,37.9854],[15.4271,37.994],[15.4396,38.0067],[15.454,38.025],[15.4667,38.0366],[15.4917,38.0568],[15.4978,38.0625],[15.5044,38.0708],[15.5114,38.0833],[15.5134,38.0917],[15.5317,38.1313],[15.5473,38.1542],[15.5621,38.1708],[15.5683,38.1792],[15.5729,38.1832],[15.5818,38.1854],[15.583,38.1917],[15.5794,38.1979],[15.5767,38.2062],[15.577,38.2104],[15.5805,38.2167],[15.5917,38.227],[15.5958,38.2296],[15.6007,38.2292],[15.6041,38.2229],[15.6125,38.2157],[15.6182,38.2083],[15.6197,38.2042],[15.6234,38.1854],[15.6307,38.175],[15.6334,38.1646],[15.641,38.1521],[15.6423,38.1479],[15.6428,38.1333],[15.6391,38.1208],[15.6341,38.1125],[15.6271,38.1054],[15.6243,38.0979],[15.6246,38.0938],[15.6289,38.075],[15.6333,38.0686],[15.6424,38.0625],[15.6421,38.0521],[15.6439,38.0417],[15.6427,38.0354],[15.6402,38.0312],[15.6312,38.0222],[15.6295,38.0167],[15.6333,38.0042],[15.6385,37.9917],[15.6397,37.9854]]]}},{"type":"Feature","properties":{"depth":-200},"geometry":{"type":"MultiLineString","coordinates":[[[14.6107,40.2375],[14.6229,40.2262],[14.6396,40.2122],[14.6479,40.206],[14.6579,40.2],[14.6775,40.1917],[14.6828,40.1875],[14.6875,40.1814],[14.7083,40.1699],[14.7312,40.1595],[14.7438,40.1549],[14.7604,40.1504],[14.7729,40.1464],[14.7875,40.1436],[14.7958,40.1429],[14.8229,40.1424],[14.8374,40.1437],[14.8458,40.142],[14.8521,40.1379],[14.8812,40.1337],[14.8938,40.1305],[14.9026,40.1271],[14.9261,40.1083],[14.9438,40.0917],[14.9491,40.0854],[14.9563,40.0804],[14.975,40.0646],[15.0021,40.0466],[15.0333,40.0378],[15.0416,40.0333],[15.0479,40.0313],[15.0583,40.0311],[15.0792,40.0229],[15.0938,40.0216],[15.1125,40.0177],[15.1208,40.0167],[15.1403,40.0042],[15.1485,40.0],[15.1632,39.9937],[15.1771,39.991],[15.2042,39.9771],[15.2188,39.972],[15.2291,39.9646],[15.2458,39.9558],[15.2732,39.9375],[15.2945,39.9271],[15.3125,39.9218],[15.3271,39.9187],[15.3396,39.918],[15.35,39.9186],[15.3729,39.9216],[15.3854,39.9241],[15.4042,39.9307],[15.4181,39.9417],[15.4201,39.9479],[15.4291,39.9521],[15.4356,39.9583],[15.4363,39.9625],[15.4331,39.9688],[15.4241,39.975],[15.4266,39.9771],[15.4437,39.9787],[15.447,39.9813],[15.45,39.9911],[15.4583,39.993],[15.4688,39.9992],[15.4737,40.0042],[15.4833,40.0115],[15.5083,40.02],[15.5208,40.0269],[15.5292,40.0276],[15.5375,40.0239],[15.55,40.0205],[15.5602,40.0146],[15.5792,40.0106],[15.5896,40.0099],[15.5958,40.0047],[15.6021,40.0021],[15.6095,40.0042],[15.6146,40.01],[15.6188,40.0113],[15.6271,40.0086],[15.6305,40.0063],[15.6319,39.9979],[15.6354,39.9966],[15.6417,39.9985],[15.6458,39.9969],[15.6562,39.987],[15.6687,39.9843],[15.6729,39.9846],[15.6875,39.9818],[15.7005,39.9625],[15.703,39.9542],[15.7083,39.9475],[15.7178,39.9417],[15.7266,39.9208],[15.7396,39.9042],[15.7445,39.8917],[15.7531,39.8833],[15.7544,39.875],[15.7468,39.8604],[15.7374,39.8479],[15.7285,39.8292],[15.7279,39.825],[15.7306,39.8146],[15.7303,39.8104],[15.7274,39.8021],[15.7275,39.7833],[15.7312,39.7763],[15.7413,39.7687],[15.7451,39.7646],[15.7494,39.7479],[15.7513,39.7375],[15.755,39.725],[15.7571,39.7208],[15.7576,39.7146],[15.7539,39.7062],[15.7438,39.6771],[15.7415,39.6667],[15.7346,39.6479],[15.7292,39.6435],[15.7277,39.6396],[15.7308,39.625],[15.741,39.6083],[15.7568,39.5958],[15.775,39.5828],[15.7854,39.5745],[15.7938,39.5667],[15.8032,39.5562],[15.8213,39.5312],[15.8375,39.5161],[15.8479,39.5111],[15.8604,39.5021],[15.8715,39.4958],[15.8782,39.4875],[15.8852,39.4813],[15.8985,39.4625],[15.9006,39.4583],[15.9055,39.4542],[15.9129,39.4417],[15.9238,39.4375],[15.9227,39.4292],[15.9275,39.4229],[15.9286,39.4188],[15.9357,39.4125],[15.9399,39.3875],[15.9519,39.3729],[15.9664,39.3521],[15.9761,39.3354],[15.98,39.325],[15.9805,39.3188],[15.9845,39.3062],[15.9892,39.3],[15.9903,39.2938],[15.9953,39.2875],[15.9972,39.275],[16.0008,39.2687],[16.0023,39.2583],[16.0094,39.2521],[16.0101,39.2479],[16.0073,39.2396],[16.0112,39.2333],[16.0083,39.2249],[16.0164,39.2167],[16.0155,39.2125],[16.0102,39.2],[16.0113,39.1958],[16.015,39.1917],[16.0155,39.1875],[16.0126,39.1812],[16.0146,39.1782],[16.0208,39.1768],[16.025,39.1729],[16.0212,39.1667],[16.0248,39.1583],[16.0227,39.1521],[16.0254,39.1375],[16.0201,39.1313],[16.0182,39.1271],[16.0125,39.1208],[16.0114,39.1042],[16.0138,39.0958],[16.0167,39.0928],[16.0257,39.0896],[16.0259,39.0833],[16.0286,39.0771],[16.0261,39.0729],[16.0291,39.0667],[16.0249,39.0583],[16.0279,39.05],[16.0277,39.0396],[16.0339,39.0312],[16.0387,39.0208],[16.0387,39.0146],[16.0294,39.0063],[16.0258,39.0],[16.0298,38.9875],[16.028,38.9813],[16.029,38.9771],[16.0355,38.9729],[16.0333,38.9479],[16.0339,38.9438],[16.0396,38.9312],[16.0458,38.9271],[16.0547,38.9229],[16.0646,38.9119],[16.0708,38.9083],[16.0792,38.907],[16.0833,38.9045],[16.0938,38.896],[16.1021,38.8931],[16.1089,38.8833],[16.1103,38.875],[16.1151,38.8667],[16.1108,38.8542],[16.1022,38.8458],[16.0982,38.8396],[16.0993,38.8292],[16.1013,38.825],[16.1146,38.82],[16.1187,38.8205],[16.1313,38.8254],[16.1374,38.8229],[16.1418,38.8167],[16.1432,38.8104],[16.1469,38.8062],[16.1545,38.8021],[16.1569,38.7979],[16.15,38.7914],[16.1451,38.7854],[16.1375,38.78],[16.1245,38.775],[16.1167,38.7688],[16.1062,38.7673],[16.0958,38.7648],[16.0813,38.7572],[16.0786,38.7542],[16.0769,38.7479],[16.0688,38.7457],[16.0604,38.749],[16.0437,38.7516],[16.0292,38.7575],[16.0208,38.7567],[16.0063,38.7519],[15.9969,38.7458],[15.9812,38.7372],[15.9708,38.7345],[15.9625,38.7299],[15.9479,38.724],[15.9375,38.7218],[15.9313,38.7187],[15.9229,38.7163],[15.9083,38.7156],[15.9,38.7129],[15.8938,38.7081],[15.8812,38.7083],[15.8729,38.707],[15.8667,38.7036],[15.8562,38.7021],[15.8458,38.6982],[15.8354,38.6954],[15.825,38.691],[15.8033,38.6792],[15.7861,38.6688],[15.7787,38.6625],[15.7821,38.6542],[15.785,38.65],[15.7937,38.6425],[15.7975,38.6333],[15.7956,38.6208],[15.8,38.6179],[15.8125,38.6142],[15.8316,38.6042],[15.837,38.5979],[15.8444,38.5938],[15.8462,38.5875],[15.8515,38.5833],[15.8543,38.5792],[15.8534,38.575],[15.8577,38.5646],[15.8568,38.5583],[15.8616,38.5375],[15.8641,38.5312],[15.8577,38.525],[15.8624,38.5208],[15.8771,38.517],[15.8812,38.5146],[15.8771,38.5087],[15.8729,38.507],[15.8646,38.5063],[15.8595,38.5042],[15.853,38.4979],[15.8488,38.4875],[15.8505,38.4833],[15.8595,38.475],[15.8648,38.4688],[15.8708,38.4583],[15.8698,38.4562],[15.8646,38.4575],[15.8583,38.4624],[15.8521,38.4646],[15.8479,38.464],[15.8417,38.4604],[15.8324,38.45],[15.8315,38.4458],[15.8328,38.4396],[15.8229,38.4354],[15.8204,38.4312],[15.8221,38.425],[15.8278,38.4188],[15.8272,38.4125],[15.8236,38.4021],[15.8225,38.3875],[15.8237,38.3833],[15.8323,38.3792],[15.8336,38.3708],[15.832,38.3583],[15.8262,38.3438],[15.8238,38.3271],[15.8167,38.3126],[15.8134,38.3083],[15.8021,38.3004],[15.7896,38.29],[15.775,38.2843],[15.7583,38.277],[15.7458,38.2707],[15.7229,38.2643],[15.7167,38.2632],[15.7,38.2582],[15.6833,38.2555],[15.6667,38.2535],[15.6479,38.2474],[15.6442,38.2479],[15.6439,38.2542],[15.6479,38.2584],[15.6583,38.2589],[15.6625,38.2607],[15.6672,38.2667],[15.6667,38.273],[15.6708,38.2778],[15.6873,38.2833],[15.6935,38.2875],[15.7086,38.3062],[15.7088,38.3125],[15.7042,38.3155],[15.7,38.3157],[15.6798,38.3104],[15.6657,38.3042],[15.6521,38.295],[15.6479,38.2948],[15.6396,38.2967],[15.6293,38.3021],[15.6206,38.3104],[15.6167,38.3123],[15.6083,38.3127],[15.6021,38.3168],[15.5958,38.319],[15.5917,38.325],[15.5891,38.3333],[15.5854,38.3369],[15.5729,38.3418],[15.5582,38.35],[15.5546,38.3542],[15.5538,38.3583],[15.5535,38.375],[15.5507,38.3854],[15.5496,38.3979],[15.5458,38.3988],[15.5396,38.3961],[15.5373,38.3917],[15.5364,38.3854],[15.531,38.375],[15.5292,38.3667],[15.5326,38.3563],[15.53,38.3521],[15.5188,38.3478],[15.5048,38.3396],[15.4896,38.3321],[15.4833,38.3272],[15.475,38.3232],[15.4665,38.3167],[15.4551,38.3042],[15.4521,38.2958],[15.4437,38.29],[15.4396,38.2831],[15.4375,38.2823],[15.4229,38.2816],[15.4199,38.2792],[15.42,38.2729],[15.4162,38.2625],[15.4104,38.2602],[15.4054,38.2646],[15.4021,38.2704],[15.3979,38.2731],[15.3938,38.2728],[15.3854,38.2657],[15.3812,38.2641],[15.3688,38.2653],[15.3577,38.2604],[15.3542,38.2546],[15.35,38.253],[15.3375,38.261],[15.3333,38.2619],[15.3229,38.2584],[15.3208,38.2566],[15.3167,38.2437],[15.3096,38.2354],[15.3082,38.2313],[15.3036,38.2271],[15.2958,38.225],[15.2854,38.2268],[15.2771,38.2268],[15.275,38.2282],[15.2708,38.2375],[15.2636,38.2437],[15.2614,38.2479],[15.2591,38.2646],[15.2518,38.2771],[15.248,38.2812],[15.2417,38.2839],[15.2312,38.2841],[15.2208,38.2828],[15.2175,38.2812],[15.2125,38.2718],[15.2063,38.2667],[15.2025,38.2583],[15.2036,38.2521],[15.2061,38.2479],[15.2167,38.2408],[15.2216,38.2333],[15.2197,38.2229],[15.2218,38.2167],[15.22,38.2083],[15.2174,38.2042],[15.2083,38.1942],[15.2021,38.1935],[15.1937,38.2018],[15.1917,38.2027],[15.1854,38.1971],[15.175,38.1965],[15.1708,38.1945],[15.1673,38.1854],[15.1711,38.175],[15.1688,38.1708],[15.1625,38.1724],[15.1521,38.1724],[15.142,38.1792],[15.1375,38.185],[15.1333,38.1867],[15.1104,38.1821],[15.1021,38.1815],[15.0875,38.1841],[15.0771,38.1867],[15.0687,38.1842],[15.0583,38.1848],[15.05,38.1922],[15.0458,38.1938],[15.0292,38.1949],[15.0083,38.1893],[14.9938,38.187],[14.9896,38.1887],[14.9854,38.1929],[14.975,38.1934],[14.9646,38.1966],[14.9521,38.1983],[14.9437,38.1951],[14.9354,38.1953],[14.9208,38.2015],[14.9125,38.2014],[14.9042,38.2002],[14.8979,38.2011],[14.8924,38.1979],[14.8896,38.1939],[14.8873,38.1854],[14.8854,38.1825],[14.8708,38.1866],[14.8646,38.1858],[14.85,38.1894],[14.8438,38.1877],[14.8375,38.182],[14.8333,38.1826],[14.8208,38.1908],[14.8125,38.1924],[14.8083,38.1903],[14.8,38.1834],[14.7958,38.1833],[14.7833,38.1891],[14.7667,38.1929],[14.7625,38.1917],[14.7542,38.1868],[14.7438,38.1857],[14.7354,38.1838],[14.725,38.1857],[14.7218,38.1833],[14.7219,38.1771],[14.7188,38.1668],[14.7146,38.1667],[14.7083,38.1717],[14.6979,38.1732],[14.6896,38.1676],[14.686,38.1604],[14.6768,38.1521],[14.6763,38.1437],[14.6729,38.139],[14.6667,38.1376],[14.6521,38.1429],[14.6438,38.1442],[14.6354,38.1388],[14.6229,38.1376],[14.6146,38.1431],[14.6062,38.1415],[14.5958,38.1434],[14.5875,38.1435],[14.5833,38.1412],[14.5792,38.1365],[14.5646,38.1305],[14.5542,38.1277],[14.5479,38.1283],[14.5436,38.1313],[14.5421,38.1354],[14.5354,38.1464],[14.5208,38.1491],[14.5167,38.1487],[14.5021,38.1434],[14.4958,38.1433],[14.4833,38.141],[14.4792,38.139],[14.4743,38.1333],[14.4667,38.1285],[14.4604,38.1276],[14.45,38.1311],[14.4458,38.1354],[14.4417,38.1371],[14.4229,38.1366],[14.4109,38.1417],[14.4042,38.1426],[14.3854,38.1422],[14.3771,38.1414],[14.3625,38.1387],[14.3521,38.1393],[14.3458,38.1385],[14.3354,38.1322],[14.325,38.127],[14.3183,38.1208],[14.3184,38.1146],[14.3154,38.1104],[14.3104,38.1071],[14.2958,38.104],[14.2875,38.0977],[14.2833,38.097],[14.2729,38.098],[14.2688,38.0953],[14.2562,38.0847],[14.2521,38.0822],[14.2333,38.0792],[14.2188,38.0788],[14.2063,38.0748],[14.1979,38.0733],[14.1875,38.067],[14.1792,38.0691],[14.1687,38.07],[14.1604,38.0682],[14.1521,38.0685],[14.1417,38.0711],[14.1354,38.0714],[14.1292,38.069],[14.1188,38.0697],[14.1104,38.0724],[14.1042,38.0733],[14.0938,38.0768],[14.0687,38.0769],[14.0563,38.079],[14.0354,38.0794],[14.025,38.0816],[14.0083,38.0812],[13.9958,38.0789],[13.9771,38.0806],[13.9667,38.0777],[13.9628,38.075],[13.9611,38.0688],[13.9582,38.0646],[13.9542,38.0621],[13.9458,38.0643],[13.9396,38.0648],[13.9292,38.0625],[13.9187,38.0592],[13.8979,38.0566],[13.8792,38.0579],[13.8688,38.0625],[13.8625,38.0641],[13.8521,38.069],[13.8391,38.0792],[13.8305,38.0833],[13.8167,38.0884],[13.8063,38.0896],[13.7979,38.0892],[13.7792,38.0864],[13.75,38.0802],[13.7188,38.0758],[13.7,38.0742],[13.6875,38.0741],[13.6771,38.0749],[13.6646,38.0768],[13.6479,38.0806],[13.6354,38.0846],[13.6271,38.0883],[13.6021,38.1015],[13.5917,38.1081],[13.5806,38.1167],[13.5712,38.1229],[13.55,38.1334],[13.5312,38.1414],[13.5229,38.1434],[13.5146,38.144],[13.5083,38.1417],[13.4979,38.1344],[13.4812,38.1348],[13.471,38.1396],[13.4686,38.1437],[13.4683,38.15],[13.4646,38.152],[13.4563,38.1526],[13.4458,38.1513],[13.4375,38.1512],[13.4208,38.1528],[13.4146,38.1516],[13.4107,38.1542],[13.41,38.1583],[13.412,38.1688],[13.4113,38.175],[13.4047,38.1833],[13.3961,38.1917],[13.3939,38.1958],[13.397,38.2042],[13.3973,38.2125],[13.3875,38.2167],[13.3847,38.2208],[13.3834,38.2271],[13.3775,38.2354],[13.3785,38.25],[13.3812,38.2563],[13.3825,38.2667],[13.3822,38.2771],[13.3854,38.2807],[13.3989,38.2854],[13.4083,38.2909],[13.4158,38.2938],[13.4154,38.2979],[13.3917,38.2945],[13.3792,38.2943],[13.3688,38.2931],[13.3604,38.2974],[13.3521,38.298],[13.3417,38.2927],[13.3279,38.2875],[13.3243,38.2833],[13.3221,38.2729],[13.3188,38.2687],[13.2982,38.2604],[13.2875,38.2551],[13.2667,38.2467],[13.2479,38.2406],[13.2333,38.2381],[13.2208,38.2383],[13.2083,38.2357],[13.1958,38.2385],[13.1813,38.2398],[13.1583,38.239],[13.1521,38.2372],[13.1458,38.2334],[13.1375,38.235],[13.1228,38.2417],[13.1146,38.2437],[13.1042,38.2438],[13.0854,38.238],[13.0593,38.2333],[13.05,38.2307],[13.0417,38.2268],[13.0334,38.2188],[13.0324,38.2146],[13.0324,38.1958],[13.0302,38.1896],[13.0299,38.1792],[13.0271,38.1729],[13.0277,38.1667],[13.0252,38.1625],[13.0176,38.1583],[13.0152,38.1542],[13.0173,38.1479],[13.0152,38.1437],[13.011,38.1417],[13.0093,38.1354],[13.0021,38.131],[12.9958,38.1304],[12.9914,38.125],[12.9875,38.1232],[12.9812,38.1232],[12.975,38.1194],[12.9688,38.1189],[12.9581,38.1125],[12.9563,38.1059],[12.9542,38.1042],[12.9396,38.0996],[12.9292,38.1032],[12.9208,38.1037],[12.9083,38.0995],[12.8958,38.1007],[12.8833,38.0973],[12.8771,38.0984],[12.8708,38.1017],[12.8583,38.1024],[12.8479,38.1004],[12.8187,38.1086],[12.8042,38.1107],[12.7983,38.1146],[12.7927,38.125],[12.792,38.1292],[12.7938,38.1396],[12.7917,38.1478],[12.7865,38.1542],[12.7826,38.1625],[12.7761,38.1708],[12.7736,38.1854],[12.774,38.1917],[12.7717,38.1958],[12.7625,38.2021],[12.7438,38.2069],[12.7271,38.2091],[12.7222,38.2062],[12.7188,38.1967],[12.7098,38.1917],[12.707,38.1875],[12.7032,38.175],[12.7022,38.1688],[12.7,38.1668],[12.6875,38.167],[12.6667,38.1559],[12.6542,38.1502],[12.6417,38.1456],[12.6312,38.143],[12.6167,38.1376],[12.5938,38.1301],[12.5875,38.1285],[12.5729,38.1267],[12.5583,38.1267],[12.5437,38.1281],[12.5375,38.1268],[12.525,38.1182],[12.5174,38.1187],[12.5161,38.1229],[12.5168,38.1333],[12.5125,38.1416],[12.4938,38.1499],[12.4854,38.1524],[12.4792,38.1525],[12.475,38.1552],[12.4667,38.1639],[12.4583,38.1675],[12.4521,38.1683],[12.4375,38.168],[12.4358,38.1646],[12.4377,38.1604],[12.448,38.1521],[12.4593,38.1417],[12.4611,38.1354],[12.4542,38.1268],[12.4437,38.1241],[12.4367,38.1187],[12.4273,38.1021],[12.4196,38.0771],[12.4167,38.0721],[12.3979,38.0548],[12.3833,38.0459],[12.3771,38.0457],[12.3708,38.0511],[12.3604,38.0574],[12.3458,38.0637],[12.3396,38.0631],[12.3323,38.0688],[12.3187,38.0741],[12.3063,38.0837],[12.2937,38.0896],[12.2812,38.0999],[12.2771,38.1026],[12.2667,38.1059],[12.2542,38.1075],[12.2479,38.1097],[12.2292,38.1141],[12.2125,38.1138],[12.2083,38.1144],[12.1999,38.1229],[12.1958,38.1252],[12.191,38.1229],[12.1917,38.1178],[12.1978,38.1125],[12.1994,38.1083],[12.1961,38.0938],[12.1958,38.0873],[12.1983,38.0792],[12.1979,38.0705],[12.1943,38.0625],[12.1858,38.05],[12.1804,38.0375],[12.1791,38.025],[12.1829,38.0104],[12.1937,37.9924],[12.1959,37.9854]]]}},{"type":"Feature","properties":{"depth":-200},"geometry":{"type":"MultiLineString","coordinates":[[[12.5292,38.2123],[12.5333,38.2125],[12.5521,38.2159],[12.5557,38.2188],[12.5569,38.2292],[12.5594,38.2417],[12.5617,38.2479],[12.5703,38.2625],[12.5708,38.2702],[12.5646,38.2823],[12.5625,38.2844],[12.5542,38.2865],[12.55,38.2889],[12.5437,38.2951],[12.5396,38.295],[12.5229,38.2813],[12.5104,38.2745],[12.5062,38.2705],[12.5037,38.2604],[12.4991,38.2521],[12.4917,38.2458],[12.4938,38.2401],[12.5006,38.2292],[12.5162,38.2167],[12.5229,38.2135],[12.5292,38.2123]]]}},{"type":"Feature","properties":{"depth":-200},"geometry":{"type":"MultiLineString","coordinates":[[[14.9771,38.3604],[14.9812,38.3603],[14.9917,38.3637],[15.0042,38.3667],[15.0121,38.3708],[15.0145,38.375],[15.0134,38.3792],[15.0078,38.3833],[15.0051,38.3917],[14.999,38.4],[14.9917,38.4043],[14.9833,38.4133],[14.975,38.4146],[14.9732,38.4188],[14.9729,38.4275],[14.9659,38.4375],[14.9649,38.4417],[14.9642,38.4667],[14.965,38.4708],[14.9688,38.4727],[14.975,38.4715],[14.9806,38.4729],[14.9849,38.4771],[14.9846,38.4854],[14.9792,38.492],[14.9729,38.4942],[14.9705,38.4979],[14.9742,38.5042],[14.9735,38.5125],[14.9625,38.5266],[14.9542,38.5263],[14.9458,38.5288],[14.9414,38.5333],[14.9412,38.5396],[14.939,38.5479],[14.9354,38.5497],[14.9315,38.5479],[14.9271,38.5393],[14.9208,38.538],[14.9146,38.5391],[14.9083,38.536],[14.9,38.523],[14.8884,38.5083],[14.8789,38.4917],[14.8789,38.4813],[14.8777,38.4771],[14.8707,38.4708],[14.8704,38.4667],[14.875,38.4609],[14.8792,38.4594],[14.8833,38.4607],[14.8917,38.4655],[14.8958,38.4651],[14.9031,38.4604],[14.9083,38.4539],[14.9167,38.4493],[14.9271,38.4481],[14.9292,38.4465],[14.9339,38.4375],[14.9411,38.4312],[14.9409,38.4271],[14.9355,38.4229],[14.9322,38.4125],[14.9308,38.4042],[14.9337,38.3937],[14.9345,38.3854],[14.9396,38.3803],[14.95,38.3751],[14.9563,38.3745],[14.9623,38.3687],[14.9729,38.3619],[14.9771,38.3604]]]}},{"type":"Feature","properties":{"depth":-200},"geometry":{"type":"MultiLineString","coordinates":[[[14.8542,38.5226],[14.8625,38.523],[14.875,38.5281],[14.8788,38.5312],[14.881,38.5375],[14.88,38.5479],[14.8831,38.5583],[14.8846,38.5667],[14.8841,38.5792],[14.8811,38.5854],[14.8729,38.5917],[14.8654,38.5958],[14.8583,38.5973],[14.85,38.596],[14.8396,38.5919],[14.8271,38.5895],[14.8187,38.5898],[14.8083,38.592],[14.7958,38.5917],[14.7884,38.5875],[14.7833,38.5818],[14.7804,38.575],[14.7814,38.5708],[14.7884,38.5625],[14.8009,38.55],[14.8104,38.5451],[14.825,38.5408],[14.8292,38.5388],[14.8396,38.5311],[14.8458,38.5292],[14.8542,38.5226]]]}},{"type":"Feature","properties":{"depth":-200},"geometry":{"type":"MultiLineString","coordinates":[[[14.5833,38.5495],[14.5875,38.5486],[14.5974,38.5521],[14.5997,38.5583],[14.5979,38.5619],[14.5896,38.5656],[14.587,38.5688],[14.5877,38.575],[14.5864,38.5812],[14.5839,38.5854],[14.5792,38.5882],[14.5729,38.5888],[14.5619,38.5938],[14.5521,38.5962],[14.5375,38.5951],[14.5292,38.5899],[14.5161,38.5875],[14.5142,38.5812],[14.5185,38.5771],[14.5292,38.5729],[14.5374,38.5646],[14.5521,38.5559],[14.5625,38.5553],[14.5833,38.5495]]]}},{"type":"Feature","properties":{"depth":-200},"geometry":{"type":"MultiLineString","coordinates":[[[15.1104,38.5885],[15.1146,38.588],[15.1229,38.5917],[15.131,38.5979],[15.1333,38.6021],[15.1304,38.6083],[15.1335,38.625],[15.1321,38.6292],[15.1256,38.6375],[15.1295,38.6417],[15.1299,38.6479],[15.1223,38.6562],[15.1252,38.6667],[15.1341,38.6771],[15.1358,38.6812],[15.1333,38.6869],[15.1229,38.6821],[15.1167,38.6802],[15.1088,38.6812],[15.0938,38.6787],[15.0893,38.6771],[15.0833,38.6679],[15.0687,38.6621],[15.0563,38.6619],[15.0466,38.6562],[15.042,38.65],[15.0372,38.6375],[15.0375,38.6167],[15.0391,38.6125],[15.0458,38.6065],[15.0604,38.5997],[15.075,38.5999],[15.0813,38.5969],[15.0896,38.6007],[15.0958,38.6007],[15.0991,38.5958],[15.1104,38.5885]]]}},{"type":"Feature","properties":{"depth":-200},"geometry":{"type":"MultiLineString","coordinates":[[[13.1667,38.6792],[13.175,38.6825],[13.1813,38.6889],[13.1865,38.6917],[13.1917,38.697],[13.2,38.7016],[13.2072,38.7042],[13.2083,38.7125],[13.2069,38.7167],[13.2019,38.7229],[13.1896,38.7293],[13.1854,38.7333],[13.1792,38.7351],[13.1729,38.735],[13.1604,38.7302],[13.1546,38.7229],[13.1479,38.7175],[13.1396,38.7146],[13.1312,38.7099],[13.125,38.7115],[13.1205,38.7104],[13.1169,38.7062],[13.1208,38.703],[13.1292,38.703],[13.1451,38.6875],[13.15,38.6852],[13.1604,38.6839],[13.1667,38.6792]]]}},{"type":"Feature","properties":{"depth":-200},"geometry":{"type":"MultiLineString","coordinates":[[[15.2021,38.7704],[15.2083,38.7692],[15.2167,38.7696],[15.2315,38.7771],[15.236,38.7875],[15.2445,38.7958],[15.2624,38.8104],[15.2652,38.8167],[15.2583,38.8252],[15.25,38.8282],[15.2417,38.8275],[15.2353,38.8229],[15.2312,38.8167],[15.225,38.8154],[15.2167,38.816],[15.2081,38.8125],[15.2035,38.8062],[15.1958,38.8015],[15.1875,38.7998],[15.1826,38.7938],[15.1829,38.7854],[15.1904,38.775],[15.1937,38.7728],[15.2021,38.7704]]]}},{"type":"Feature","properties":{"depth":-100},"geometry":{"type":"MultiLineString","coordinates":[[[12.0987,37.9854],[12.0938,37.9921],[12.079,38.0042],[12.0667,38.0122],[12.0604,38.02],[12.0563,38.0233],[12.0458,38.0268],[12.0333,38.0292],[12.025,38.028],[12.0188,38.0232],[12.0158,38.0146],[12.0089,38.0],[12.0104,37.9854]]]}},{"type":"Feature","properties":{"depth":-100},"geometry":{"type":"MultiLineString","coordinates":[[[15.4147,37.9854],[15.4215,37.9958],[15.4293,38.0042],[15.4375,38.01],[15.4507,38.0271],[15.4646,38.0402],[15.4704,38.0438],[15.4833,38.0552],[15.493,38.0625],[15.5,38.0703],[15.5066,38.0833],[15.5093,38.0958],[15.5128,38.1021],[15.52,38.12]]]}},{"type":"Feature","properties":{"depth":-100},"geometry":{"type":"MultiLineString","coordinates":[[[16.1731,37.9854],[16.172,37.9958],[16.1751,38.0187],[16.178,38.0333],[16.179,38.0417],[16.1817,38.05],[16.1847,38.0542],[16.1963,38.0604],[16.2006,38.0708],[16.196,38.0833],[16.1963,38.0875],[16.2021,38.0938]]]}},{"type":"Feature","properties":{"depth":-100},"geometry":{"type":"MultiLineString","coordinates":[[[15.636,38.0729],[15.6452,38.0667],[15.6479,38.0604],[15.6463,38.05],[15.6508,38.0417],[15.6515,38.0375],[15.6492,38.0312],[15.6372,38.0208]]]}},{"type":"Feature","properties":{"depth":-100},"geometry":{"type":"MultiLineString","coordinates":[[[16.2021,38.0985],[16.1854,38.1085],[16.1771,38.1108],[16.1727,38.1146],[16.1741,38.1208],[16.1691,38.1292],[16.1707,38.1333],[16.175,38.1364],[16.1833,38.1378],[16.1958,38.1354],[16.2021,38.1377]]]}},{"type":"Feature","properties":{"depth":-100},"geometry":{"type":"MultiLineString","coordinates":[[[12.7895,38.1376],[12.79,38.1417],[12.7875,38.1468],[12.7818,38.1542],[12.7794,38.1604],[12.7722,38.168]]]}},{"type":"Feature","properties":{"depth":-100},"geometry":{"type":"MultiLineString","coordinates":[[[12.7712,38.1747],[12.7701,38.1854],[12.7704,38.1917],[12.7668,38.1958],[12.7592,38.2],[12.7439,38.2042],[12.7354,38.2056],[12.7271,38.2058],[12.725,38.2044],[12.7238,38.1979],[12.7208,38.1927],[12.7146,38.187],[12.7106,38.1812],[12.7086,38.175],[12.7123,38.1646],[12.7134,38.1583],[12.709,38.15],[12.7042,38.147],[12.6937,38.147],[12.6708,38.1388],[12.6449,38.1271],[12.6333,38.1163],[12.6292,38.1136],[12.6146,38.1117],[12.5958,38.1142],[12.5875,38.114],[12.5844,38.1125],[12.5792,38.1061],[12.5687,38.1026],[12.5563,38.0947],[12.55,38.0933],[12.5437,38.09],[12.5354,38.0878],[12.5271,38.0813],[12.5146,38.0804],[12.5104,38.0814],[12.4979,38.0821],[12.4938,38.081],[12.4875,38.0761],[12.4833,38.0748],[12.475,38.0782],[12.4654,38.0875],[12.4583,38.0885],[12.4544,38.0854],[12.4467,38.0708],[12.4404,38.0625],[12.437,38.0562],[12.4299,38.0479],[12.425,38.0398],[12.4187,38.0369],[12.4042,38.0278],[12.3979,38.0253],[12.3896,38.0245],[12.3812,38.026],[12.3709,38.0354],[12.3625,38.0381],[12.3521,38.0366],[12.3438,38.0373],[12.3351,38.0438],[12.3292,38.0559],[12.325,38.0589],[12.3146,38.0575],[12.3083,38.0548],[12.3042,38.0546],[12.3006,38.0583],[12.2987,38.0729],[12.2959,38.0771],[12.2789,38.0896],[12.268,38.0938],[12.25,38.0969],[12.2354,38.0953],[12.2208,38.0909],[12.2119,38.0896],[12.2114,38.0854],[12.2186,38.0792],[12.2198,38.075],[12.2188,38.0688],[12.2225,38.0583],[12.2236,38.0479],[12.2206,38.0417],[12.2197,38.0333],[12.2176,38.0271],[12.2127,38.0208],[12.2108,38.0104],[12.2082,38.0021],[12.2089,37.9979],[12.2135,37.9937],[12.2144,37.9896],[12.2125,37.9872],[12.2083,37.9887],[12.206,37.9854]]]}},{"type":"Feature","properties":{"depth":-100},"geometry":{"type":"MultiLineString","coordinates":[[[15.572,38.1887],[15.577,38.1896],[15.5772,38.1917],[15.5729,38.2008],[15.5689,38.2062],[15.5694,38.2104],[15.575,38.2199],[15.5828,38.2292],[15.5895,38.2354],[15.5979,38.2408],[15.6061,38.2437],[15.6167,38.2508],[15.6208,38.2556],[15.625,38.2573],[15.6354,38.2572],[15.6393,38.2604]]]}},{"type":"Feature","properties":{"depth":-100},"geometry":{"type":"MultiLineString","coordinates":[[[15.6444,38.234],[15.6292,38.2359],[15.6238,38.2396],[15.6229,38.2461],[15.619,38.2458],[15.6167,38.2378],[15.6168,38.2333],[15.6199,38.2271],[15.6223,38.2167],[15.6257,38.2083],[15.6292,38.1896],[15.6307,38.1854],[15.6368,38.1771],[15.6373,38.1688],[15.6431,38.1583],[15.6479,38.1521],[15.6492,38.1333],[15.6453,38.125],[15.643,38.1167],[15.6387,38.1104],[15.6298,38.1021],[15.6283,38.0979],[15.6292,38.093]]]}},{"type":"Feature","properties":{"depth":-100},"geometry":{"type":"MultiLineString","coordinates":[[[15.6527,38.2652],[15.6562,38.2645],[15.6602,38.2687],[15.6458,38.2791],[15.6347,38.2833],[15.6125,38.2981],[15.6,38.3029],[15.5896,38.3091],[15.5803,38.3208],[15.5752,38.3292],[15.5526,38.3417],[15.5437,38.3455],[15.5396,38.3454],[15.5208,38.3397],[15.5083,38.3322],[15.5009,38.3292],[15.4875,38.3201],[15.4793,38.3167],[15.474,38.3125],[15.4629,38.3],[15.4592,38.2917],[15.4509,38.2854],[15.4417,38.2758],[15.4339,38.2729],[15.4271,38.2654],[15.4215,38.2563],[15.4104,38.2515],[15.4052,38.2521],[15.4,38.2581],[15.3917,38.2606],[15.3812,38.2561],[15.375,38.2574],[15.367,38.2563],[15.3607,38.2479],[15.3562,38.2445],[15.3479,38.2431],[15.3417,38.2452],[15.3354,38.2448],[15.3271,38.241],[15.3225,38.2354],[15.3205,38.2292],[15.3083,38.222],[15.2979,38.2187],[15.2875,38.2185],[15.2729,38.2194],[15.2672,38.2229],[15.2583,38.2348],[15.2553,38.2417],[15.2551,38.2542],[15.2541,38.2625],[15.2505,38.2708],[15.2458,38.2781],[15.2417,38.2803],[15.2271,38.2792],[15.2208,38.2758],[15.2184,38.2646],[15.2214,38.2479],[15.2263,38.2375],[15.2271,38.2313],[15.2246,38.225],[15.226,38.2167],[15.224,38.2062],[15.2213,38.2021],[15.2104,38.1896],[15.2021,38.1865],[15.1958,38.1893],[15.1917,38.189],[15.1808,38.1833],[15.1784,38.1792],[15.1766,38.1667],[15.1708,38.1599],[15.1667,38.1599],[15.1604,38.1654],[15.15,38.1647],[15.1312,38.1658],[15.1125,38.164],[15.0958,38.1646],[15.0813,38.1667],[15.0687,38.1703],[15.0631,38.1729],[15.0521,38.1753],[15.0458,38.1807],[15.0417,38.1825],[15.0312,38.1772],[15.0229,38.1778],[15.0146,38.1801],[14.9917,38.1761],[14.9854,38.1762],[14.975,38.1786],[14.9688,38.1814],[14.9604,38.1868],[14.9521,38.1908],[14.9396,38.191],[14.9333,38.1923],[14.9227,38.1979],[14.9146,38.1985],[14.9083,38.1967],[14.9,38.1971],[14.8958,38.1954],[14.8919,38.1896],[14.8909,38.1812],[14.8875,38.1772],[14.875,38.1825],[14.8604,38.1825],[14.85,38.1854],[14.8458,38.1845],[14.8396,38.1785],[14.8333,38.1777],[14.8208,38.1852],[14.8125,38.1853],[14.8042,38.1793],[14.7958,38.1786],[14.7854,38.1833],[14.7708,38.1861],[14.7625,38.1852],[14.75,38.1806],[14.7417,38.1788],[14.7312,38.1743],[14.7271,38.1704],[14.7229,38.1604],[14.7167,38.1573],[14.7104,38.1594],[14.7063,38.1591],[14.6896,38.1479],[14.6811,38.1375],[14.6708,38.1304],[14.6582,38.1292],[14.6458,38.1249],[14.6305,38.1187],[14.6146,38.1146],[14.6042,38.114],[14.5917,38.1119],[14.5771,38.1109],[14.5687,38.1114],[14.5604,38.1141],[14.5512,38.1187],[14.5417,38.1219],[14.5354,38.1288],[14.5312,38.1304],[14.5208,38.1284],[14.4979,38.1274],[14.4749,38.1229],[14.4646,38.1201],[14.4583,38.12],[14.4479,38.1223],[14.4375,38.1211],[14.425,38.1159],[14.4184,38.1146],[14.4181,38.1104],[14.4149,38.1063],[14.4055,38.0979],[14.3979,38.0927],[14.3876,38.0875],[14.3667,38.0804],[14.3583,38.0786],[14.3375,38.0775],[14.3135,38.0729],[14.2937,38.0684],[14.2688,38.0613],[14.2417,38.055],[14.225,38.0535],[14.1958,38.0546],[14.1771,38.0546],[14.1479,38.0523],[14.1229,38.0523],[14.1021,38.0541],[14.056,38.0625],[14.0333,38.0656],[14.0062,38.0675],[13.9856,38.0667],[13.9708,38.0642],[13.9583,38.0576],[13.9479,38.0538],[13.9437,38.0534],[13.9375,38.0557],[13.9167,38.0516],[13.8979,38.0485],[13.875,38.0476],[13.8646,38.0435],[13.8479,38.0402],[13.8271,38.0388],[13.8125,38.0392],[13.8,38.0421],[13.7854,38.0406],[13.7708,38.0399],[13.7458,38.0398],[13.7229,38.0419],[13.6896,38.0478],[13.6625,38.0544],[13.65,38.0571],[13.6431,38.0604],[13.6356,38.0667],[13.6125,38.0733],[13.6062,38.0763],[13.5896,38.0875],[13.5671,38.1104],[13.5605,38.1167],[13.5544,38.1208],[13.5458,38.1245],[13.5312,38.1278],[13.5188,38.1289],[13.5062,38.1276],[13.4979,38.1257],[13.4812,38.1244],[13.4688,38.1251],[13.4583,38.1238],[13.4396,38.1251],[13.4333,38.1267],[13.4146,38.1347],[13.4053,38.1417],[13.4013,38.1479],[13.3931,38.1729],[13.3914,38.1833],[13.3857,38.1917],[13.3852,38.2021],[13.3833,38.2066],[13.375,38.2184],[13.3688,38.2373],[13.3646,38.2416],[13.3562,38.2439],[13.3479,38.2446],[13.3375,38.2421],[13.3271,38.2425],[13.3187,38.2417],[13.3063,38.2418],[13.2937,38.2399],[13.2729,38.2319],[13.2417,38.2252],[13.2333,38.2219],[13.2229,38.2164],[13.2146,38.2149],[13.2021,38.2077],[13.1917,38.2063],[13.1792,38.21],[13.1687,38.2202],[13.1646,38.2208],[13.1562,38.2172],[13.1521,38.2171],[13.1417,38.2201],[13.125,38.2261],[13.1167,38.2265],[13.1021,38.2246],[13.0958,38.2249],[13.0792,38.2224],[13.0583,38.2185],[13.05,38.2178],[13.0455,38.2146],[13.0452,38.2104],[13.0474,38.2021],[13.0465,38.1938],[13.0467,38.1833],[13.0354,38.1562],[13.028,38.1354],[13.0236,38.1271],[13.0188,38.1211],[13.0062,38.1102],[13.0004,38.1063],[12.9792,38.0936],[12.9583,38.0838],[12.9377,38.0771],[12.925,38.0746],[12.9042,38.0721],[12.8854,38.0708],[12.875,38.0731],[12.8683,38.0792],[12.8583,38.0842],[12.8479,38.0874],[12.8271,38.0904],[12.8167,38.0951],[12.8083,38.1018],[12.7979,38.1078],[12.7939,38.1125],[12.7896,38.1209]]]}},{"type":"Feature","properties":{"depth":-100},"geometry":{"type":"MultiLineString","coordinates":[[[15.8167,38.3049],[15.8083,38.2977],[15.8021,38.2945],[15.7917,38.2847],[15.7812,38.2799],[15.775,38.2788],[15.7657,38.275],[15.75,38.2674],[15.7271,38.2609],[15.7167,38.2593],[15.7,38.2538],[15.6729,38.25],[15.6687,38.2483],[15.6604,38.2421],[15.6485,38.2354]]]}},{"type":"Feature","properties":{"depth":-100},"geometry":{"type":"MultiLineString","coordinates":[[[14.951,38.5218],[14.9458,38.5238],[14.9313,38.5321],[14.9167,38.5314],[14.9125,38.5296],[14.9021,38.5181],[14.8956,38.5083],[14.8919,38.4979],[14.8864,38.4875],[14.8872,38.4792],[14.8854,38.474],[14.8775,38.4708],[14.876,38.4667],[14.8789,38.4646],[14.8846,38.4667],[14.8896,38.4716],[14.8958,38.47],[14.9021,38.4661],[14.9125,38.4561],[14.9167,38.4544],[14.9292,38.4535],[14.9338,38.45],[14.9372,38.4417],[14.9404,38.4375],[14.9481,38.4312],[14.9474,38.425],[14.9417,38.4218],[14.9368,38.4125],[14.9354,38.4021],[14.9371,38.3979],[14.9379,38.3896],[14.9395,38.3854],[14.9445,38.3813],[14.9521,38.3787],[14.9583,38.3805],[14.9625,38.3772],[14.9639,38.3729],[14.9688,38.3689],[14.9792,38.3642],[14.9849,38.3651]]]}},{"type":"Feature","properties":{"depth":-100},"geometry":{"type":"MultiLineString","coordinates":[[[14.3677,38.549],[14.3668,38.5521],[14.3583,38.5581],[14.3521,38.5588],[14.3438,38.5575],[14.3375,38.5542],[14.3334,38.55],[14.3322,38.5438],[14.3355,38.5354],[14.3396,38.5321],[14.3433,38.5317]]]}},{"type":"Feature","properties":{"depth":-100},"geometry":{"type":"MultiLineString","coordinates":[[[14.8003,38.5562],[14.8041,38.5521],[14.8125,38.5481],[14.8313,38.543],[14.8417,38.535],[14.85,38.5331],[14.8542,38.5302],[14.8604,38.5301],[14.8734,38.5333],[14.8747,38.5375],[14.8734,38.55],[14.8793,38.5667],[14.8793,38.5792],[14.8775,38.5833],[14.8708,38.5886],[14.8625,38.5928],[14.8562,38.5934],[14.8477,38.5917],[14.8396,38.5882],[14.8271,38.5862],[14.8187,38.5862],[14.8104,38.5885],[14.7958,38.5875],[14.7903,38.5833],[14.7856,38.575],[14.7891,38.5667],[14.7973,38.5589]]]}},{"type":"Feature","properties":{"depth":-100},"geometry":{"type":"MultiLineString","coordinates":[[[14.5833,38.5728],[14.5836,38.5792],[14.5813,38.5834],[14.5771,38.5853],[14.5687,38.5868],[14.5583,38.5921],[14.5521,38.5932],[14.5396,38.5917],[14.5333,38.5869],[14.5206,38.5854],[14.5182,38.5833],[14.5208,38.5792],[14.5312,38.5758],[14.5376,38.5688],[14.5537,38.5588]]]}},{"type":"Feature","properties":{"depth":-100},"geometry":{"type":"MultiLineString","coordinates":[[[15.1181,38.6631],[15.12,38.6708],[15.1188,38.6724],[15.1062,38.6719],[15.1021,38.6737],[15.0952,38.6729],[15.0875,38.6632],[15.0708,38.6573],[15.0583,38.6561],[15.052,38.6542],[15.0458,38.6442],[15.0433,38.6292],[15.0458,38.6207],[15.0542,38.616],[15.0625,38.6139],[15.0687,38.6138],[15.0958,38.6178],[15.1024,38.6146],[15.1054,38.6104],[15.1041,38.6],[15.1064,38.5958],[15.1125,38.5919],[15.1198,38.5938],[15.1274,38.6021],[15.1236,38.6083],[15.1238,38.6125],[15.127,38.6187],[15.1273,38.6229],[15.1191,38.6333],[15.119,38.6375],[15.1225,38.6458],[15.1208,38.6495],[15.1133,38.6542],[15.1137,38.6604]]]}},{"type":"Feature","properties":{"depth":-100},"geometry":{"type":"MultiLineString","coordinates":[[[13.2021,38.7085],[13.2027,38.7146],[13.1979,38.72],[13.1896,38.7231],[13.1833,38.7294],[13.1792,38.7314],[13.1729,38.7304],[13.1625,38.7252],[13.15,38.7137],[13.1425,38.7104],[13.1391,38.7062],[13.1397,38.7021],[13.1479,38.6923],[13.1521,38.6903],[13.157,38.6909]]]}},{"type":"Feature","properties":{"depth":-100},"geometry":{"type":"MultiLineString","coordinates":[[[15.1936,38.7977],[15.1875,38.7963],[15.1849,38.7917],[15.1852,38.7875],[15.1917,38.7781],[15.1966,38.775],[15.2042,38.7729],[15.2101,38.7729]]]}},{"type":"Feature","properties":{"depth":-100},"geometry":{"type":"MultiLineString","coordinates":[[[15.2429,38.7992],[15.2479,38.8021],[15.2583,38.8125],[15.2593,38.8167],[15.2542,38.8208],[15.25,38.8208],[15.2438,38.8179],[15.2354,38.8123],[15.2238,38.8116]]]}},{"type":"Feature","properties":{"depth":-100},"geometry":{"type":"MultiLineString","coordinates":[[[14.7657,40.2375],[14.7708,40.233],[14.7875,40.2306],[14.7979,40.2276],[14.8168,40.225],[14.8245,40.2188],[14.8292,40.2165],[14.8396,40.2145],[14.8583,40.2136],[14.8667,40.2125],[14.8854,40.2084],[14.9021,40.2004],[14.9146,40.1908],[14.9229,40.1864],[14.9333,40.1873],[14.9448,40.1854],[14.9667,40.1792],[14.9792,40.1718],[14.9854,40.1663],[14.9949,40.1562],[15.0021,40.1514],[15.016,40.1458],[15.0222,40.1417],[15.029,40.1313],[15.0375,40.1272],[15.0422,40.1208],[15.0443,40.1146],[15.0499,40.1021],[15.0583,40.0978],[15.0625,40.0973],[15.0687,40.1017],[15.0729,40.1018],[15.0833,40.0988],[15.0917,40.0986],[15.1167,40.1005],[15.1304,40.1],[15.1439,40.0979],[15.1583,40.0935],[15.1751,40.0854],[15.1854,40.0763],[15.1917,40.0731],[15.2078,40.0604],[15.2136,40.0542],[15.2229,40.0421],[15.2292,40.0361],[15.2376,40.025],[15.2452,40.0104],[15.252,40.0042],[15.2583,39.9969],[15.2689,39.9917],[15.275,39.9866],[15.2896,39.9796],[15.2958,39.9742],[15.3077,39.9583],[15.3173,39.9521],[15.3252,39.9458],[15.3333,39.9425],[15.3438,39.9413],[15.3583,39.9429],[15.3667,39.9452],[15.3792,39.9472],[15.3958,39.9567],[15.4021,39.9614],[15.41,39.9646],[15.4095,39.9708],[15.4113,39.975],[15.4167,39.9806],[15.4208,39.9828],[15.4359,39.9854],[15.4396,39.9883],[15.4458,39.9971],[15.4563,40.0001],[15.4643,40.0042],[15.4792,40.0159],[15.5042,40.0247],[15.5188,40.0327],[15.5229,40.0343],[15.5312,40.0338],[15.5396,40.0309],[15.55,40.0303],[15.575,40.0321],[15.6,40.0324],[15.6167,40.0286],[15.6354,40.0182],[15.6479,40.0098],[15.6608,39.9958],[15.6667,39.9916],[15.6896,39.9869],[15.6944,39.9833],[15.7054,39.9646],[15.708,39.9562],[15.7111,39.9521],[15.7188,39.9479],[15.722,39.9438],[15.7266,39.9333],[15.7324,39.9229],[15.7423,39.9083],[15.7479,39.8977],[15.7567,39.8875],[15.7608,39.875],[15.7598,39.8708],[15.7528,39.8542],[15.7434,39.8438],[15.7439,39.8312],[15.7408,39.825],[15.7427,39.8188],[15.7476,39.8104],[15.7466,39.8062],[15.7375,39.8016],[15.7363,39.7979],[15.7369,39.7854],[15.7396,39.7821],[15.7479,39.7774],[15.7542,39.7754],[15.758,39.7708],[15.7612,39.7625],[15.768,39.7396],[15.7722,39.7229],[15.7736,39.7146],[15.7757,39.6812],[15.7787,39.6521],[15.7805,39.6229],[15.7819,39.6146],[15.7891,39.6],[15.7927,39.5958],[15.8068,39.5833],[15.8187,39.5706],[15.8292,39.5562],[15.8348,39.5458],[15.8438,39.5345],[15.8596,39.5187],[15.8645,39.5146],[15.8751,39.5083],[15.8875,39.5025],[15.8958,39.4963],[15.9003,39.4917],[15.9096,39.4771],[15.919,39.4583],[15.9235,39.4542],[15.9313,39.4503],[15.9349,39.4458],[15.9375,39.4374],[15.9441,39.4312],[15.9515,39.4208],[15.955,39.4125],[15.9655,39.4021],[15.9761,39.3854],[15.9799,39.3813],[15.9831,39.375],[15.9858,39.3646],[15.9909,39.3542],[15.9934,39.3458],[15.9931,39.3354],[15.9942,39.3312],[16.0,39.3233],[16.0065,39.3188],[16.0105,39.3125],[16.0208,39.2871],[16.0251,39.2729],[16.0293,39.2521],[16.0318,39.2333],[16.0335,39.2125],[16.0336,39.1896],[16.0365,39.1771],[16.0356,39.1667],[16.0365,39.1583],[16.035,39.1333],[16.0312,39.1239],[16.0299,39.1167],[16.0326,39.1042],[16.04,39.0958],[16.0435,39.0896],[16.0456,39.0812],[16.0465,39.0646],[16.0455,39.0479],[16.0491,39.0417],[16.0507,39.0333],[16.0562,39.0243],[16.0635,39.0146],[16.0714,39.0021],[16.0714,38.9958],[16.075,38.989],[16.0813,38.9858],[16.085,38.9792],[16.0876,38.9708],[16.0891,38.95],[16.0945,38.9333],[16.0919,38.9292],[16.1,38.9264],[16.1146,38.9172],[16.127,38.9104],[16.133,38.9],[16.1417,38.8957],[16.1471,38.8917],[16.151,38.8854],[16.1553,38.875],[16.1625,38.8653],[16.1709,38.8479],[16.1731,38.8396],[16.1738,38.8292],[16.1731,38.8104],[16.1742,38.8],[16.1708,38.79],[16.1658,38.7854],[16.1615,38.7771],[16.1561,38.7708],[16.1438,38.7618],[16.133,38.7563],[16.125,38.7508],[16.1146,38.7465],[16.0958,38.7357],[16.0833,38.7341],[16.0729,38.736],[16.0542,38.7412],[16.0437,38.7417],[16.0354,38.7437],[16.0271,38.749],[16.0208,38.7487],[16.0125,38.7448],[15.9979,38.7395],[15.9833,38.7325],[15.9726,38.7292],[15.9542,38.7148],[15.9479,38.7109],[15.9375,38.711],[15.9062,38.7042],[15.8958,38.7002],[15.8832,38.6979],[15.8708,38.6936],[15.8625,38.6914],[15.8411,38.6833],[15.8251,38.675],[15.8115,38.6646],[15.8077,38.6604],[15.8065,38.6562],[15.8054,38.625],[15.8067,38.6229],[15.8146,38.6197],[15.8222,38.6146],[15.8375,38.6079],[15.8438,38.6019],[15.852,38.5979],[15.8552,38.5917],[15.8657,38.5812],[15.8708,38.5729],[15.8792,38.5644],[15.8886,38.5583],[15.9004,38.5479],[15.9042,38.5417],[15.9048,38.5333],[15.9018,38.525],[15.9024,38.5104],[15.9,38.5051],[15.893,38.4979],[15.8919,38.4896],[15.8864,38.4792],[15.8777,38.4708],[15.8771,38.4667],[15.8798,38.4625],[15.8901,38.4562],[15.8895,38.4521],[15.8833,38.4462],[15.8792,38.4452],[15.8708,38.4476],[15.8625,38.4464],[15.8585,38.4438],[15.8561,38.4271],[15.8496,38.4229],[15.8455,38.4167],[15.8354,38.4054],[15.8331,38.4],[15.8333,38.3935],[15.8396,38.3891],[15.8416,38.3854],[15.8408,38.3729],[15.8374,38.3645]]]}},{"type":"Feature","properties":{"depth":-50},"geometry":{"type":"MultiLineString","coordinates":[[[12.0756,37.9854],[12.0753,37.9896],[12.0711,37.9979],[12.0667,38.0007],[12.0583,38.0026],[12.0479,38.0038],[12.0396,38.0095],[12.0333,38.0085],[12.0271,38.0042],[12.0199,37.9917],[12.0197,37.9854]]]}},{"type":"Feature","properties":{"depth":-50},"geometry":{"type":"MultiLineString","coordinates":[[[16.1468,37.9854],[16.1493,37.9937],[16.1567,38.0063],[16.1646,38.0223],[16.1687,38.0328],[16.1736,38.0521],[16.1787,38.0646],[16.1849,38.0917],[16.1852,38.1],[16.1827,38.1042],[16.1687,38.1092],[16.1663,38.1146],[16.1686,38.1208],[16.1639,38.1306]]]}},{"type":"Feature","properties":{"depth":-50},"geometry":{"type":"MultiLineString","coordinates":[[[15.4792,38.0564],[15.4908,38.0646],[15.498,38.0729],[15.5033,38.0867]]]}},{"type":"Feature","properties":{"depth":-50},"geometry":{"type":"MultiLineString","coordinates":[[[13.5074,38.1199],[13.5004,38.1187],[13.4918,38.1146],[13.475,38.1103],[13.4667,38.1095],[13.4563,38.1101],[13.4354,38.1094],[13.4208,38.111],[13.4104,38.1133],[13.3979,38.1181],[13.3896,38.1228],[13.3833,38.1281],[13.3812,38.1316],[13.3797,38.1417],[13.3835,38.1521],[13.3749,38.1729],[13.3733,38.1854],[13.3703,38.1938],[13.3694,38.2],[13.3667,38.2058],[13.3603,38.2125],[13.3591,38.2167],[13.3611,38.2271],[13.3605,38.2292],[13.353,38.2313],[13.3333,38.2319],[13.3229,38.2339],[13.3104,38.2332],[13.2937,38.2289],[13.2872,38.225],[13.2792,38.2182],[13.2604,38.2126],[13.2542,38.2122],[13.2396,38.2133],[13.2333,38.2125],[13.2299,38.2104],[13.2229,38.2031],[13.2125,38.1985],[13.2063,38.1977],[13.1937,38.1985],[13.1878,38.2],[13.175,38.2015],[13.1625,38.2077],[13.15,38.2085],[13.1333,38.2114],[13.1146,38.212],[13.0949,38.2104],[13.0753,38.2062],[13.0669,38.2021],[13.0625,38.1972],[13.0563,38.1962],[13.0542,38.1917],[13.0563,38.1868],[13.0604,38.1847],[13.0624,38.1812],[13.063,38.1729],[13.0605,38.1625],[13.0616,38.1562],[13.0604,38.1471],[13.0583,38.1438],[13.0521,38.1394],[13.0486,38.1313],[13.0479,38.1208],[13.0459,38.1125],[13.0411,38.1042],[13.0348,38.0979],[13.0231,38.0896],[13.0126,38.0833],[12.9854,38.0691],[12.9688,38.062],[12.95,38.0553],[12.9375,38.0528],[12.9187,38.0514],[12.9042,38.0508],[12.8917,38.0511],[12.8833,38.0522],[12.8771,38.0542],[12.8667,38.0597],[12.8583,38.0614],[12.8518,38.0646],[12.8417,38.073],[12.8354,38.0753],[12.8278,38.0812],[12.8167,38.0873],[12.8067,38.0979],[12.7979,38.1032]]]}},{"type":"Feature","properties":{"depth":-50},"geometry":{"type":"MultiLineString","coordinates":[[[12.7688,38.1791],[12.7669,38.1917],[12.7643,38.1938],[12.7479,38.1983],[12.7419,38.2021],[12.7354,38.2035],[12.7285,38.2021],[12.7258,38.1938],[12.7147,38.1812],[12.7127,38.1771],[12.7132,38.1729],[12.7198,38.1604],[12.7227,38.1521],[12.7229,38.1479],[12.7208,38.1406],[12.7125,38.1316],[12.7063,38.1268],[12.6979,38.1228],[12.6917,38.1222],[12.675,38.1239],[12.6687,38.1236],[12.6542,38.1186],[12.65,38.1145],[12.6417,38.1032],[12.6375,38.0997],[12.6292,38.0979],[12.6146,38.0981],[12.6021,38.099],[12.5958,38.0973],[12.5833,38.0908],[12.5667,38.0876],[12.5479,38.0742],[12.5437,38.0722],[12.5354,38.0733],[12.5271,38.0715],[12.5207,38.0688],[12.5125,38.0606],[12.5062,38.0583],[12.5,38.058],[12.4875,38.0525],[12.4792,38.055],[12.4708,38.0634],[12.4667,38.0653],[12.4625,38.0644],[12.4563,38.0592],[12.4385,38.0479],[12.4372,38.0438],[12.4384,38.0354],[12.4333,38.0258],[12.425,38.0176],[12.4167,38.0125],[12.4062,38.008],[12.3854,37.9965],[12.3812,37.9953],[12.3771,37.9966],[12.3666,38.0104],[12.3649,38.0229],[12.3562,38.0218],[12.3438,38.0272],[12.3354,38.0297],[12.3271,38.0293],[12.3187,38.0258],[12.3056,38.0167],[12.3018,38.0104],[12.3007,38.0063],[12.3011,37.9979],[12.3042,37.9854]]]}},{"type":"Feature","properties":{"depth":-50},"geometry":{"type":"MultiLineString","coordinates":[[[15.2125,38.1873],[15.2042,38.1823],[15.1958,38.1819],[15.1917,38.1795],[15.1833,38.1719],[15.1781,38.1604],[15.1708,38.155],[15.1583,38.1566],[15.1438,38.1518],[15.125,38.15],[15.1146,38.1459],[15.1062,38.1403],[15.0979,38.1369],[15.0896,38.137],[15.0813,38.1398],[15.0771,38.1426],[15.0667,38.1518],[15.0563,38.1571],[15.0396,38.1608],[15.0354,38.161],[15.0146,38.1584],[15.0042,38.1599],[14.9938,38.1641],[14.9833,38.165],[14.9729,38.1668],[14.9688,38.1685],[14.9595,38.175],[14.9475,38.1854],[14.9435,38.1875],[14.9313,38.1904],[14.9212,38.1958],[14.9146,38.1959],[14.9104,38.1941],[14.9021,38.1933],[14.8958,38.19],[14.8937,38.1854],[14.8935,38.1792],[14.8896,38.1734],[14.8854,38.1741],[14.875,38.1794],[14.8646,38.179],[14.8521,38.1804],[14.8479,38.1798],[14.8375,38.174],[14.8104,38.1751],[14.8042,38.1741],[14.7937,38.1757],[14.7812,38.1803],[14.7729,38.181],[14.7608,38.1792],[14.7477,38.175],[14.7358,38.1688],[14.7312,38.1642],[14.7269,38.1562],[14.7229,38.1521],[14.7125,38.1497],[14.7063,38.1458],[14.6875,38.1305],[14.6687,38.1178],[14.6438,38.1046],[14.6312,38.0995],[14.6083,38.0931],[14.5729,38.0862],[14.5521,38.0814],[14.5417,38.0772],[14.5375,38.0769],[14.5062,38.0705],[14.4854,38.0679],[14.475,38.0671],[14.4646,38.0646],[14.4542,38.0656],[14.4417,38.0643],[14.4333,38.0609],[14.4208,38.0608],[14.3917,38.0516],[14.3667,38.0459],[14.3375,38.0423],[14.3229,38.0388],[14.3125,38.037],[14.2854,38.0344],[14.2458,38.0322],[14.2375,38.0322],[14.2188,38.0345],[14.2104,38.0343],[14.1958,38.0391],[14.175,38.0405],[14.1438,38.0386],[14.1312,38.0362],[14.1188,38.0349],[14.1083,38.0353],[14.0917,38.0386],[14.0687,38.0417],[14.0583,38.0448],[14.0437,38.0507],[14.0375,38.0523],[14.025,38.0534],[14.0,38.0532],[13.9708,38.0506],[13.9563,38.0475],[13.9458,38.0444],[13.9375,38.0435],[13.9208,38.0386],[13.8917,38.0288],[13.8708,38.0225],[13.8562,38.0211],[13.8479,38.0175],[13.8417,38.0159],[13.8167,38.0115],[13.8042,38.01],[13.7875,38.0102],[13.7771,38.0118],[13.7646,38.0127],[13.75,38.0151],[13.725,38.0206],[13.7021,38.0246],[13.6792,38.0263],[13.6687,38.0289],[13.6458,38.0311],[13.6312,38.0335],[13.6188,38.0371],[13.5958,38.0461],[13.5792,38.0542],[13.5677,38.0646],[13.5555,38.0792],[13.5539,38.0854],[13.5541,38.0917],[13.5576,38.0979],[13.5566,38.1021],[13.5479,38.1111],[13.5398,38.1167],[13.5354,38.1177],[13.5098,38.1194]]]}},{"type":"Feature","properties":{"depth":-50},"geometry":{"type":"MultiLineString","coordinates":[[[15.564,38.2068],[15.5663,38.2125],[15.5762,38.2292],[15.5829,38.2375],[15.5973,38.25]]]}},{"type":"Feature","properties":{"depth":-50},"geometry":{"type":"MultiLineString","coordinates":[[[15.6354,38.2304],[15.6271,38.2285],[15.6257,38.2208],[15.6306,38.2062],[15.6333,38.1912]]]}},{"type":"Feature","properties":{"depth":-50},"geometry":{"type":"MultiLineString","coordinates":[[[15.252,38.2543],[15.2509,38.2604],[15.2459,38.2729],[15.2417,38.2768],[15.2293,38.275],[15.225,38.2732],[15.2239,38.2687],[15.2319,38.2479],[15.2309,38.2313],[15.2287,38.225],[15.2288,38.2122]]]}},{"type":"Feature","properties":{"depth":-50},"geometry":{"type":"MultiLineString","coordinates":[[[15.6457,38.2729],[15.6417,38.2768],[15.6188,38.2811],[15.6104,38.2837],[15.6042,38.2871],[15.5938,38.2959],[15.5866,38.3042],[15.5771,38.3115],[15.5667,38.3158],[15.5467,38.3188],[15.5312,38.3254],[15.5229,38.324],[15.517,38.3208],[15.5,38.3085],[15.4875,38.2986],[15.467,38.2812],[15.4505,38.2687],[15.4354,38.2583],[15.4229,38.2507],[15.4104,38.2461],[15.3917,38.2422],[15.3781,38.2375],[15.3509,38.2313],[15.3375,38.2288],[15.325,38.2235],[15.3021,38.215],[15.2958,38.2139],[15.2854,38.2138],[15.2708,38.2145],[15.2604,38.2166],[15.2521,38.2208],[15.2479,38.225],[15.2472,38.2285]]]}},{"type":"Feature","properties":{"depth":-50},"geometry":{"type":"MultiLineString","coordinates":[[[15.8167,38.3007],[15.8083,38.293],[15.8021,38.2905],[15.7937,38.2814],[15.7812,38.276],[15.775,38.2749],[15.7652,38.2708],[15.75,38.2634],[15.7292,38.2574],[15.7165,38.2564]]]}},{"type":"Feature","properties":{"depth":-50},"geometry":{"type":"MultiLineString","coordinates":[[[15.8964,38.4485],[15.8896,38.4455],[15.8854,38.4406],[15.8772,38.4354],[15.8719,38.4292],[15.8657,38.4188],[15.8566,38.4],[15.8552,38.3896],[15.8501,38.3792],[15.8408,38.3646]]]}},{"type":"Feature","properties":{"depth":-50},"geometry":{"type":"MultiLineString","coordinates":[[[14.9365,38.4531],[14.9417,38.4416],[14.9479,38.4385],[14.9537,38.4333],[14.9537,38.4287]]]}},{"type":"Feature","properties":{"depth":-50},"geometry":{"type":"MultiLineString","coordinates":[[[14.9439,38.5208],[14.9396,38.5239],[14.9292,38.5271],[14.9229,38.5271],[14.9104,38.5214],[14.9057,38.5167],[14.9,38.5084],[14.8963,38.4937],[14.8937,38.4875],[14.8936,38.4833],[14.8964,38.475],[14.9083,38.4644],[14.9146,38.46],[14.9229,38.4574],[14.9292,38.457],[14.9354,38.4547]]]}},{"type":"Feature","properties":{"depth":-50},"geometry":{"type":"MultiLineString","coordinates":[[[14.361,38.5542],[14.3562,38.5562],[14.3506,38.5562],[14.3423,38.5542],[14.3353,38.5479],[14.3352,38.5417],[14.3402,38.5348]]]}},{"type":"Feature","properties":{"depth":-50},"geometry":{"type":"MultiLineString","coordinates":[[[14.8739,38.5678],[14.875,38.5812],[14.8707,38.5854],[14.8604,38.5888],[14.8521,38.5885],[14.8438,38.5859],[14.8239,38.5833]]]}},{"type":"Feature","properties":{"depth":-50},"geometry":{"type":"MultiLineString","coordinates":[[[14.5806,38.5777],[14.5771,38.5823],[14.5667,38.5847],[14.5583,38.5892],[14.5521,38.5902],[14.5437,38.5885],[14.5333,38.5822],[14.525,38.5823],[14.5312,38.5806],[14.5407,38.5708],[14.5458,38.5673]]]}},{"type":"Feature","properties":{"depth":-50},"geometry":{"type":"MultiLineString","coordinates":[[[14.8152,38.584],[14.8104,38.5857],[14.7977,38.5833],[14.7934,38.5792],[14.7914,38.5708],[14.7967,38.5633]]]}},{"type":"Feature","properties":{"depth":-50},"geometry":{"type":"MultiLineString","coordinates":[[[15.8401,38.6104],[15.8438,38.607],[15.8542,38.6016],[15.8603,38.5938],[15.8708,38.5866],[15.88,38.575],[15.8958,38.5621],[15.9083,38.5541],[15.9187,38.5485],[15.9237,38.5417],[15.9227,38.5312],[15.9131,38.5125],[15.911,38.5042],[15.9097,38.4937],[15.9061,38.4771],[15.8995,38.4604],[15.9,38.4541]]]}},{"type":"Feature","properties":{"depth":-50},"geometry":{"type":"MultiLineString","coordinates":[[[15.0584,38.6229],[15.0646,38.6223],[15.0833,38.6245],[15.0917,38.6313],[15.0958,38.6326],[15.1062,38.6316],[15.1104,38.6328],[15.1145,38.6376]]]}},{"type":"Feature","properties":{"depth":-50},"geometry":{"type":"MultiLineString","coordinates":[[[15.0575,38.6388],[15.0542,38.6429],[15.0521,38.6406],[15.0502,38.6292],[15.0583,38.6229]]]}},{"type":"Feature","properties":{"depth":-50},"geometry":{"type":"MultiLineString","coordinates":[[[15.1153,38.6409],[15.1149,38.6437],[15.1062,38.6459],[15.0979,38.6449],[15.0917,38.6422],[15.0854,38.6482],[15.0792,38.651],[15.0687,38.6508],[15.0629,38.6479],[15.0666,38.6457]]]}},{"type":"Feature","properties":{"depth":-50},"geometry":{"type":"MultiLineString","coordinates":[[[13.1843,38.7199],[13.1813,38.7229],[13.1687,38.7216],[13.1579,38.7167],[13.1548,38.7125],[13.1551,38.7062],[13.1571,38.7029]]]}},{"type":"Feature","properties":{"depth":-50},"geometry":{"type":"MultiLineString","coordinates":[[[15.273,40.0208],[15.2833,40.0123],[15.2958,40.006],[15.3104,40.0015],[15.3208,39.9961],[15.3354,39.992],[15.3458,39.9864],[15.3521,39.9853],[15.3625,39.9851],[15.3833,39.9866],[15.3896,39.9876],[15.4083,39.9866],[15.4167,39.9875],[15.4229,39.9896],[15.4332,40.0],[15.4397,40.0104],[15.4463,40.0146],[15.4542,40.0222],[15.4792,40.0308],[15.4979,40.0386],[15.5188,40.0448],[15.5292,40.0487],[15.5542,40.0608],[15.5625,40.0626],[15.5708,40.0629],[15.5896,40.0615],[15.6042,40.0567],[15.6126,40.0521],[15.6271,40.0472],[15.6396,40.0411],[15.6457,40.0397]]]}},{"type":"Feature","properties":{"depth":-50},"geometry":{"type":"MultiLineString","coordinates":[[[15.6521,40.0375],[15.6559,40.0333],[15.6679,40.0229],[15.6708,40.0167],[15.6733,40.0063],[15.6762,40.0021],[15.699,39.9854],[15.7054,39.9771],[15.7163,39.9562],[15.7208,39.9517],[15.7259,39.9438],[15.7292,39.9356],[15.7387,39.9208],[15.7418,39.9146],[15.75,39.9024],[15.758,39.8958],[15.7641,39.8792],[15.7646,39.875],[15.7633,39.8667],[15.7678,39.8583],[15.7645,39.85],[15.7579,39.8438],[15.7561,39.8396],[15.7553,39.8271],[15.7559,39.8208],[15.7604,39.8021],[15.7677,39.7854],[15.7707,39.7729],[15.7828,39.7417],[15.7849,39.7313],[15.7876,39.7104],[15.7906,39.6979],[15.7928,39.6833],[15.7965,39.6688],[15.7973,39.6604],[15.7976,39.6396],[15.7985,39.6292],[15.8071,39.6125],[15.8057,39.6063],[15.808,39.6021],[15.8162,39.5958],[15.825,39.591],[15.8285,39.5875],[15.8438,39.5678],[15.8577,39.5479],[15.8615,39.5438],[15.8729,39.5342],[15.8979,39.5192],[15.9055,39.5125],[15.9171,39.5042],[15.9229,39.4979],[15.9372,39.4771],[15.9463,39.4667],[15.9579,39.4521],[15.9699,39.4396],[15.9859,39.4167],[15.9966,39.3958],[16.002,39.3833],[16.0096,39.3687],[16.0158,39.3542],[16.0229,39.3338],[16.0325,39.3],[16.0375,39.2873],[16.0417,39.2709],[16.0439,39.2542],[16.0452,39.225],[16.047,39.2021],[16.0481,39.1812],[16.0477,39.1625],[16.0482,39.1437],[16.0501,39.1313],[16.0604,39.1043],[16.0643,39.0896],[16.0677,39.0729],[16.0721,39.0562],[16.0733,39.0438],[16.0754,39.0354],[16.0804,39.0271],[16.0954,39.0125],[16.1061,39.0],[16.1122,38.9896],[16.1198,38.9667],[16.1207,38.9604],[16.1236,38.9542],[16.1396,38.9401],[16.1563,38.9292],[16.1615,38.925],[16.1674,38.9125],[16.1758,38.9021],[16.1816,38.8917],[16.1911,38.8708],[16.1966,38.8542],[16.1981,38.8438],[16.1974,38.8292],[16.1924,38.8042],[16.1866,38.7896],[16.1778,38.7729],[16.1668,38.7583],[16.1589,38.75],[16.1479,38.7413],[16.139,38.7375],[16.1208,38.7352],[16.1086,38.7271],[16.1,38.7239],[16.0938,38.7231],[16.0854,38.7236],[16.0771,38.726],[16.0625,38.7332],[16.05,38.7357],[16.0312,38.736],[16.0208,38.7373],[16.0042,38.7357],[15.9917,38.7308],[15.9784,38.7271],[15.9708,38.7219],[15.9582,38.7083],[15.9479,38.7016],[15.9375,38.7007],[15.9229,38.6972],[15.9125,38.6926],[15.9042,38.6905],[15.8896,38.6907],[15.8812,38.6874],[15.8708,38.685],[15.8542,38.6774],[15.8417,38.6708],[15.8279,38.6604],[15.8239,38.6562],[15.8208,38.6479],[15.8212,38.6417],[15.8272,38.6333],[15.8277,38.6292],[15.8228,38.6208],[15.8242,38.6167],[15.8385,38.6115]]]}},{"type":"Feature","properties":{"depth":-50},"geometry":{"type":"MultiLineString","coordinates":[[[14.8161,40.2375],[14.8396,40.2279],[14.8438,40.2271],[14.8562,40.2314],[14.8688,40.2329],[14.8729,40.2323],[14.8833,40.2279],[14.8979,40.2246],[14.9131,40.2167],[14.9271,40.2067],[14.9354,40.2054],[14.9437,40.2075],[14.9563,40.2069],[14.9667,40.2033],[14.9771,40.1958],[14.9917,40.1877],[15.0009,40.1792],[15.0092,40.1667],[15.0146,40.163],[15.0208,40.1609],[15.0437,40.1503],[15.0521,40.1479],[15.0583,40.138],[15.0625,40.1344],[15.0667,40.1342],[15.0771,40.1411],[15.0833,40.1416],[15.1042,40.1386],[15.1375,40.1316],[15.1542,40.1259],[15.1795,40.1125],[15.1875,40.1077],[15.2063,40.0944],[15.2112,40.0896],[15.2147,40.0833],[15.2208,40.0774],[15.2271,40.0766],[15.2354,40.0739],[15.2521,40.0667],[15.2583,40.0618],[15.2625,40.0563],[15.2666,40.0479],[15.2673,40.0396],[15.2669,40.0294]]]}},{"type":"Feature","properties":{"depth":-20},"geometry":{"type":"MultiLineString","coordinates":[[[12.3595,37.9854],[12.3624,37.9937],[12.3612,37.9979],[12.3562,38.0068],[12.3477,38.0167],[12.3399,38.0229],[12.3333,38.0243],[12.3254,38.0208],[12.3161,38.0125],[12.3124,38.0042],[12.313,37.9937],[12.3157,37.9854]]]}},{"type":"Feature","properties":{"depth":-20},"geometry":{"type":"MultiLineString","coordinates":[[[12.443,37.9854],[12.4427,37.9896],[12.4375,37.998],[12.4333,38.0005],[12.4167,38.0001],[12.4083,37.9973],[12.4042,37.9937],[12.4047,37.9896],[12.4088,37.9854]]]}},{"type":"Feature","properties":{"depth":-20},"geometry":{"type":"MultiLineString","coordinates":[[[16.1304,37.9854],[16.1323,37.9958],[16.1407,38.0042],[16.1457,38.0125],[16.1527,38.0271],[16.1553,38.0354],[16.1635,38.0688],[16.1681,38.0854],[16.1699,38.0958],[16.1687,38.1],[16.1621,38.1083],[16.1612,38.1133]]]}},{"type":"Feature","properties":{"depth":-20},"geometry":{"type":"MultiLineString","coordinates":[[[12.0631,37.9937],[12.05,37.9955],[12.0396,37.9949],[12.037,37.9937]]]}},{"type":"Feature","properties":{"depth":-20},"geometry":{"type":"MultiLineString","coordinates":[[[13.5062,38.1147],[13.4938,38.109],[13.4792,38.105],[13.4667,38.1024],[13.45,38.1014],[13.4313,38.1018],[13.4104,38.1055],[13.3938,38.1111],[13.3854,38.1169],[13.3776,38.1292],[13.3756,38.1375],[13.3746,38.1479]]]}},{"type":"Feature","properties":{"depth":-20},"geometry":{"type":"MultiLineString","coordinates":[[[13.0552,38.1323],[13.0552,38.1292],[13.0596,38.1125],[13.0599,38.1083],[13.0561,38.0958],[13.0539,38.0917],[13.0437,38.0822],[13.0292,38.0761],[13.0125,38.0681],[13.0021,38.0656],[12.9968,38.0625],[12.9854,38.0539],[12.9729,38.0487],[12.9625,38.0453],[12.9437,38.0404],[12.9333,38.0386],[12.9104,38.0364],[12.9,38.0369],[12.8917,38.0386],[12.8771,38.0431],[12.8704,38.0521],[12.8667,38.0543],[12.8583,38.056],[12.8479,38.0601],[12.8417,38.0645],[12.829,38.0708],[12.8244,38.0771],[12.8167,38.0823],[12.8063,38.0931]]]}},{"type":"Feature","properties":{"depth":-20},"geometry":{"type":"MultiLineString","coordinates":[[[16.1775,38.1442],[16.1875,38.1443],[16.1916,38.1458],[16.2021,38.1537]]]}},{"type":"Feature","properties":{"depth":-20},"geometry":{"type":"MultiLineString","coordinates":[[[15.1694,38.1506],[15.1604,38.1516],[15.1479,38.1466],[15.127,38.1417],[15.1188,38.1373],[15.1083,38.13],[15.0979,38.1268],[15.0854,38.1264],[15.0792,38.1287],[15.0706,38.1354],[15.0683,38.1417],[15.0646,38.1457],[15.0539,38.1521],[15.0458,38.154],[15.0333,38.1546],[15.0146,38.1524],[15.0083,38.1523],[14.9979,38.1555],[14.9928,38.1595]]]}},{"type":"Feature","properties":{"depth":-20},"geometry":{"type":"MultiLineString","coordinates":[[[12.7263,38.155],[12.7277,38.1417],[12.7265,38.1375],[12.7167,38.1237],[12.7063,38.1155],[12.6979,38.1127],[12.6937,38.1126],[12.6813,38.1159],[12.6729,38.1163],[12.6625,38.1146],[12.6583,38.1128],[12.6539,38.1083],[12.6496,38.0979],[12.6438,38.092],[12.6333,38.0854],[12.6292,38.0846],[12.6188,38.0856],[12.6104,38.0879],[12.6042,38.0879],[12.5917,38.0812],[12.5875,38.0799],[12.5771,38.0794],[12.5667,38.0766],[12.555,38.0688],[12.5479,38.0617],[12.5437,38.0594],[12.5396,38.0604],[12.5346,38.0667],[12.5292,38.0671],[12.5252,38.0646],[12.5227,38.0604],[12.5268,38.0521],[12.527,38.0479],[12.5146,38.0375],[12.5062,38.0339],[12.4979,38.0332],[12.4896,38.0314],[12.4854,38.0293],[12.4805,38.0229],[12.4814,38.0104],[12.4833,38.0068],[12.4815,38.0042],[12.4729,38.0034],[12.4646,37.9985],[12.4562,37.9896],[12.4536,37.9854]]]}},{"type":"Feature","properties":{"depth":-20},"geometry":{"type":"MultiLineString","coordinates":[[[14.9897,38.1603],[14.9833,38.1575],[14.9771,38.1578],[14.9646,38.1638],[14.9563,38.1698],[14.9376,38.1854],[14.9271,38.1887],[14.9187,38.1927],[14.9146,38.1922],[14.9062,38.1872],[14.9,38.1862],[14.897,38.1833],[14.8964,38.1776]]]}},{"type":"Feature","properties":{"depth":-20},"geometry":{"type":"MultiLineString","coordinates":[[[14.884,38.1708],[14.8771,38.1746],[14.8708,38.1751],[14.8583,38.1746],[14.8313,38.1676],[14.8104,38.1655],[14.8042,38.1658],[14.7937,38.1688],[14.7833,38.1696],[14.7688,38.1675],[14.7521,38.1701],[14.7458,38.1682],[14.7354,38.1602],[14.7294,38.1521],[14.7166,38.1437],[14.7043,38.1333],[14.6875,38.1181],[14.675,38.1076],[14.6646,38.1013],[14.6494,38.0938],[14.6375,38.087],[14.6208,38.0842],[14.5854,38.0717],[14.5625,38.0698],[14.5521,38.0674],[14.5333,38.0592],[14.5208,38.0548],[14.4896,38.0497],[14.4667,38.0469],[14.4583,38.0468],[14.4437,38.0495],[14.4229,38.0483],[14.4109,38.0438],[14.3958,38.0365],[14.3729,38.0295],[14.3646,38.0286],[14.3521,38.0294],[14.3396,38.0286],[14.3125,38.0211],[14.2917,38.0193],[14.2771,38.0214],[14.2583,38.0201],[14.2354,38.0199],[14.2063,38.0236],[14.1833,38.0286],[14.1687,38.0292],[14.15,38.0327],[14.1411,38.0312],[14.1354,38.0279],[14.1208,38.0245],[14.1083,38.0239],[14.0896,38.0281],[14.075,38.0281],[14.0667,38.0297],[14.05,38.0373],[14.0429,38.0438],[14.0375,38.0459],[14.0229,38.0465],[14.0167,38.0458],[14.0062,38.0426],[13.9958,38.0423],[13.9833,38.0403],[13.9729,38.0408],[13.9521,38.0376],[13.9431,38.0354],[13.9042,38.0187],[13.875,38.008],[13.8625,38.0048],[13.85,38.0006],[13.8313,37.9961],[13.8063,37.992],[13.7875,37.9943],[13.7729,37.9953],[13.7562,37.9995],[13.7333,38.0023],[13.7229,38.005],[13.7021,38.0082],[13.6646,38.0095],[13.65,38.0135],[13.6312,38.02],[13.6229,38.0249],[13.6125,38.0283],[13.6021,38.0339],[13.5938,38.0364],[13.573,38.0458],[13.5511,38.0646],[13.5467,38.0729],[13.5468,38.0958],[13.5453,38.1],[13.5387,38.1074]]]}},{"type":"Feature","properties":{"depth":-20},"geometry":{"type":"MultiLineString","coordinates":[[[15.2031,38.1781],[15.1979,38.1775],[15.1936,38.175],[15.1854,38.1667],[15.1836,38.1607]]]}},{"type":"Feature","properties":{"depth":-20},"geometry":{"type":"MultiLineString","coordinates":[[[12.7658,38.1804],[12.7604,38.1865],[12.7458,38.187],[12.7417,38.1889],[12.7375,38.1987],[12.7333,38.1986],[12.7256,38.1875]]]}},{"type":"Feature","properties":{"depth":-20},"geometry":{"type":"MultiLineString","coordinates":[[[13.368,38.1799],[13.3667,38.1861],[13.3583,38.1945],[13.3438,38.2007],[13.3374,38.2083],[13.3344,38.2167],[13.3271,38.2193],[13.3202,38.2235]]]}},{"type":"Feature","properties":{"depth":-20},"geometry":{"type":"MultiLineString","coordinates":[[[13.2346,38.2071],[13.2337,38.2],[13.2312,38.1937],[13.2271,38.1905],[13.2167,38.1859],[13.2083,38.1839],[13.2,38.1834],[13.1833,38.1837],[13.1792,38.1848],[13.1646,38.1936],[13.1562,38.1962],[13.1438,38.1957],[13.1312,38.1985],[13.1229,38.1995],[13.1104,38.1997],[13.1,38.1976],[13.0875,38.1927],[13.0813,38.1889],[13.075,38.1818],[13.0718,38.1729],[13.0712,38.1604],[13.0661,38.1437]]]}},{"type":"Feature","properties":{"depth":-20},"geometry":{"type":"MultiLineString","coordinates":[[[13.3139,38.2243],[13.2958,38.2213],[13.2875,38.2156],[13.2807,38.2125],[13.2729,38.2075],[13.2562,38.205],[13.2458,38.2065],[13.2396,38.2086]]]}},{"type":"Feature","properties":{"depth":-20},"geometry":{"type":"MultiLineString","coordinates":[[[15.2386,38.2437],[15.2369,38.2354],[15.2336,38.2253]]]}},{"type":"Feature","properties":{"depth":-20},"geometry":{"type":"MultiLineString","coordinates":[[[15.2476,38.2586],[15.2438,38.2687],[15.2396,38.2718],[15.2354,38.2709]]]}},{"type":"Feature","properties":{"depth":-20},"geometry":{"type":"MultiLineString","coordinates":[[[15.7745,38.2703],[15.7655,38.2667],[15.7521,38.2595],[15.7424,38.2563]]]}},{"type":"Feature","properties":{"depth":-20},"geometry":{"type":"MultiLineString","coordinates":[[[15.6417,38.2729],[15.6375,38.2742],[15.6167,38.2756],[15.6042,38.2803],[15.5979,38.2843],[15.5902,38.2917],[15.5792,38.3043],[15.5667,38.3104],[15.55,38.3118],[15.5312,38.3086],[15.5146,38.303],[15.5042,38.2977],[15.4709,38.275],[15.4458,38.2573],[15.4313,38.2493],[15.4187,38.244],[15.3896,38.2345],[15.3604,38.2259],[15.3313,38.2203],[15.3202,38.2167],[15.3063,38.211],[15.3,38.2095],[15.2771,38.2089],[15.2604,38.2106],[15.2576,38.2091]]]}},{"type":"Feature","properties":{"depth":-20},"geometry":{"type":"MultiLineString","coordinates":[[[15.8893,38.4372],[15.8833,38.4339],[15.8771,38.4281],[15.8688,38.4143],[15.8625,38.4009],[15.8614,38.3947]]]}},{"type":"Feature","properties":{"depth":-20},"geometry":{"type":"MultiLineString","coordinates":[[[15.9217,38.5521],[15.9257,38.5479],[15.9287,38.5396],[15.9277,38.5312],[15.9237,38.5208],[15.9165,38.5083],[15.9136,38.4886]]]}},{"type":"Feature","properties":{"depth":-20},"geometry":{"type":"MultiLineString","coordinates":[[[15.8768,38.5875],[15.8855,38.5771],[15.8961,38.5667],[15.9012,38.5634]]]}},{"type":"Feature","properties":{"depth":-20},"geometry":{"type":"MultiLineString","coordinates":[[[16.2021,38.794],[16.2,38.7917],[16.186,38.7667],[16.1752,38.7521],[16.1667,38.7453],[16.1562,38.739],[16.15,38.7334],[16.1438,38.7299],[16.1375,38.7283],[16.1271,38.7283],[16.1083,38.7192],[16.1,38.7179],[16.0896,38.7181],[16.0813,38.7199],[16.0708,38.7236],[16.0625,38.7288],[16.0562,38.7304],[16.0292,38.7314],[16.0188,38.7312],[16.0104,38.7295],[16.0,38.7291],[15.9799,38.7229],[15.9729,38.7185],[15.9583,38.7023],[15.95,38.6969],[15.9375,38.695],[15.9248,38.6917],[15.9125,38.687],[15.9042,38.6856],[15.8958,38.6854],[15.8854,38.68],[15.875,38.6794],[15.8688,38.6773],[15.8521,38.6691],[15.8458,38.6649],[15.8344,38.6542],[15.8311,38.65],[15.829,38.6396],[15.8307,38.6307]]]}},{"type":"Feature","properties":{"depth":-20},"geometry":{"type":"MultiLineString","coordinates":[[[15.735,39.9421],[15.7338,39.9396],[15.7381,39.9312],[15.7479,39.9146],[15.7542,39.9081],[15.7625,39.9047],[15.7679,39.9],[15.7688,39.8897],[15.7676,39.8833],[15.7678,39.8687],[15.7776,39.8625],[15.7786,39.8583],[15.7763,39.8542],[15.7661,39.8417],[15.7637,39.8354],[15.7647,39.8271],[15.7691,39.8146],[15.774,39.8062],[15.78,39.7875],[15.7826,39.775],[15.7951,39.7437],[15.7978,39.7292],[15.7979,39.7],[15.8,39.693],[15.8062,39.6833],[15.8087,39.6729],[15.8158,39.6562],[15.8221,39.6333],[15.8448,39.5958],[15.8593,39.5667],[15.866,39.5521],[15.8732,39.5438],[15.8858,39.5354],[15.9021,39.5282],[15.9106,39.5208],[15.9229,39.5134],[15.9285,39.5083],[15.9396,39.4937],[15.9541,39.4729],[15.9757,39.4521],[15.9865,39.4375],[15.9941,39.425],[16.0058,39.4],[16.0283,39.3479],[16.0329,39.3312],[16.0363,39.3167],[16.0396,39.3058],[16.0446,39.2938],[16.0478,39.2812],[16.0499,39.2687],[16.0527,39.2354],[16.054,39.2042],[16.0554,39.1917],[16.0567,39.1729],[16.0564,39.1583],[16.0583,39.1396],[16.0603,39.1313],[16.0654,39.1187],[16.0758,39.0854],[16.0848,39.05],[16.0915,39.0312],[16.0968,39.0229],[16.1089,39.0104],[16.1234,38.9917],[16.1306,38.9813],[16.1391,38.9646],[16.1432,38.9542],[16.15,38.9458],[16.1562,38.9422],[16.1667,38.939],[16.175,38.9344],[16.1834,38.9271],[16.2021,38.9096]]]}},{"type":"Feature","properties":{"depth":-20},"geometry":{"type":"MultiLineString","coordinates":[[[15.7154,39.9784],[15.7185,39.9688],[15.7229,39.9647],[15.7312,39.9607]]]}},{"type":"Feature","properties":{"depth":-20},"geometry":{"type":"MultiLineString","coordinates":[[[15.2932,40.0224],[15.3018,40.0187],[15.3086,40.0146],[15.3229,40.0093],[15.3479,39.9969],[15.3542,39.9931],[15.3583,39.9924],[15.3729,39.9953],[15.3861,39.9951]]]}},{"type":"Feature","properties":{"depth":-20},"geometry":{"type":"MultiLineString","coordinates":[[[15.4896,40.0454],[15.4938,40.0461],[15.5141,40.0521],[15.5263,40.0562],[15.5458,40.0653],[15.5521,40.0675],[15.5667,40.0695],[15.575,40.0695],[15.5938,40.0676],[15.6125,40.062],[15.6271,40.0543]]]}},{"type":"Feature","properties":{"depth":-20},"geometry":{"type":"MultiLineString","coordinates":[[[14.9054,40.2375],[14.9083,40.231],[14.9125,40.2271],[14.9187,40.2238],[14.9313,40.2198],[14.9479,40.2236],[14.9521,40.2228],[14.9667,40.2169],[14.9729,40.2161],[14.9812,40.2126],[14.9899,40.2062],[15.0054,40.1917],[15.0167,40.1779],[15.0215,40.1708],[15.0244,40.1688],[15.0367,40.1646],[15.05,40.1628],[15.0583,40.159],[15.0667,40.1574],[15.0833,40.1626],[15.1021,40.1624],[15.1062,40.1613],[15.1321,40.1479],[15.1479,40.1407],[15.1562,40.136],[15.1708,40.1251],[15.1771,40.1215],[15.1917,40.1192],[15.2,40.1163],[15.2063,40.1124],[15.2208,40.0982],[15.2312,40.0893],[15.25,40.0807],[15.2604,40.0719],[15.2672,40.0646],[15.2758,40.05],[15.2772,40.0417],[15.2744,40.0328]]]}},{"type":"Feature","properties":{"depth":-10},"geometry":{"type":"MultiLineString","coordinates":[[[12.4356,37.9854],[12.4361,37.9896],[12.4313,37.9943],[12.4167,37.9955],[12.4103,37.9937],[12.4092,37.9917],[12.4133,37.9854]]]}},{"type":"Feature","properties":{"depth":-10},"geometry":{"type":"MultiLineString","coordinates":[[[13.7679,37.9854],[13.7598,37.9917],[13.7542,37.9943],[13.7458,37.9937],[13.7375,37.9909],[13.7229,37.994],[13.7167,37.9933],[13.6937,37.9972],[13.6875,37.9975],[13.6771,38.0014],[13.6667,38.0027],[13.6562,38.0056],[13.6397,38.0125],[13.6292,38.0158],[13.6229,38.0211],[13.6125,38.0241],[13.6042,38.0292],[13.5938,38.0325],[13.5687,38.0433],[13.556,38.0542],[13.5449,38.0625],[13.542,38.0712]]]}},{"type":"Feature","properties":{"depth":-10},"geometry":{"type":"MultiLineString","coordinates":[[[16.1265,37.9854],[16.1301,37.9979],[16.1357,38.0042],[16.1417,38.0138],[16.1479,38.0257],[16.15,38.0313],[16.1525,38.0458],[16.1562,38.0583],[16.1591,38.0729],[16.1644,38.0938],[16.1644,38.0979],[16.1604,38.1051]]]}},{"type":"Feature","properties":{"depth":-10},"geometry":{"type":"MultiLineString","coordinates":[[[12.3521,37.9903],[12.3562,37.9905],[12.3578,37.9937],[12.3565,37.9979],[12.3481,38.0083],[12.3445,38.0146],[12.3375,38.0211],[12.3313,38.021],[12.3208,38.0117],[12.3166,38.0042],[12.3166,37.9958],[12.3206,37.9854]]]}},{"type":"Feature","properties":{"depth":-10},"geometry":{"type":"MultiLineString","coordinates":[[[12.4997,38.0059],[12.4958,37.9981],[12.4875,37.9943],[12.4792,37.9935],[12.4735,37.9896],[12.4711,37.9854]]]}},{"type":"Feature","properties":{"depth":-10},"geometry":{"type":"MultiLineString","coordinates":[[[14.1443,38.0297],[14.1375,38.0253],[14.1271,38.0217],[14.1125,38.0199],[14.1042,38.0204],[14.0917,38.0238],[14.0687,38.0242],[14.05,38.0325],[14.0458,38.0356],[14.0409,38.0417],[14.0354,38.0436],[14.0188,38.043],[14.0104,38.0391],[13.9979,38.0387],[13.9854,38.0359],[13.975,38.0369],[13.9667,38.0364],[13.9604,38.0345],[13.9479,38.0334],[13.9042,38.0136],[13.8792,38.0041],[13.8604,37.9995],[13.85,37.9948],[13.8354,37.9907],[13.817,37.9875],[13.8129,37.9854]]]}},{"type":"Feature","properties":{"depth":-10},"geometry":{"type":"MultiLineString","coordinates":[[[12.8509,38.0562],[12.8396,38.0628],[12.8292,38.0674],[12.8231,38.075],[12.8187,38.0785]]]}},{"type":"Feature","properties":{"depth":-10},"geometry":{"type":"MultiLineString","coordinates":[[[13.0376,38.073],[13.0271,38.0692],[13.0167,38.064],[13.0042,38.0625],[13.0,38.0604],[12.9896,38.0508],[12.975,38.0448],[12.9646,38.0412],[12.9458,38.0364],[12.9313,38.0336],[12.9104,38.0313],[12.8958,38.031],[12.8812,38.0351],[12.8775,38.035]]]}},{"type":"Feature","properties":{"depth":-10},"geometry":{"type":"MultiLineString","coordinates":[[[13.5424,38.0888],[13.5417,38.0971],[13.5359,38.1046]]]}},{"type":"Feature","properties":{"depth":-10},"geometry":{"type":"MultiLineString","coordinates":[[[13.462,38.0974],[13.4321,38.097]]]}},{"type":"Feature","properties":{"depth":-10},"geometry":{"type":"MultiLineString","coordinates":[[[13.418,38.0993],[13.3917,38.1089],[13.3854,38.1127],[13.3821,38.1167],[13.3764,38.1271],[13.3733,38.1399]]]}},{"type":"Feature","properties":{"depth":-10},"geometry":{"type":"MultiLineString","coordinates":[[[12.6562,38.1068],[12.6537,38.0958],[12.6502,38.0917],[12.6375,38.0815],[12.6271,38.0782],[12.6042,38.0784],[12.5896,38.0741],[12.5771,38.075],[12.5687,38.0729],[12.558,38.0667],[12.55,38.0579],[12.5375,38.0493],[12.5323,38.0438],[12.5233,38.0375],[12.5188,38.0308],[12.5125,38.025],[12.5062,38.0224],[12.4958,38.0231],[12.4896,38.0217],[12.487,38.0187],[12.4896,38.0127],[12.4977,38.0102]]]}},{"type":"Feature","properties":{"depth":-10},"geometry":{"type":"MultiLineString","coordinates":[[[13.4984,38.1067],[13.4875,38.1028],[13.4759,38.1]]]}},{"type":"Feature","properties":{"depth":-10},"geometry":{"type":"MultiLineString","coordinates":[[[13.0577,38.1298],[13.0635,38.1146],[13.0647,38.1083],[13.0624,38.0979],[13.0622,38.0896],[13.0589,38.0854],[13.0473,38.0771],[13.0408,38.0737]]]}},{"type":"Feature","properties":{"depth":-10},"geometry":{"type":"MultiLineString","coordinates":[[[16.1814,38.1459],[16.1889,38.1479],[16.1979,38.1558],[16.2021,38.1581]]]}},{"type":"Feature","properties":{"depth":-10},"geometry":{"type":"MultiLineString","coordinates":[[[15.163,38.1484],[15.1604,38.1482],[15.1458,38.1425],[15.1312,38.1392],[15.1229,38.1354],[15.1083,38.1266],[15.0938,38.1232],[15.0854,38.1233],[15.0771,38.1262],[15.065,38.1333],[15.065,38.14]]]}},{"type":"Feature","properties":{"depth":-10},"geometry":{"type":"MultiLineString","coordinates":[[[15.0055,38.15],[14.9979,38.1524],[14.9917,38.1573],[14.9854,38.1544],[14.975,38.1551],[14.9625,38.1621],[14.95,38.1719]]]}},{"type":"Feature","properties":{"depth":-10},"geometry":{"type":"MultiLineString","coordinates":[[[12.7291,38.1521],[12.7303,38.1437],[12.7285,38.1354],[12.7218,38.125],[12.7167,38.1195],[12.7063,38.1116],[12.6979,38.109],[12.6917,38.1094],[12.6804,38.1134]]]}},{"type":"Feature","properties":{"depth":-10},"geometry":{"type":"MultiLineString","coordinates":[[[14.8806,38.1702],[14.875,38.1716],[14.8549,38.1708],[14.8396,38.1661],[14.8292,38.1639],[14.8104,38.1616],[14.7979,38.1623],[14.7896,38.1619],[14.7771,38.1638],[14.7688,38.1629],[14.7625,38.1637],[14.7521,38.1672],[14.7479,38.1663],[14.7375,38.1586],[14.7309,38.15],[14.7186,38.1417],[14.6792,38.106],[14.6687,38.0988],[14.6543,38.0917],[14.6396,38.0821],[14.6354,38.081],[14.625,38.0812],[14.6181,38.0792],[14.5917,38.068],[14.5813,38.0655],[14.5625,38.0654],[14.551,38.0625],[14.5333,38.053],[14.525,38.0497],[14.5,38.0453],[14.4729,38.0411],[14.4583,38.0407],[14.4521,38.0417],[14.4458,38.0443],[14.4396,38.045],[14.4229,38.044],[14.4171,38.0417],[14.4,38.0324],[14.3771,38.0246],[14.3688,38.0226],[14.3625,38.0226],[14.3521,38.0241],[14.3355,38.0229],[14.3229,38.0181],[14.3125,38.0154],[14.2958,38.0139],[14.2875,38.0141],[14.2729,38.0171],[14.2583,38.0155],[14.2333,38.0156],[14.2,38.0204],[14.1902,38.0229],[14.1792,38.0248],[14.1708,38.0248],[14.1625,38.0263],[14.1491,38.0301]]]}},{"type":"Feature","properties":{"depth":-10},"geometry":{"type":"MultiLineString","coordinates":[[[12.7647,38.1793],[12.7604,38.1825],[12.7417,38.1822],[12.7371,38.1854],[12.7354,38.1896],[12.7309,38.1896]]]}},{"type":"Feature","properties":{"depth":-10},"geometry":{"type":"MultiLineString","coordinates":[[[13.2372,38.2062],[13.2368,38.1958],[13.2351,38.1917],[13.2292,38.1867],[13.2146,38.1808],[13.2083,38.1794],[13.1854,38.177],[13.1771,38.1782],[13.1729,38.1808],[13.1666,38.1875],[13.1625,38.1899],[13.1542,38.1917],[13.1438,38.191],[13.125,38.1956],[13.1125,38.1959],[13.1022,38.1938],[13.0854,38.1857],[13.0771,38.1776],[13.075,38.1729],[13.0747,38.1604],[13.0709,38.1501]]]}},{"type":"Feature","properties":{"depth":-10},"geometry":{"type":"MultiLineString","coordinates":[[[13.2948,38.2177],[13.2875,38.2128],[13.2818,38.2104],[13.2729,38.2048],[13.2604,38.2026],[13.2521,38.2025],[13.2462,38.2038]]]}},{"type":"Feature","properties":{"depth":-10},"geometry":{"type":"MultiLineString","coordinates":[[[15.5995,38.2792],[15.5878,38.2896],[15.5792,38.2998],[15.5688,38.3042],[15.5542,38.3059],[15.5396,38.3048],[15.5253,38.3021],[15.5144,38.2979],[15.5065,38.2938],[15.4837,38.2792],[15.4585,38.2625],[15.4417,38.251],[15.4333,38.2469],[15.4187,38.241],[15.4131,38.2396],[15.3917,38.232],[15.3729,38.2261],[15.3562,38.2216],[15.3313,38.2173],[15.3174,38.2125]]]}},{"type":"Feature","properties":{"depth":-10},"geometry":{"type":"MultiLineString","coordinates":[[[15.9852,38.7227],[15.9745,38.7167],[15.9637,38.7042],[15.9521,38.695],[15.9437,38.6923],[15.9354,38.6918],[15.9125,38.6845],[15.8938,38.6816],[15.8833,38.6764],[15.8708,38.6749],[15.85,38.664],[15.8354,38.6501],[15.8317,38.6396],[15.8323,38.6343]]]}},{"type":"Feature","properties":{"depth":-10},"geometry":{"type":"MultiLineString","coordinates":[[[16.0707,38.7208],[16.0583,38.7276],[16.0292,38.7289],[16.0167,38.7279],[16.0104,38.7263],[16.0008,38.7262]]]}},{"type":"Feature","properties":{"depth":-10},"geometry":{"type":"MultiLineString","coordinates":[[[16.2021,38.7883],[16.2,38.7857],[16.1926,38.7708],[16.1863,38.7604],[16.178,38.75],[16.1708,38.7443],[16.1587,38.7375],[16.1479,38.7285],[16.1396,38.7252],[16.1313,38.726],[16.1246,38.725],[16.1167,38.7196],[16.1083,38.7161],[16.1,38.7151],[16.0855,38.7165]]]}},{"type":"Feature","properties":{"depth":-10},"geometry":{"type":"MultiLineString","coordinates":[[[15.8009,39.697],[15.808,39.6896],[15.81,39.6854],[15.8127,39.6729],[15.8225,39.6604],[15.8246,39.6562],[15.8323,39.6313],[15.8342,39.6271],[15.8457,39.6083],[15.8514,39.5958],[15.8583,39.5788],[15.8634,39.5688],[15.8704,39.5521],[15.8778,39.5438],[15.8836,39.5396],[15.8917,39.5356],[15.9021,39.5322],[15.9062,39.5298],[15.9135,39.5229],[15.9251,39.5167],[15.9319,39.5104],[15.9446,39.4937],[15.9542,39.4784],[15.9583,39.4733],[15.9813,39.4521],[15.9901,39.4396],[15.9952,39.4312],[16.0097,39.4],[16.0195,39.3771],[16.0271,39.3578],[16.0317,39.3479],[16.0418,39.3083],[16.0493,39.2896],[16.0531,39.2708],[16.0542,39.2525],[16.0554,39.2437],[16.0559,39.225],[16.057,39.2167],[16.0575,39.2],[16.0587,39.1917],[16.0603,39.1708],[16.0602,39.1583],[16.062,39.1479],[16.0624,39.1375],[16.0646,39.1292],[16.072,39.1104],[16.075,39.0989],[16.0802,39.0833],[16.0876,39.0542],[16.0936,39.0354],[16.1,39.0237],[16.1075,39.0167],[16.1208,38.9997],[16.1262,38.9937],[16.1338,38.9833],[16.143,38.9667],[16.1475,38.9562],[16.1542,38.9477],[16.1625,38.9437],[16.1729,38.9404],[16.1917,38.9259],[16.2021,38.9199]]]}},{"type":"Feature","properties":{"depth":-10},"geometry":{"type":"MultiLineString","coordinates":[[[15.7698,39.8718],[15.7708,39.869],[15.7812,39.8646],[15.7829,39.8583],[15.7805,39.8542],[15.7683,39.8396],[15.7669,39.8333],[15.7722,39.8188],[15.7783,39.8104],[15.7824,39.8],[15.7876,39.7771],[15.7895,39.7708],[15.7989,39.7458],[15.8023,39.7313],[15.8013,39.7167],[15.8019,39.7062],[15.8006,39.6985]]]}},{"type":"Feature","properties":{"depth":-10},"geometry":{"type":"MultiLineString","coordinates":[[[15.746,39.9331],[15.7477,39.9271],[15.7529,39.9188],[15.7594,39.9104],[15.7667,39.9057],[15.77,39.9021],[15.7714,39.8958],[15.776,39.8896],[15.7759,39.8854],[15.7709,39.8813],[15.7698,39.874]]]}},{"type":"Feature","properties":{"depth":-10},"geometry":{"type":"MultiLineString","coordinates":[[[15.3423,40.0042],[15.3559,39.9958],[15.3583,39.9952],[15.369,39.9976]]]}},{"type":"Feature","properties":{"depth":-10},"geometry":{"type":"MultiLineString","coordinates":[[[15.2937,40.0259],[15.3,40.0264],[15.3083,40.0251],[15.3167,40.0211],[15.3332,40.0083],[15.3412,40.0047]]]}},{"type":"Feature","properties":{"depth":-10},"geometry":{"type":"MultiLineString","coordinates":[[[15.4958,40.0526],[15.5042,40.0543],[15.5396,40.0665],[15.5458,40.0693],[15.5583,40.0718],[15.575,40.0728],[15.5938,40.0705],[15.6062,40.0679],[15.6188,40.0635],[15.625,40.0587]]]}},{"type":"Feature","properties":{"depth":-10},"geometry":{"type":"MultiLineString","coordinates":[[[15.253,40.0854],[15.2674,40.0708],[15.272,40.0646],[15.28,40.05],[15.2802,40.0396],[15.2765,40.0318]]]}},{"type":"Feature","properties":{"depth":-10},"geometry":{"type":"MultiLineString","coordinates":[[[15.1944,40.1229],[15.2042,40.1192],[15.2104,40.1144],[15.2208,40.1034],[15.2375,40.0913],[15.2416,40.0896]]]}},{"type":"Feature","properties":{"depth":-10},"geometry":{"type":"MultiLineString","coordinates":[[[14.9782,40.2188],[14.9894,40.2125],[15.0064,40.1979],[15.0138,40.1896],[15.0254,40.1729],[15.0292,40.171],[15.0417,40.1672],[15.0521,40.1665],[15.0604,40.1625],[15.0687,40.1621],[15.0833,40.1675],[15.1062,40.17],[15.1146,40.1691],[15.1292,40.1627],[15.1396,40.1553],[15.1507,40.1458],[15.1625,40.1367],[15.176,40.125],[15.1808,40.1234]]]}},{"type":"Feature","properties":{"depth":-10},"geometry":{"type":"MultiLineString","coordinates":[[[14.911,40.2375],[14.9187,40.2286],[14.9292,40.2257],[14.9375,40.2258],[14.9479,40.2288],[14.9563,40.2264],[14.9686,40.2209]]]}},{"type":"Feature","properties":{"depth":-10},"geometry":{"type":"MultiLineString","coordinates":[[[12.5292,38.0581],[12.5338,38.0604],[12.5312,38.0648],[12.5274,38.0625],[12.5292,38.0581]]]}},{"type":"Feature","properties":{"depth":-5},"geometry":{"type":"MultiLineString","coordinates":[[[12.4307,37.9854],[12.4292,37.9914],[12.413,37.9917],[12.4162,37.9854]]]}},{"type":"Feature","properties":{"depth":-5},"geometry":{"type":"MultiLineString","coordinates":[[[13.7596,37.9854],[13.7571,37.9896],[13.75,37.9917],[13.7454,37.9896],[13.742,37.9854]]]}},{"type":"Feature","properties":{"depth":-5},"geometry":{"type":"MultiLineString","coordinates":[[[16.1238,37.9854],[16.1277,37.9979],[16.1338,38.0063],[16.1396,38.0157],[16.1458,38.0277],[16.1479,38.0352],[16.1492,38.0458],[16.1521,38.0542],[16.1554,38.0708],[16.1614,38.0958],[16.1604,38.1002]]]}},{"type":"Feature","properties":{"depth":-5},"geometry":{"type":"MultiLineString","coordinates":[[[12.3536,37.9932],[12.3544,37.9958],[12.3445,38.0083],[12.3375,38.0187]]]}},{"type":"Feature","properties":{"depth":-5},"geometry":{"type":"MultiLineString","coordinates":[[[13.6838,37.9937],[13.675,37.9982],[13.6646,37.9994],[13.6479,38.0054],[13.6375,38.0103],[13.6271,38.0135],[13.6229,38.018],[13.6125,38.0212],[13.6014,38.0278]]]}},{"type":"Feature","properties":{"depth":-5},"geometry":{"type":"MultiLineString","coordinates":[[[12.5035,38.0125],[12.5047,38.0063],[12.4999,37.9958],[12.4958,37.9927],[12.4861,37.9896],[12.4806,37.9854]]]}},{"type":"Feature","properties":{"depth":-5},"geometry":{"type":"MultiLineString","coordinates":[[[14.2037,38.0167],[14.1869,38.0208],[14.1687,38.0222],[14.1604,38.0241],[14.1518,38.0274]]]}},{"type":"Feature","properties":{"depth":-5},"geometry":{"type":"MultiLineString","coordinates":[[[13.5993,38.0285],[13.5917,38.0305],[13.5811,38.0354],[13.5663,38.04]]]}},{"type":"Feature","properties":{"depth":-5},"geometry":{"type":"MultiLineString","coordinates":[[[14.1451,38.0278],[14.1354,38.0216],[14.1271,38.0191],[14.1104,38.0171],[14.1021,38.0179],[14.0917,38.0209],[14.075,38.021],[14.0667,38.0218],[14.0565,38.0271],[14.0479,38.0305],[14.0441,38.0333],[14.0399,38.0396],[14.0354,38.0417],[14.0315,38.0414]]]}},{"type":"Feature","properties":{"depth":-5},"geometry":{"type":"MultiLineString","coordinates":[[[13.9472,38.0305],[13.9375,38.0257],[13.9062,38.0113],[13.8917,38.0055],[13.8771,38.0004],[13.8646,37.9983],[13.8542,37.993],[13.8367,37.9875],[13.8318,37.9854]]]}},{"type":"Feature","properties":{"depth":-5},"geometry":{"type":"MultiLineString","coordinates":[[[14.0199,38.0408],[14.0125,38.0368],[14.0062,38.0354],[13.9979,38.0361],[13.9896,38.0337],[13.9833,38.033],[13.9688,38.0342],[13.9583,38.0316],[13.9495,38.0312]]]}},{"type":"Feature","properties":{"depth":-5},"geometry":{"type":"MultiLineString","coordinates":[[[14.4273,38.0417],[14.4193,38.0396],[14.3979,38.0279],[14.3875,38.025],[14.3729,38.0198],[14.3646,38.019],[14.3538,38.0208],[14.3396,38.0209],[14.325,38.0155],[14.3125,38.0121],[14.2958,38.0106],[14.2875,38.0108],[14.275,38.0139],[14.2604,38.0127],[14.2292,38.0133],[14.2065,38.0164]]]}},{"type":"Feature","properties":{"depth":-5},"geometry":{"type":"MultiLineString","coordinates":[[[12.5624,38.0665],[12.5583,38.0633],[12.55,38.054],[12.5396,38.0463],[12.5354,38.042],[12.5258,38.0354],[12.5191,38.025],[12.5146,38.0217],[12.505,38.0179]]]}},{"type":"Feature","properties":{"depth":-5},"geometry":{"type":"MultiLineString","coordinates":[[[13.0319,38.0673],[13.0146,38.0601],[13.0062,38.0604],[13.0011,38.0583],[12.9938,38.0498],[12.9875,38.0466],[12.9667,38.0388],[12.95,38.0344],[12.9313,38.0304],[12.9187,38.0288],[12.9021,38.0278],[12.8905,38.0262]]]}},{"type":"Feature","properties":{"depth":-5},"geometry":{"type":"MultiLineString","coordinates":[[[12.657,38.1013],[12.6561,38.0938],[12.6375,38.078],[12.6333,38.0761],[12.6229,38.0744],[12.6062,38.0729],[12.6,38.073],[12.5875,38.071],[12.5792,38.0722],[12.5708,38.0707],[12.5626,38.0667]]]}},{"type":"Feature","properties":{"depth":-5},"geometry":{"type":"MultiLineString","coordinates":[[[13.3979,38.1042],[13.3896,38.1073],[13.3833,38.1114],[13.3782,38.1187],[13.3722,38.1367]]]}},{"type":"Feature","properties":{"depth":-5},"geometry":{"type":"MultiLineString","coordinates":[[[15.0871,38.1208],[15.0771,38.1234],[15.0715,38.1271],[15.062,38.1313],[15.0595,38.1354],[15.0606,38.1396]]]}},{"type":"Feature","properties":{"depth":-5},"geometry":{"type":"MultiLineString","coordinates":[[[13.0611,38.1264],[13.0677,38.1104],[13.0664,38.1],[13.068,38.0917],[13.0666,38.0875],[13.0583,38.0803],[13.0464,38.0729]]]}},{"type":"Feature","properties":{"depth":-5},"geometry":{"type":"MultiLineString","coordinates":[[[12.7271,38.1299],[12.7188,38.1181],[12.7104,38.111],[12.6981,38.1063]]]}},{"type":"Feature","properties":{"depth":-5},"geometry":{"type":"MultiLineString","coordinates":[[[14.7236,38.1424],[14.7172,38.1375],[14.6854,38.1078],[14.6708,38.0968],[14.6526,38.0875],[14.6438,38.0808],[14.6354,38.0775],[14.6271,38.0789],[14.6193,38.0771],[14.5938,38.0654],[14.5854,38.0627],[14.575,38.0621],[14.5603,38.0625],[14.553,38.0604],[14.5333,38.0493],[14.5271,38.0466],[14.5104,38.0441],[14.4917,38.0403],[14.4729,38.0376],[14.4604,38.0373],[14.45,38.0387],[14.4437,38.0418],[14.4335,38.0417]]]}},{"type":"Feature","properties":{"depth":-5},"geometry":{"type":"MultiLineString","coordinates":[[[16.1837,38.1483],[16.1877,38.15],[16.1979,38.1593],[16.2021,38.1611]]]}},{"type":"Feature","properties":{"depth":-5},"geometry":{"type":"MultiLineString","coordinates":[[[14.9872,38.1518],[14.975,38.1525],[14.9656,38.1573]]]}},{"type":"Feature","properties":{"depth":-5},"geometry":{"type":"MultiLineString","coordinates":[[[14.8185,38.1602],[14.8083,38.1586],[14.7875,38.1581],[14.7799,38.1604],[14.7688,38.16],[14.7604,38.1615],[14.7518,38.1649]]]}},{"type":"Feature","properties":{"depth":-5},"geometry":{"type":"MultiLineString","coordinates":[[[13.0771,38.1708],[13.0776,38.1625],[13.0734,38.1521]]]}},{"type":"Feature","properties":{"depth":-5},"geometry":{"type":"MultiLineString","coordinates":[[[13.2406,38.2031],[13.2396,38.2041],[13.2392,38.1938],[13.2333,38.186],[13.2271,38.1825],[13.2146,38.1779],[13.2083,38.1763],[13.1875,38.1733],[13.175,38.1746],[13.1708,38.1769],[13.1648,38.1854],[13.1604,38.1876],[13.1542,38.1884],[13.1396,38.1885],[13.1271,38.1927],[13.1104,38.193],[13.1049,38.1917],[13.0906,38.1854],[13.0813,38.1778],[13.0783,38.1742]]]}},{"type":"Feature","properties":{"depth":-5},"geometry":{"type":"MultiLineString","coordinates":[[[15.5913,38.2812],[15.5833,38.2858],[15.575,38.288],[15.5667,38.2931],[15.5523,38.2998]]]}},{"type":"Feature","properties":{"depth":-5},"geometry":{"type":"MultiLineString","coordinates":[[[15.8521,38.6625],[15.8386,38.65],[15.8342,38.6404]]]}},{"type":"Feature","properties":{"depth":-5},"geometry":{"type":"MultiLineString","coordinates":[[[15.8758,38.6737],[15.8708,38.6724],[15.8521,38.6625]]]}},{"type":"Feature","properties":{"depth":-5},"geometry":{"type":"MultiLineString","coordinates":[[[16.1498,38.7269],[16.1396,38.7226],[16.1313,38.7241],[16.1244,38.7229],[16.1192,38.7188]]]}},{"type":"Feature","properties":{"depth":-5},"geometry":{"type":"MultiLineString","coordinates":[[[16.2,38.7803],[16.1944,38.7687],[16.188,38.7583],[16.1792,38.7477],[16.1711,38.7417]]]}},{"type":"Feature","properties":{"depth":-5},"geometry":{"type":"MultiLineString","coordinates":[[[16.1586,38.9479],[16.1729,38.9433],[16.1917,38.9296],[16.2021,38.925]]]}},{"type":"Feature","properties":{"depth":-5},"geometry":{"type":"MultiLineString","coordinates":[[[16.119,39.006],[16.1278,38.9958],[16.1369,38.9833],[16.1471,38.9646],[16.15,38.9574],[16.1542,38.9514],[16.1579,38.9484]]]}},{"type":"Feature","properties":{"depth":-5},"geometry":{"type":"MultiLineString","coordinates":[[[16.0856,39.0727],[16.0888,39.0625],[16.0904,39.0542],[16.0979,39.0314]]]}},{"type":"Feature","properties":{"depth":-5},"geometry":{"type":"MultiLineString","coordinates":[[[16.0709,39.1208],[16.0739,39.1125],[16.0771,39.1],[16.0823,39.0854],[16.0854,39.0735]]]}},{"type":"Feature","properties":{"depth":-5},"geometry":{"type":"MultiLineString","coordinates":[[[16.0649,39.1413],[16.0667,39.1308],[16.0708,39.1209]]]}},{"type":"Feature","properties":{"depth":-5},"geometry":{"type":"MultiLineString","coordinates":[[[16.0595,39.2051],[16.0625,39.1777]]]}},{"type":"Feature","properties":{"depth":-5},"geometry":{"type":"MultiLineString","coordinates":[[[15.9008,39.5354],[15.9042,39.5343],[15.9148,39.525],[15.9292,39.517],[15.9434,39.5],[15.9583,39.477],[15.9667,39.4688],[15.9812,39.456],[15.9947,39.4375],[16.0012,39.425],[16.0116,39.4021],[16.0229,39.3755]]]}},{"type":"Feature","properties":{"depth":-5},"geometry":{"type":"MultiLineString","coordinates":[[[15.8032,39.697],[15.8114,39.6896],[15.8141,39.6771],[15.8162,39.6729],[15.8265,39.6625],[15.8396,39.6257],[15.8489,39.6104],[15.855,39.5958],[15.8604,39.5812],[15.8656,39.5708],[15.8708,39.5566],[15.8749,39.55],[15.8815,39.5435]]]}},{"type":"Feature","properties":{"depth":-5},"geometry":{"type":"MultiLineString","coordinates":[[[15.7698,39.8323],[15.7752,39.8188],[15.7824,39.8104],[15.7847,39.8042],[15.7917,39.7739],[15.8011,39.7479],[15.8056,39.7313],[15.8036,39.7125],[15.805,39.7062],[15.8023,39.6998]]]}},{"type":"Feature","properties":{"depth":-5},"geometry":{"type":"MultiLineString","coordinates":[[[15.7722,39.8708],[15.7812,39.8679],[15.7852,39.8646],[15.7861,39.8604],[15.7837,39.8542],[15.7744,39.8431]]]}},{"type":"Feature","properties":{"depth":-5},"geometry":{"type":"MultiLineString","coordinates":[[[15.7727,39.9002],[15.7744,39.8958],[15.7782,39.8917],[15.7792,39.8833],[15.7729,39.8789],[15.7717,39.875]]]}},{"type":"Feature","properties":{"depth":-5},"geometry":{"type":"MultiLineString","coordinates":[[[15.305,40.0292],[15.3187,40.0243],[15.3297,40.0146],[15.3352,40.0106]]]}},{"type":"Feature","properties":{"depth":-5},"geometry":{"type":"MultiLineString","coordinates":[[[15.5005,40.0568],[15.5188,40.0636],[15.5368,40.0688],[15.5469,40.0729]]]}},{"type":"Feature","properties":{"depth":-5},"geometry":{"type":"MultiLineString","coordinates":[[[15.5939,40.0729],[15.6021,40.0717],[15.6158,40.0675]]]}},{"type":"Feature","properties":{"depth":-5},"geometry":{"type":"MultiLineString","coordinates":[[[15.5481,40.0731],[15.575,40.0757],[15.5891,40.0734]]]}},{"type":"Feature","properties":{"depth":-5},"geometry":{"type":"MultiLineString","coordinates":[[[15.2619,40.0812],[15.2698,40.0729],[15.2755,40.0646],[15.2812,40.054]]]}},{"type":"Feature","properties":{"depth":-5},"geometry":{"type":"MultiLineString","coordinates":[[[15.2071,40.1208],[15.2125,40.1165],[15.2229,40.1052]]]}},{"type":"Feature","properties":{"depth":-5},"geometry":{"type":"MultiLineString","coordinates":[[[15.1108,40.1733],[15.1229,40.1701],[15.1292,40.1673],[15.1417,40.1585],[15.1625,40.1407],[15.1768,40.1271],[15.1792,40.1258]]]}},{"type":"Feature","properties":{"depth":-5},"geometry":{"type":"MultiLineString","coordinates":[[[14.984,40.2188],[14.9938,40.2129],[15.0109,40.1979],[15.0162,40.1917],[15.0234,40.1796]]]}},{"type":"Feature","properties":{"depth":-5},"geometry":{"type":"MultiLineString","coordinates":[[[14.9143,40.2375],[14.9208,40.2309],[14.9343,40.2282]]]}},{"type":"Feature","properties":{"depth":-1000},"geometry":{"type":"MultiLineString","coordinates":[[[11.65,41.5859],[11.6551,41.5875],[11.6583,41.6024],[11.6687,41.6053],[11.6729,41.6079],[11.6777,41.6208],[11.675,41.6294],[11.6694,41.6354],[11.6701,41.6417],[11.6813,41.648],[11.6853,41.6521],[11.6861,41.6562],[11.6835,41.6646],[11.6771,41.672],[11.6646,41.6759],[11.6589,41.6792],[11.6562,41.6851],[11.65,41.69]],[[11.65,41.7695],[11.6521,41.7692],[11.6667,41.7631],[11.6771,41.7664],[11.6854,41.765],[11.6932,41.7583],[11.696,41.7542],[11.7001,41.7437],[11.7022,41.7354],[11.7081,41.7271],[11.708,41.7167],[11.7125,41.7093],[11.7204,41.7021],[11.7271,41.6991],[11.7354,41.6972],[11.7438,41.6969],[11.7562,41.6996],[11.7604,41.6994],[11.7679,41.6938],[11.7717,41.6875],[11.7741,41.6771],[11.7739,41.6667],[11.7753,41.6625],[11.7852,41.6417],[11.7876,41.6313],[11.7958,41.6157],[11.7998,41.6104],[11.8082,41.5896],[11.8123,41.5729],[11.8131,41.5646],[11.8127,41.5542],[11.8113,41.5479],[11.8119,41.5396],[11.8115,41.5271],[11.8202,41.5104],[11.8315,41.4917],[11.8364,41.4792],[11.8521,41.4568],[11.8587,41.45],[11.8667,41.44],[11.8701,41.4333],[11.875,41.4286],[11.8854,41.4258],[11.8875,41.424],[11.8886,41.4167],[11.8932,41.4083],[11.9,41.4006],[11.9083,41.3963],[11.9187,41.3938],[11.9313,41.3881],[11.9375,41.3808],[11.9437,41.375],[11.9467,41.3625],[11.9556,41.3417],[11.9592,41.3375],[11.9638,41.3292],[11.9688,41.3224],[11.975,41.3085],[11.9795,41.2958],[11.9801,41.2875],[11.9786,41.2771],[11.9984,41.2667],[12.0021,41.2609],[12.0062,41.2587],[12.0375,41.2627],[12.0563,41.2648],[12.0625,41.2667],[12.0729,41.2742],[12.0833,41.2768],[12.0938,41.2833],[12.1042,41.2917],[12.1131,41.3],[12.1174,41.3062],[12.1292,41.319],[12.1438,41.3251],[12.15,41.3299],[12.1667,41.3367],[12.1708,41.3353],[12.1854,41.3268],[12.1896,41.3259],[12.2021,41.326],[12.2062,41.325],[12.212,41.3146],[12.2164,41.3083],[12.2236,41.2938],[12.2282,41.2896],[12.2417,41.2852],[12.2482,41.2812],[12.2542,41.272],[12.2597,41.2687],[12.2667,41.2629],[12.2771,41.2569],[12.2812,41.2529],[12.2823,41.2417],[12.2851,41.2333],[12.2852,41.2271],[12.2804,41.2146],[12.2795,41.2062],[12.2833,41.197],[12.2937,41.1842],[12.2958,41.1846],[12.3042,41.1961],[12.3083,41.199],[12.3215,41.2021],[12.325,41.2037],[12.3396,41.2157],[12.3438,41.2167],[12.3604,41.2163],[12.3708,41.2117],[12.3812,41.2094],[12.3917,41.1995],[12.3975,41.1917],[12.4104,41.1867],[12.4146,41.184],[12.4198,41.1771],[12.4259,41.1729],[12.4292,41.1689],[12.4315,41.1625],[12.4408,41.15],[12.4457,41.1396],[12.4626,41.1229],[12.4667,41.1183],[12.4688,41.119],[12.471,41.1292],[12.475,41.1313],[12.4833,41.1274],[12.4881,41.1208],[12.4984,41.1125],[12.5112,41.1],[12.5144,41.0958],[12.5166,41.0896],[12.5149,41.075],[12.5161,41.0688],[12.5206,41.0604],[12.5199,41.0521],[12.5243,41.0333],[12.5273,41.0271],[12.5333,41.0192],[12.5437,41.0123],[12.554,41.0042],[12.5625,41.0002],[12.5687,41.001],[12.5729,40.9997],[12.5813,40.9931],[12.5938,40.9868],[12.6062,40.9833],[12.6167,40.9829],[12.6271,40.9774],[12.6375,40.9746],[12.6465,40.9688],[12.6583,40.9648],[12.6619,40.9625],[12.6632,40.9583],[12.6619,40.9542],[12.666,40.95],[12.6679,40.9438],[12.6767,40.9396],[12.6807,40.9354],[12.6787,40.925],[12.6807,40.9188],[12.6744,40.9125],[12.6711,40.9042],[12.6716,40.8917],[12.675,40.8741],[12.6792,40.8714],[12.6958,40.8668],[12.7063,40.8676],[12.7146,40.867],[12.7208,40.8695],[12.7292,40.8665],[12.7521,40.8681],[12.7646,40.867],[12.7708,40.8621],[12.7812,40.8631],[12.7848,40.8604],[12.7893,40.8479],[12.8042,40.8287],[12.8125,40.8277],[12.8187,40.8289],[12.825,40.8333],[12.8333,40.8339],[12.8417,40.8299],[12.8521,40.8333],[12.8646,40.83],[12.8708,40.8337],[12.8792,40.8319],[12.8917,40.8307],[12.8979,40.8288],[12.9067,40.8229],[12.909,40.8167],[12.9125,40.8125],[12.9208,40.8136],[12.9396,40.8137],[12.9437,40.8113],[12.9479,40.8053],[12.9563,40.8034],[12.9604,40.8003],[12.9708,40.7977],[12.9771,40.7906],[12.9852,40.7833],[12.9917,40.7802],[13.0021,40.7781],[13.0104,40.7786],[13.0188,40.7762],[13.0521,40.7576],[13.0625,40.7555],[13.0708,40.7469],[13.0792,40.7442],[13.0833,40.7449],[13.0958,40.7526],[13.1125,40.7546],[13.1188,40.7541],[13.1312,40.7482],[13.1417,40.7457],[13.1521,40.739],[13.1583,40.7368],[13.1798,40.7313],[13.1854,40.7288],[13.1958,40.7199],[13.2063,40.7166],[13.2125,40.713],[13.2229,40.7105],[13.2292,40.7075],[13.2417,40.7042],[13.2542,40.7043],[13.2646,40.7003],[13.2771,40.7033],[13.2811,40.7],[13.2835,40.6938],[13.2925,40.6812],[13.3021,40.6721],[13.3146,40.6625],[13.3229,40.658],[13.3374,40.6458],[13.3438,40.6417],[13.3542,40.6369],[13.3646,40.6306],[13.3771,40.6265],[13.3812,40.628],[13.3869,40.6354],[13.3889,40.6437],[13.3864,40.6542],[13.3871,40.6583],[13.3917,40.6602],[13.3958,40.6593],[13.4021,40.6556],[13.4146,40.65],[13.4271,40.6537],[13.4542,40.6463],[13.4641,40.6396],[13.475,40.6361],[13.4812,40.6322],[13.4938,40.628],[13.5062,40.6187],[13.5125,40.6182],[13.525,40.6206],[13.5354,40.6203],[13.5437,40.6155],[13.55,40.6146],[13.5604,40.6154],[13.5667,40.6141],[13.573,40.6083],[13.5813,40.6038],[13.5857,40.6],[13.59,40.5896],[13.5901,40.5854],[13.5809,40.5812],[13.5757,40.5729],[13.5756,40.5667],[13.5833,40.5553],[13.5938,40.5463],[13.5979,40.5456],[13.607,40.5521],[13.6125,40.561],[13.6229,40.5677],[13.6298,40.5708],[13.6313,40.575],[13.6255,40.5958],[13.6257,40.6],[13.6283,40.6042],[13.6241,40.6187],[13.6197,40.6396],[13.6229,40.6394],[13.6354,40.6275],[13.6438,40.6228],[13.6479,40.6228],[13.6542,40.6292],[13.6625,40.6329],[13.6708,40.6293],[13.6762,40.6313],[13.6768,40.6375],[13.6854,40.6364],[13.6917,40.6338],[13.7104,40.621],[13.7188,40.6147],[13.7271,40.6147],[13.7292,40.6135],[13.7302,40.6083],[13.7289,40.6021],[13.7309,40.5958],[13.7176,40.5604],[13.7122,40.55],[13.7131,40.5438],[13.7164,40.5396],[13.7375,40.5266],[13.75,40.5239],[13.7575,40.5208],[13.7625,40.5146],[13.7688,40.5109],[13.775,40.5163],[13.7862,40.5208],[13.7892,40.5271],[13.7939,40.5312],[13.7982,40.5375],[13.8072,40.5438],[13.8153,40.5583],[13.8208,40.5631],[13.8271,40.5656],[13.83,40.5625],[13.8271,40.5562],[13.8292,40.5542],[13.8343,40.5542],[13.8396,40.5591],[13.8521,40.5621],[13.8611,40.5604],[13.8667,40.5577],[13.8854,40.5438],[13.8904,40.5333],[13.8958,40.5298],[13.9021,40.5292],[13.9057,40.5271],[13.9041,40.5146],[13.895,40.4979],[13.8925,40.4896],[13.8924,40.4833],[13.89,40.475],[13.8917,40.4714],[13.8979,40.4682],[13.9021,40.4643],[13.9104,40.4591],[13.9208,40.4566],[13.9313,40.4551],[13.9396,40.4554],[13.9604,40.4655],[13.9688,40.4711],[13.9725,40.475],[13.9771,40.486],[13.9833,40.493],[13.9875,40.4961],[13.9958,40.4986],[14.0125,40.5071],[14.025,40.516],[14.0312,40.5218],[14.0354,40.5231],[14.0437,40.5213],[14.0519,40.525],[14.0534,40.5354],[14.0624,40.5458],[14.0687,40.5503],[14.075,40.5515],[14.0833,40.5566],[14.0917,40.5589],[14.0916,40.5562],[14.0816,40.5458],[14.0771,40.5421],[14.0687,40.5286],[14.0614,40.525],[14.0579,40.5208],[14.0592,40.5167],[14.0625,40.5147],[14.0708,40.5164],[14.0771,40.521],[14.0854,40.5195],[14.0917,40.5196],[14.1021,40.5166],[14.1062,40.5135],[14.1146,40.5114],[14.1208,40.5121],[14.1271,40.5097],[14.1354,40.5111],[14.1417,40.5137],[14.1479,40.5138],[14.1562,40.5171],[14.1625,40.5179],[14.1771,40.5168],[14.1854,40.5154],[14.2021,40.5138],[14.2229,40.5137],[14.2354,40.5123],[14.25,40.5097],[14.2688,40.511],[14.275,40.5127],[14.2792,40.5124],[14.2875,40.5091],[14.2937,40.508],[14.3042,40.5037],[14.3083,40.5008],[14.3213,40.4875],[14.3226,40.4813],[14.3187,40.4795],[14.3104,40.4807],[14.3,40.4798],[14.2896,40.4766],[14.2812,40.4758],[14.2688,40.4672],[14.2604,40.4599],[14.2417,40.4549],[14.2312,40.4535],[14.2245,40.4479],[14.2218,40.4417],[14.2169,40.4354],[14.2129,40.4333],[14.1937,40.4301],[14.1813,40.4257],[14.1687,40.4178],[14.1604,40.4152],[14.1354,40.4141],[14.1229,40.4108],[14.1083,40.403],[14.0979,40.3986],[14.0938,40.3952],[14.0879,40.3875],[14.0861,40.3833],[14.0841,40.3729],[14.0839,40.3646],[14.0856,40.3583],[14.0904,40.3521],[14.0935,40.3438],[14.0959,40.3333],[14.1008,40.325],[14.1079,40.3188],[14.1095,40.3125],[14.1044,40.2979],[14.1052,40.2875],[14.1088,40.2812],[14.1122,40.2667],[14.1131,40.2563],[14.1128,40.2479],[14.1146,40.2354],[14.1115,40.225],[14.1124,40.2167],[14.1238,40.2042],[14.1312,40.2024],[14.1458,40.2069],[14.1521,40.208],[14.1583,40.207],[14.1708,40.2106],[14.1813,40.211],[14.1875,40.2091],[14.1937,40.2097],[14.2042,40.2122],[14.2167,40.208],[14.2312,40.2078],[14.2583,40.2143],[14.2729,40.2237],[14.2875,40.2289],[14.3012,40.2354],[14.3104,40.2422],[14.3187,40.2432],[14.325,40.239],[14.3313,40.2376],[14.3342,40.2417],[14.3472,40.2542],[14.3519,40.2604],[14.3528,40.2646],[14.354,40.2792],[14.3583,40.287],[14.3625,40.291],[14.3679,40.2938],[14.3744,40.3],[14.3765,40.3104],[14.3788,40.3146],[14.3889,40.3229],[14.3935,40.3312],[14.396,40.3417],[14.4058,40.3542],[14.4146,40.3606],[14.4229,40.3643],[14.4313,40.3666],[14.4396,40.3711],[14.4563,40.3747],[14.4667,40.3781],[14.4875,40.3777],[14.5,40.3753],[14.5125,40.3701],[14.5229,40.37],[14.525,40.3689],[14.5275,40.3563],[14.5241,40.3458],[14.5244,40.3396],[14.5233,40.3333],[14.5174,40.3271],[14.5146,40.3208],[14.5087,40.3125],[14.5012,40.3042],[14.4938,40.2973],[14.4862,40.2875],[14.4848,40.2833],[14.4842,40.275],[14.4704,40.2542],[14.4611,40.2437],[14.4542,40.2393],[14.4458,40.2362],[14.4354,40.2343],[14.4292,40.2321],[14.4081,40.2208],[14.4021,40.2189],[14.3917,40.2182],[14.3625,40.2138],[14.3562,40.212],[14.3458,40.2059],[14.3393,40.1938],[14.3379,40.1896],[14.3396,40.1877],[14.3562,40.1947],[14.3646,40.1962],[14.3716,40.1938],[14.3727,40.1875],[14.3707,40.1792],[14.3608,40.1646],[14.3599,40.1583],[14.35,40.1451],[14.345,40.1417],[14.3398,40.1354],[14.3362,40.125],[14.3266,40.1146],[14.3189,40.1083],[14.3178,40.1042],[14.3189,40.0938],[14.3225,40.0854],[14.346,40.0604],[14.3438,40.0543],[14.3375,40.0514],[14.3271,40.0413],[14.3063,40.0335],[14.297,40.0292],[14.2888,40.0229],[14.283,40.0146],[14.2802,40.0063],[14.2812,40.0012],[14.2896,39.9806],[14.2958,39.9703],[14.3,39.9676],[14.3042,39.9689],[14.3133,39.975],[14.3175,39.9792],[14.3212,39.9854],[14.3305,39.9958],[14.3365,40.0042],[14.3391,40.0104],[14.3394,40.0167],[14.3438,40.0214],[14.3533,40.0271],[14.3619,40.0354],[14.3667,40.0458],[14.3708,40.0501],[14.3812,40.0562],[14.3872,40.0625],[14.4,40.0664],[14.405,40.0646],[14.4049,40.0604],[14.3917,40.05],[14.3927,40.0458],[14.396,40.0417],[14.3966,40.0333],[14.4054,40.0229],[14.4087,40.0125],[14.4148,40.0042],[14.4205,40.0],[14.4292,39.9959],[14.4375,39.9896],[14.4542,39.9845],[14.4572,39.9813],[14.4604,39.9718],[14.4733,39.9583],[14.4735,39.9479],[14.4875,39.9276],[14.4958,39.9208],[14.5,39.921],[14.5077,39.925],[14.5146,39.9301],[14.5188,39.9318],[14.5229,39.9293],[14.5292,39.9194],[14.5333,39.9146],[14.5417,39.9094],[14.5479,39.9198],[14.5577,39.9271],[14.5636,39.9333],[14.5729,39.9378],[14.5875,39.9375],[14.6021,39.9345],[14.6125,39.9387],[14.6208,39.9448],[14.6303,39.95],[14.6347,39.9583],[14.6366,39.9688],[14.6485,39.9896],[14.6562,39.9941],[14.6625,39.9948],[14.6729,39.9919],[14.6875,39.9929],[14.6958,39.9884],[14.7,39.9907],[14.7042,39.9954],[14.7146,39.9984],[14.725,39.9964],[14.7292,39.9966],[14.7354,40.0007],[14.7479,40.0059],[14.7518,40.0042],[14.7558,39.9979],[14.7601,39.9937],[14.7659,39.9771],[14.7625,39.9685],[14.7521,39.96],[14.7434,39.9562],[14.7333,39.944],[14.7228,39.9354],[14.7179,39.9271],[14.7159,39.9146],[14.7188,39.9106],[14.725,39.908],[14.7275,39.9042],[14.7269,39.8937],[14.7248,39.8813],[14.7272,39.8771],[14.7344,39.8708],[14.7389,39.8479]]]}},{"type":"Feature","properties":{"depth":-1000},"geometry":{"type":"MultiLineString","coordinates":[[[14.8428,39.8479],[14.85,39.8537],[14.8604,39.8577],[14.8833,39.8621],[14.9042,39.8693],[14.9146,39.8711],[14.925,39.8693],[14.9396,39.8702],[14.9521,39.8662],[14.9592,39.8625],[14.9646,39.8577],[14.9792,39.8531],[14.9917,39.8532],[15.0042,39.8547],[15.0167,39.8537],[15.0229,39.8566],[15.0312,39.8564],[15.0458,39.8604],[15.05,39.8606],[15.0583,39.8584],[15.0708,39.852],[15.0771,39.8514],[15.0854,39.8523],[15.0979,39.8555],[15.1083,39.857],[15.1229,39.8524],[15.1271,39.852],[15.1375,39.8544],[15.1438,39.8543],[15.15,39.857],[15.1625,39.86],[15.1687,39.8599],[15.1753,39.8583],[15.1791,39.8542],[15.1815,39.8479]]]}},{"type":"Feature","properties":{"depth":-1000},"geometry":{"type":"MultiLineString","coordinates":[[[13.9542,40.2077],[13.9583,40.2066],[13.9612,40.2083],[13.9639,40.2271],[13.9623,40.2354],[13.9562,40.2458],[13.9525,40.2563],[13.9468,40.2646],[13.9311,40.2792],[13.9159,40.2896],[13.9062,40.2977],[13.8979,40.3033],[13.8788,40.3146],[13.8646,40.3256],[13.8542,40.3359],[13.8438,40.3479],[13.8357,40.3563],[13.8229,40.3717],[13.8167,40.3782],[13.805,40.3979],[13.7953,40.4104],[13.7896,40.4154],[13.7792,40.422],[13.775,40.4236],[13.7666,40.4229],[13.7629,40.4208],[13.7608,40.4125],[13.7542,40.4057],[13.7513,40.3979],[13.7514,40.3937],[13.7543,40.3854],[13.7625,40.3771],[13.7758,40.3708],[13.781,40.3646],[13.7828,40.35],[13.7864,40.3417],[13.7928,40.3312],[13.7988,40.325],[13.8083,40.3169],[13.8167,40.3117],[13.8313,40.3042],[13.8504,40.2896],[13.8566,40.2812],[13.8701,40.2708],[13.8847,40.2542],[13.8958,40.2455],[13.9167,40.2312],[13.9375,40.2174],[13.9542,40.2077]]]}},{"type":"Feature","properties":{"depth":-1000},"geometry":{"type":"MultiLineString","coordinates":[[[11.9375,41.4207],[11.9307,41.4333],[11.9242,41.4396],[11.9227,41.45],[11.925,41.4583],[11.9187,41.4605],[11.9167,41.4633],[11.9115,41.475],[11.9062,41.4813],[11.8984,41.4875],[11.8922,41.4958],[11.8816,41.5083],[11.879,41.5125],[11.8771,41.525],[11.8723,41.5438],[11.8719,41.5542],[11.8687,41.5604],[11.8661,41.5708],[11.8651,41.5812],[11.8627,41.5896],[11.8628,41.5938],[11.8667,41.5988],[11.8729,41.6036],[11.8792,41.6067],[11.8896,41.6066],[11.9042,41.6028],[11.9083,41.601],[11.9146,41.5955],[11.9294,41.5792],[11.9444,41.5583],[11.9485,41.5542],[11.9604,41.5481],[11.9655,41.5438],[11.968,41.5396],[11.971,41.5271],[11.9737,41.5208],[11.9764,41.5104],[11.9864,41.4896],[11.9873,41.4854],[11.9851,41.475],[11.9879,41.4604],[11.9902,41.4542],[11.987,41.4458],[11.9812,41.4426],[11.975,41.4413],[11.9625,41.4334],[11.9517,41.425],[11.9437,41.4201],[11.9375,41.4207]]]}},{"type":"Feature","properties":{"depth":-500},"geometry":{"type":"MultiLineString","coordinates":[[[11.65,41.8885],[11.6589,41.8854],[11.6646,41.8825],[11.6701,41.8771],[11.6896,41.8617],[11.7021,41.8543],[11.7271,41.8455],[11.7542,41.8384],[11.7604,41.8354],[11.7708,41.8287],[11.7833,41.8224],[11.7917,41.8165],[11.8041,41.8042],[11.8187,41.7955],[11.8271,41.7895],[11.8354,41.7866],[11.8458,41.7855],[11.8583,41.7855],[11.8771,41.7896],[11.8812,41.788],[11.9021,41.7771],[11.9062,41.7728],[11.9108,41.7646],[11.9167,41.7572],[11.9313,41.7458],[11.9327,41.7417],[11.9324,41.7354],[11.95,41.7188],[11.9604,41.7075],[11.9771,41.6946],[11.9862,41.6854],[11.9939,41.675],[12.0021,41.6679],[12.0125,41.663],[12.0271,41.6539],[12.0396,41.6475],[12.0465,41.6375],[12.0604,41.6208],[12.074,41.6104],[12.081,41.6042],[12.0836,41.6],[12.0849,41.5938],[12.0844,41.5854],[12.0735,41.55],[12.0729,41.5438],[12.0745,41.5354],[12.0801,41.5271],[12.0853,41.5229],[12.0938,41.5188],[12.1083,41.5149],[12.1146,41.5125],[12.1245,41.5063],[12.131,41.5],[12.1375,41.4919],[12.1458,41.484],[12.1562,41.4758],[12.1633,41.4667],[12.1729,41.4584],[12.1805,41.45],[12.1851,41.4417],[12.198,41.4125],[12.2059,41.4],[12.2129,41.3917],[12.2195,41.3854],[12.2417,41.3702],[12.2708,41.3527],[12.2805,41.3458],[12.2917,41.3348],[12.2979,41.3277],[12.3146,41.3059],[12.3228,41.2958],[12.3333,41.2863],[12.3396,41.2824],[12.3521,41.277],[12.3812,41.2634],[12.3917,41.2568],[12.408,41.2417],[12.4203,41.2292],[12.4292,41.2179],[12.4333,41.2139],[12.4396,41.2103],[12.4489,41.2021],[12.456,41.1896],[12.4604,41.1843],[12.4771,41.1742],[12.4917,41.1644],[12.5,41.1578],[12.5133,41.1437],[12.5271,41.1325],[12.5519,41.1187],[12.5615,41.1104],[12.567,41.1042],[12.5708,41.0975],[12.5813,41.0892],[12.5896,41.0865],[12.5979,41.0864],[12.6188,41.0922],[12.6271,41.0906],[12.6312,41.0854],[12.6342,41.0708],[12.6354,41.0583],[12.6375,41.0503],[12.641,41.0438],[12.6396,41.0417],[12.6271,41.0402],[12.6146,41.0413],[12.6042,41.0403],[12.5896,41.0428],[12.581,41.0396],[12.5774,41.0333],[12.5789,41.0271],[12.5882,41.0187],[12.6021,41.0102],[12.6146,41.006],[12.6312,41.0053],[12.6354,41.0045],[12.6479,40.9977],[12.6604,40.9958],[12.6667,40.9937],[12.669,40.9896],[12.6646,40.9832],[12.6706,40.9771],[12.6811,40.9688],[12.6928,40.9625],[12.7021,40.9594],[12.7146,40.9578],[12.7225,40.9542],[12.7275,40.95],[12.7273,40.9438],[12.7214,40.9333],[12.7199,40.9271],[12.7139,40.9208],[12.713,40.9167],[12.7173,40.9104],[12.7165,40.8917],[12.7229,40.8904],[12.7292,40.8866],[12.7354,40.8847],[12.7458,40.8833],[12.7521,40.8848],[12.7646,40.8825],[12.7771,40.885],[12.7937,40.882],[12.8,40.8771],[12.8031,40.8667],[12.811,40.8604],[12.8151,40.8542],[12.8229,40.8522],[12.8354,40.8528],[12.8417,40.8476],[12.8479,40.8476],[12.8562,40.8516],[12.8708,40.8533],[12.8754,40.8521],[12.8811,40.8458],[12.8958,40.8441],[12.9021,40.8418],[12.9104,40.8413],[12.9187,40.8438],[12.9271,40.8362],[12.9333,40.8347],[12.9458,40.8362],[12.9563,40.8354],[12.9646,40.8378],[12.9708,40.8418],[12.9812,40.8375],[12.9854,40.8369],[13.0,40.8374],[13.0188,40.839],[13.0312,40.8445],[13.0354,40.843],[13.0396,40.8375],[13.05,40.8294],[13.0546,40.8229],[13.0636,40.8167],[13.062,40.8125],[13.0417,40.8039],[13.0354,40.8021],[13.0271,40.7979],[13.0271,40.7938],[13.0494,40.7792],[13.0583,40.7745],[13.0708,40.7698],[13.075,40.77],[13.0854,40.7751],[13.0958,40.7777],[13.1125,40.7745],[13.1208,40.7746],[13.125,40.7734],[13.1333,40.7673],[13.1479,40.7601],[13.1604,40.7569],[13.1667,40.7517],[13.1811,40.7458],[13.1882,40.7437],[13.1958,40.7437],[13.1937,40.7458],[13.1833,40.7516],[13.1762,40.7583],[13.1521,40.7722],[13.1419,40.7792],[13.1354,40.7826],[13.1229,40.7918],[13.1133,40.8042],[13.1129,40.8083],[13.13,40.825],[13.1354,40.8291],[13.1396,40.8375],[13.1367,40.85],[13.1333,40.8559],[13.1229,40.8625],[13.1168,40.8708],[13.1167,40.8813],[13.1145,40.8875],[13.1125,40.9],[13.1145,40.9062],[13.1205,40.9146],[13.1296,40.9208],[13.1396,40.9245],[13.1583,40.9351],[13.175,40.9425],[13.1891,40.9458],[13.2125,40.9533],[13.2229,40.9562],[13.2333,40.9579],[13.2604,40.9635],[13.2979,40.9633],[13.3187,40.9614],[13.3396,40.9645],[13.3521,40.9674],[13.3625,40.968],[13.3771,40.9673],[13.3854,40.9654],[13.3938,40.9607],[13.4,40.9596],[13.4146,40.9595],[13.425,40.9584],[13.4417,40.9545],[13.45,40.9539],[13.4625,40.9543],[13.4812,40.9533],[13.4917,40.9514],[13.4979,40.9535],[13.5009,40.9604],[13.5082,40.9667],[13.525,40.9724],[13.5417,40.9797],[13.5458,40.9802],[13.5521,40.9715],[13.5646,40.9691],[13.5729,40.9687],[13.5917,40.9697],[13.6083,40.9714],[13.6312,40.9713],[13.6345,40.9688],[13.637,40.9604],[13.6495,40.9542],[13.6562,40.9492],[13.6606,40.9417],[13.6639,40.9312],[13.675,40.9177],[13.6887,40.9083],[13.7,40.9029],[13.7208,40.8964],[13.7271,40.8937],[13.7333,40.8927],[13.7438,40.8928],[13.7521,40.8916],[13.7604,40.8882],[13.7792,40.8836],[13.7851,40.8813],[13.7942,40.875],[13.8046,40.8625],[13.8054,40.8542],[13.8168,40.8521],[13.8199,40.85],[13.8153,40.8438],[13.8226,40.8375],[13.8337,40.8333],[13.8373,40.8292],[13.8313,40.825],[13.8353,40.8167],[13.8354,40.81],[13.8334,40.8042],[13.8271,40.797],[13.8207,40.7938],[13.813,40.7854],[13.8,40.7785],[13.7937,40.7799],[13.7888,40.7771],[13.7897,40.7708],[13.7886,40.7646],[13.7812,40.7632],[13.7646,40.7662],[13.7604,40.7651],[13.7542,40.7608],[13.7417,40.7591],[13.7334,40.7521],[13.7328,40.75],[13.7367,40.7479],[13.7458,40.7468],[13.7502,40.7437],[13.7505,40.7375],[13.7549,40.7292],[13.7556,40.725],[13.754,40.7146],[13.7521,40.7125],[13.7412,40.7083],[13.7416,40.7042],[13.7458,40.703],[13.7562,40.7027],[13.7646,40.7007],[13.7729,40.707],[13.7833,40.7063],[13.7937,40.7074],[13.8058,40.7],[13.8096,40.6938],[13.8167,40.6907],[13.8271,40.693],[13.8458,40.6891],[13.8521,40.682],[13.8604,40.6801],[13.8729,40.675],[13.8792,40.6716],[13.8854,40.6713],[13.8917,40.6731],[13.8979,40.6777],[13.9042,40.6798],[13.9187,40.6794],[13.9333,40.6782],[13.9417,40.6716],[13.9437,40.6664],[13.9479,40.6623],[13.9563,40.6612],[13.96,40.6646],[13.9612,40.6688],[13.9646,40.6707],[13.9787,40.6667],[13.9882,40.6583],[13.99,40.6521],[13.9938,40.6504],[13.9976,40.6542],[14.0042,40.657],[14.0083,40.6563],[14.0146,40.6512],[14.025,40.6517],[14.0312,40.6549],[14.0437,40.6583],[14.0542,40.6649],[14.0588,40.6729],[14.0613,40.6875],[14.0667,40.6864],[14.0686,40.6833],[14.0691,40.6771],[14.0672,40.6625],[14.0644,40.6562],[14.0632,40.65],[14.0607,40.6458],[14.0485,40.6354],[14.0352,40.6292],[14.025,40.6229],[14.0053,40.6187],[14.0,40.6169],[13.9862,40.6083],[13.9792,40.6],[13.9661,40.5771],[13.9626,40.5688],[13.9521,40.5653],[13.9437,40.5577],[13.9393,40.55],[13.9373,40.5417],[13.9363,40.5208],[13.9325,40.5063],[13.9326,40.5021],[13.9357,40.4958],[13.9362,40.4896],[13.9321,40.4729],[13.9326,40.4667],[13.9375,40.465],[13.9521,40.4708],[13.9603,40.4792],[13.9635,40.4917],[13.9639,40.4979],[13.9665,40.5021],[13.9729,40.5084],[13.9792,40.5118],[13.9938,40.5162],[14.0042,40.5165],[14.0086,40.5187],[14.0123,40.5229],[14.0126,40.5333],[14.0171,40.5417],[14.0208,40.5449],[14.0312,40.5476],[14.0354,40.5501],[14.046,40.5604],[14.0521,40.5644],[14.0625,40.5758],[14.0687,40.5807],[14.075,40.5832],[14.0966,40.5938],[14.1083,40.6026],[14.1188,40.6044],[14.122,40.6146],[14.1196,40.6271],[14.1144,40.6333],[14.1099,40.6458],[14.1095,40.6562],[14.1125,40.6636],[14.1167,40.6686],[14.1229,40.6735],[14.1254,40.6708],[14.1203,40.6604],[14.1196,40.6562],[14.1208,40.65],[14.1236,40.6458],[14.136,40.6313],[14.1417,40.623],[14.1458,40.6225],[14.1604,40.6313],[14.1646,40.6352],[14.1646,40.6292],[14.1599,40.6229],[14.1589,40.6187],[14.1611,40.6146],[14.1604,40.6083],[14.1579,40.6042],[14.1438,40.5922],[14.1396,40.5872],[14.132,40.575],[14.1267,40.5688],[14.1218,40.5583],[14.1141,40.55],[14.1079,40.5458],[14.1054,40.5396],[14.1229,40.5302],[14.1292,40.5294],[14.1479,40.5325],[14.1562,40.5366],[14.1604,40.5365],[14.175,40.5327],[14.1833,40.5295],[14.1937,40.5292],[14.2021,40.5265],[14.2125,40.5252],[14.2208,40.5253],[14.2562,40.5295],[14.2646,40.5289],[14.2688,40.5302],[14.2752,40.5354],[14.2792,40.5417],[14.2854,40.545],[14.2979,40.5487],[14.3042,40.554],[14.3167,40.5532],[14.3292,40.5588],[14.3458,40.5608],[14.3583,40.5647],[14.3771,40.5678],[14.4021,40.5697],[14.4146,40.5712],[14.4251,40.5708],[14.4417,40.574],[14.4563,40.5746],[14.4792,40.581],[14.4875,40.5825],[14.5,40.5866],[14.5125,40.5921],[14.5207,40.5979],[14.5312,40.5964],[14.5437,40.6002],[14.5646,40.6006],[14.5792,40.5999],[14.5896,40.6018],[14.5958,40.6015],[14.6021,40.6044],[14.6188,40.6017],[14.6312,40.599],[14.6375,40.5968],[14.6453,40.5917],[14.6454,40.5875],[14.6481,40.5792],[14.662,40.5688],[14.6616,40.5646],[14.6523,40.55],[14.6424,40.5417],[14.6371,40.5354],[14.6285,40.5292],[14.6248,40.525],[14.6242,40.5208],[14.6204,40.5125],[14.6167,40.5089],[14.6059,40.5042],[14.6046,40.4958],[14.6014,40.4875],[14.5944,40.4771],[14.5979,40.475],[14.6083,40.474],[14.6125,40.4723],[14.6176,40.4667],[14.6184,40.4625],[14.6157,40.4583],[14.6069,40.4521],[14.5938,40.4444],[14.5783,40.4292],[14.5739,40.4229],[14.5708,40.421],[14.5604,40.4183],[14.556,40.4146],[14.5458,40.4112],[14.5312,40.4053],[14.5208,40.4036],[14.5107,40.3979],[14.5106,40.3937],[14.5208,40.3875],[14.5354,40.3848],[14.5396,40.3822],[14.5476,40.3729],[14.5503,40.3625],[14.554,40.3563],[14.5556,40.35],[14.5544,40.3417],[14.5543,40.3333],[14.5519,40.3271],[14.5422,40.3188],[14.5389,40.3083],[14.5307,40.3021],[14.5279,40.2979],[14.5314,40.2833],[14.5321,40.2708],[14.5314,40.2625],[14.5322,40.2583],[14.5354,40.2557],[14.5437,40.2528],[14.5506,40.2479],[14.554,40.2437],[14.557,40.2354],[14.5646,40.2293],[14.5708,40.2274],[14.5752,40.2208],[14.5769,40.2104],[14.5767,40.1875],[14.5795,40.1792],[14.5827,40.175],[14.5896,40.1701],[14.6042,40.1655],[14.6087,40.1625],[14.6257,40.1458],[14.6342,40.1333],[14.6417,40.1299],[14.6441,40.1271],[14.6446,40.1208],[14.6428,40.1167],[14.6333,40.1078],[14.6309,40.1042],[14.6279,40.0938],[14.6212,40.0812],[14.6157,40.075],[14.6061,40.0458],[14.606,40.0417],[14.6104,40.037],[14.625,40.0391],[14.6292,40.0369],[14.6333,40.037],[14.6396,40.0407],[14.6458,40.0483],[14.6521,40.0521],[14.6588,40.0583],[14.6646,40.0651],[14.6687,40.0675],[14.6792,40.0694],[14.6854,40.068],[14.6952,40.0625],[14.7146,40.0547],[14.7188,40.0543],[14.7292,40.0598],[14.7333,40.0603],[14.7417,40.0544],[14.7458,40.0538],[14.7562,40.0571],[14.7625,40.0606],[14.7729,40.0599],[14.7792,40.0605],[14.7854,40.0627],[14.7979,40.0592],[14.8125,40.0591],[14.8162,40.0562],[14.8226,40.0458],[14.8208,40.0375],[14.8125,40.025],[14.8105,40.0187],[14.8108,40.0146],[14.8146,40.0109],[14.8333,40.0054],[14.8417,40.0008],[14.8458,39.9997],[14.8562,39.9993],[14.8792,40.0042],[14.8896,40.0045],[14.8958,40.0035],[14.9021,40.0063],[14.9062,40.0127],[14.9146,40.0175],[14.9333,40.0201],[14.9396,40.0188],[14.9458,40.0148],[14.9625,40.0073],[14.975,40.0032],[14.9813,40.0],[14.9816,39.9958],[14.9771,39.9907],[14.9643,39.9917],[14.9607,39.9896],[14.9729,39.9869],[14.9771,39.9892],[14.9875,39.9859],[14.9938,39.9858],[15.0062,39.9822],[15.0313,39.9813],[15.0542,39.9744],[15.0625,39.9732],[15.0917,39.9708],[15.1,39.9727],[15.1062,39.9775],[15.1208,39.9772],[15.1271,39.9749],[15.1354,39.9751],[15.1396,39.974],[15.1444,39.9688],[15.1473,39.9604],[15.1583,39.9536],[15.1625,39.9532],[15.1687,39.9563],[15.1729,39.9561],[15.1813,39.9529],[15.1937,39.9503],[15.2042,39.9492],[15.2089,39.9458],[15.2145,39.9375],[15.2154,39.9333],[15.2135,39.9271],[15.2145,39.9229],[15.2188,39.9212],[15.2333,39.9225],[15.2417,39.9253],[15.25,39.9254],[15.2562,39.9225],[15.2646,39.9157],[15.275,39.91],[15.2812,39.9079],[15.2917,39.9068],[15.3084,39.9062],[15.3187,39.9035],[15.3271,39.8992],[15.3354,39.897],[15.3542,39.8987],[15.375,39.898],[15.3917,39.8997],[15.4083,39.9052],[15.4271,39.9174],[15.4375,39.9217],[15.4479,39.9251],[15.4521,39.924],[15.4667,39.9246],[15.4707,39.9271],[15.4747,39.9333],[15.4733,39.9396],[15.4738,39.9458],[15.4723,39.9542],[15.4665,39.9583],[15.4674,39.9646],[15.4658,39.9708],[15.466,39.9792],[15.4686,39.9833],[15.4833,39.9951],[15.488,39.9979],[15.5062,40.0053],[15.5208,40.0044],[15.5292,40.0076],[15.5417,40.009],[15.5479,40.0045],[15.5604,39.999],[15.5667,40.0006],[15.5737,40.0],[15.5875,39.9889],[15.5917,39.9871],[15.6021,39.9864],[15.6083,39.99],[15.6146,39.9911],[15.6188,39.9862],[15.6292,39.9816],[15.6375,39.9811],[15.65,39.9755],[15.6586,39.9729],[15.6708,39.9657],[15.6792,39.9583],[15.6782,39.9521],[15.6813,39.948],[15.6896,39.9443],[15.6927,39.9417],[15.7027,39.9271],[15.7045,39.9229],[15.7051,39.9146],[15.7039,39.9083],[15.7052,39.9062],[15.7146,39.8989],[15.7239,39.8896],[15.7249,39.8854],[15.7239,39.8792],[15.7314,39.8771],[15.7249,39.8563],[15.7198,39.8479]]]}},{"type":"Feature","properties":{"depth":-500},"geometry":{"type":"MultiLineString","coordinates":[[[14.8333,39.9885],[14.8271,39.9861],[14.8187,39.9814],[14.8083,39.9772],[14.8006,39.9729],[14.7896,39.9653],[14.7771,39.9594],[14.772,39.9542],[14.7652,39.9438],[14.7633,39.9333],[14.7597,39.9271],[14.7552,39.9167],[14.7552,39.9125],[14.7583,39.8958],[14.7604,39.8933],[14.7688,39.8925],[14.7729,39.8955],[14.7771,39.9017],[14.7879,39.9062],[14.7958,39.9082],[14.8198,39.9188],[14.8377,39.9271],[14.8519,39.9375],[14.8562,39.9432],[14.8608,39.9458],[14.8792,39.9531],[14.8854,39.9548],[14.9103,39.9583],[14.9235,39.9625],[14.9291,39.9667],[14.9336,39.975],[14.9334,39.9813],[14.9292,39.9846],[14.9125,39.9883],[14.8917,39.9869],[14.8792,39.988],[14.8562,39.9879],[14.8396,39.9893],[14.8333,39.9885]]]}},{"type":"Feature","properties":{"depth":-500},"geometry":{"type":"MultiLineString","coordinates":[[[13.4583,40.7059],[13.4938,40.7143],[13.5104,40.7199],[13.5188,40.7258],[13.5229,40.7314],[13.5292,40.7364],[13.5333,40.7367],[13.5376,40.7333],[13.5368,40.7271],[13.5389,40.7229],[13.5458,40.7233],[13.5482,40.7271],[13.5485,40.7354],[13.5474,40.7417],[13.5519,40.7521],[13.55,40.7545],[13.5396,40.7533],[13.5354,40.7542],[13.5307,40.7583],[13.528,40.7646],[13.5204,40.7729],[13.5205,40.7792],[13.5221,40.7833],[13.5286,40.7896],[13.5229,40.7937],[13.5081,40.7979],[13.5042,40.8011],[13.4983,40.8104],[13.5042,40.8141],[13.5078,40.8188],[13.5062,40.8267],[13.5017,40.8312],[13.4979,40.8372],[13.4896,40.8379],[13.4842,40.8438],[13.475,40.8439],[13.4667,40.8477],[13.4563,40.8479],[13.4458,40.8529],[13.435,40.8542],[13.4187,40.8613],[13.4104,40.8627],[13.4,40.8623],[13.3961,40.8604],[13.3917,40.8529],[13.3833,40.8503],[13.3683,40.8417],[13.3625,40.8359],[13.3562,40.8316],[13.3447,40.8208],[13.3413,40.8083],[13.3393,40.7958],[13.3399,40.7917],[13.3461,40.7792],[13.3465,40.7729],[13.3491,40.7667],[13.3521,40.7521],[13.356,40.7458],[13.3497,40.7375],[13.3505,40.7333],[13.3542,40.7306],[13.3625,40.729],[13.375,40.7336],[13.3875,40.733],[13.3938,40.7303],[13.4042,40.7323],[13.4104,40.7264],[13.4164,40.7229],[13.4183,40.7167],[13.425,40.7122],[13.4479,40.7096],[13.4583,40.7059]]]}},{"type":"Feature","properties":{"depth":-500},"geometry":{"type":"MultiLineString","coordinates":[[[12.8125,41.006],[12.8021,41.0087],[12.7937,41.0124],[12.7875,41.0166],[12.7792,41.0248],[12.7667,41.0331],[12.752,41.0438],[12.7499,41.0479],[12.7471,41.0604],[12.7449,41.0646],[12.737,41.075],[12.7226,41.0979],[12.7196,41.1042],[12.7197,41.1187],[12.7227,41.1229],[12.7292,41.124],[12.7375,41.1218],[12.7497,41.1125],[12.7646,41.1033],[12.775,41.0975],[12.7792,41.0974],[12.7875,41.1008],[12.8021,41.101],[12.8124,41.0979],[12.8187,41.0944],[12.8313,41.0846],[12.8479,41.0761],[12.8604,41.0747],[12.8644,41.0708],[12.8769,41.0521],[12.8822,41.0396],[12.8787,41.0312],[12.8732,41.0271],[12.8667,41.024],[12.8542,41.0142],[12.8458,41.0104],[12.8384,41.0083],[12.8271,41.0064],[12.8125,41.006]]]}},{"type":"Feature","properties":{"depth":-500},"geometry":{"type":"MultiLineString","coordinates":[[[12.05,41.285],[12.0625,41.2932],[12.0751,41.3042],[12.0767,41.3083],[12.0766,41.3208],[12.0783,41.3271],[12.0813,41.329],[12.0875,41.3295],[12.0958,41.3284],[12.1023,41.3292],[12.1043,41.3312],[12.1034,41.3396],[12.1072,41.3438],[12.1208,41.3502],[12.1354,41.3595],[12.1384,41.3625],[12.1389,41.3687],[12.1416,41.375],[12.1395,41.3813],[12.14,41.3854],[12.1449,41.3896],[12.1434,41.3979],[12.1373,41.4083],[12.1312,41.411],[12.1188,41.4118],[12.1104,41.4111],[12.0938,41.4086],[12.0771,41.4092],[12.0583,41.4108],[12.05,41.4108],[12.0396,41.409],[12.0312,41.4055],[12.0229,41.4001],[12.0167,41.3937],[12.014,41.3875],[12.0119,41.3792],[12.0076,41.3542],[12.006,41.3354],[12.0071,41.3271],[12.0104,41.3167],[12.0146,41.3081],[12.0184,41.3042],[12.0417,41.2897],[12.05,41.285]]]}},{"type":"Feature","properties":{"depth":-200},"geometry":{"type":"MultiLineString","coordinates":[[[11.6582,41.95],[11.6583,41.9497],[11.6612,41.9458],[11.6708,41.9411],[11.6875,41.926],[11.6937,41.9219],[11.7021,41.9196],[11.7167,41.9188],[11.722,41.9146],[11.7312,41.9046],[11.7417,41.8963],[11.7528,41.8833],[11.7562,41.8806],[11.7667,41.8757],[11.7812,41.8717],[11.7896,41.8683],[11.8,41.8613],[11.8146,41.8556],[11.8229,41.8502],[11.8313,41.8461],[11.8646,41.8343],[11.8729,41.8306],[11.89,41.8208],[11.9042,41.8179],[11.9125,41.8148],[11.9271,41.8031],[11.9363,41.7979],[11.9521,41.7863],[11.9563,41.7838],[11.9667,41.7802],[11.9875,41.7664],[11.9937,41.7583],[12.0062,41.7457],[12.0224,41.7313],[12.0271,41.7279],[12.0378,41.7167],[12.06,41.6917],[12.0767,41.6708],[12.0958,41.645],[12.1042,41.6365],[12.1146,41.6294],[12.1292,41.6253],[12.1375,41.6201],[12.1417,41.6153],[12.1484,41.6021],[12.1489,41.5896],[12.1546,41.5771],[12.1577,41.5646],[12.1644,41.5438],[12.1685,41.5354],[12.179,41.5208],[12.1973,41.5],[12.2009,41.4937],[12.2058,41.4771],[12.2104,41.4725],[12.2188,41.4672],[12.2312,41.4579],[12.2346,41.4542],[12.2438,41.441],[12.2542,41.4312],[12.2731,41.4167],[12.2812,41.4095],[12.2896,41.4009],[12.2958,41.3957],[12.3042,41.3913],[12.3167,41.3867],[12.325,41.3829],[12.3333,41.3773],[12.3476,41.3604],[12.3521,41.3564],[12.3607,41.3521],[12.375,41.3473],[12.3854,41.3422],[12.3963,41.3333],[12.403,41.325],[12.4083,41.3169],[12.4168,41.3083],[12.4433,41.2917],[12.4607,41.2833],[12.4688,41.2808],[12.4854,41.2734],[12.5062,41.2599],[12.5167,41.2561],[12.5292,41.2493],[12.5437,41.2374],[12.5521,41.2336],[12.5687,41.2249],[12.5917,41.2162],[12.6146,41.2124],[12.6292,41.211],[12.6529,41.2021],[12.6625,41.1995],[12.6813,41.199],[12.6937,41.1993],[12.7,41.1984],[12.7229,41.1916],[12.7375,41.1814],[12.7506,41.175],[12.7604,41.1716],[12.775,41.1698],[12.7875,41.1643],[12.7928,41.1604],[12.8065,41.1479],[12.8167,41.1375],[12.8248,41.1333],[12.8479,41.1284],[12.8542,41.1263],[12.8604,41.1227],[12.8771,41.119],[12.8979,41.1152],[12.9062,41.112],[12.9146,41.1057],[12.9203,41.0979],[12.9271,41.0913],[12.9363,41.0854],[12.956,41.0688],[12.9729,41.0607],[12.977,41.0562],[12.9798,41.0479],[12.9751,41.0354],[12.9759,41.0292],[12.9647,41.0146],[12.9641,41.0104],[12.9667,41.0058],[12.9813,40.9917],[12.9812,40.9875],[12.9765,40.9792],[12.9682,40.9708],[12.9564,40.9625],[12.9271,40.9471],[12.9208,40.943],[12.9167,40.9419],[12.9125,40.9436],[12.9021,40.952],[12.8947,40.9625],[12.8812,40.9714],[12.8667,40.9779],[12.8562,40.9806],[12.8458,40.985],[12.8354,40.9858],[12.825,40.9892],[12.8208,40.9896],[12.8083,40.9879],[12.7875,40.987],[12.7646,40.9832],[12.7548,40.9792],[12.7487,40.9688],[12.7475,40.9604],[12.7542,40.9574],[12.7574,40.9542],[12.758,40.9458],[12.7542,40.9417],[12.7427,40.9333],[12.7375,40.9274],[12.7357,40.9229],[12.7395,40.9167],[12.7408,40.9083],[12.7381,40.9],[12.7394,40.8979],[12.7479,40.8984],[12.7604,40.8957],[12.7771,40.8953],[12.7917,40.8936],[12.8021,40.8898],[12.8056,40.8854],[12.8125,40.8733],[12.8187,40.8697],[12.825,40.8645],[12.8292,40.8631],[12.8417,40.8634],[12.8479,40.8616],[12.8562,40.8629],[12.8688,40.8637],[12.8812,40.8615],[12.8918,40.8542],[12.9021,40.8496],[12.9104,40.8502],[12.9187,40.8555],[12.925,40.8563],[12.9303,40.85],[12.9333,40.8488],[12.9521,40.8515],[12.9578,40.8583],[12.9625,40.8616],[12.9708,40.8603],[12.9792,40.8546],[12.9896,40.8526],[12.9976,40.8542],[13.0016,40.8563],[13.0128,40.8687],[13.0165,40.8771],[13.0163,40.8854],[13.0121,40.8917],[13.0122,40.8958],[13.0256,40.9042],[13.0458,40.9156],[13.0521,40.9181],[13.0592,40.9229],[13.064,40.9292],[13.0687,40.9333],[13.0792,40.9367],[13.0854,40.9417],[13.0938,40.9451],[13.1042,40.9474],[13.1104,40.954],[13.1176,40.9562],[13.1194,40.9625],[13.1292,40.9676],[13.1396,40.9742],[13.15,40.9823],[13.1562,40.9832],[13.1667,40.9862],[13.1758,40.9917],[13.1803,40.9979],[13.1875,40.9997],[13.2208,41.0003],[13.2509,41.0083],[13.2698,41.0146],[13.2723,41.0208],[13.2771,41.0262],[13.2854,41.0268],[13.2917,41.0218],[13.3042,41.0254],[13.3187,41.032],[13.3292,41.0355],[13.3458,41.0448],[13.3688,41.0557],[13.3771,41.0576],[13.3979,41.0582],[13.4167,41.0612],[13.4313,41.0598],[13.4583,41.0591],[13.4917,41.0519],[13.5146,41.0437],[13.5479,41.0368],[13.5792,41.0252],[13.5938,41.0188],[13.6032,41.0125],[13.6083,41.0073],[13.6125,41.0059],[13.6271,41.0062],[13.6479,41.0111],[13.6562,41.0097],[13.6663,41.0021],[13.675,40.9985],[13.6806,40.9917],[13.6797,40.9833],[13.6753,40.9729],[13.6794,40.9667],[13.6875,40.9607],[13.7047,40.95],[13.7134,40.9438],[13.7228,40.9396],[13.7354,40.9368],[13.75,40.9317],[13.7688,40.9213],[13.7792,40.9146],[13.7937,40.911],[13.8083,40.8997],[13.8313,40.89],[13.8458,40.8787],[13.8521,40.8747],[13.8625,40.8646],[13.8712,40.8583],[13.8721,40.85],[13.8853,40.8333],[13.8856,40.8292],[13.8799,40.825],[13.8765,40.8188],[13.8708,40.8126],[13.8677,40.8062],[13.8686,40.8021],[13.8738,40.7938],[13.8747,40.7875],[13.8688,40.7816],[13.8646,40.7792],[13.8542,40.776],[13.8417,40.7763],[13.8333,40.7722],[13.825,40.7707],[13.8215,40.7687],[13.8199,40.7646],[13.8235,40.7583],[13.8212,40.75],[13.8125,40.7426],[13.8042,40.7393],[13.7958,40.7416],[13.7913,40.7375],[13.7926,40.7313],[13.7958,40.7297],[13.8021,40.7299],[13.8083,40.7276],[13.8188,40.7167],[13.8229,40.7072],[13.8271,40.7057],[13.8375,40.7058],[13.85,40.7011],[13.8583,40.6951],[13.8729,40.6876],[13.8833,40.6845],[13.8875,40.6845],[13.8958,40.6893],[13.9,40.6906],[13.9125,40.6909],[13.9187,40.6895],[13.9396,40.6907],[13.9479,40.6898],[13.9563,40.6929],[13.9625,40.6923],[13.9688,40.6857],[13.9812,40.6826],[13.9938,40.6838],[14.0062,40.6903],[14.0146,40.6938],[14.0216,40.6979],[14.0292,40.7109],[14.0357,40.7167],[14.0342,40.7229],[14.035,40.7271],[14.0417,40.7346],[14.0479,40.7384],[14.0563,40.7404],[14.0601,40.7375],[14.059,40.7292],[14.0625,40.725],[14.0729,40.7266],[14.0793,40.7188],[14.0777,40.7146],[14.0708,40.7076],[14.0677,40.7021],[14.0682,40.6979],[14.0729,40.6942],[14.0813,40.6937],[14.0848,40.6958],[14.0875,40.7067],[14.0917,40.7104],[14.0958,40.7077],[14.1021,40.7012],[14.1083,40.7039],[14.1125,40.7041],[14.1208,40.6998],[14.1292,40.6998],[14.1353,40.7021],[14.1402,40.7062],[14.1435,40.7125],[14.1479,40.7157],[14.1563,40.7188],[14.1682,40.725],[14.1771,40.7305],[14.1854,40.733],[14.1955,40.7417],[14.1988,40.75],[14.1963,40.7604],[14.1979,40.7621],[14.2046,40.7604],[14.2125,40.755],[14.217,40.75],[14.2241,40.7354],[14.2243,40.725],[14.2199,40.7146],[14.2119,40.7083],[14.2121,40.7042],[14.2083,40.7014],[14.2021,40.7058],[14.1958,40.7062],[14.1895,40.7021],[14.1889,40.7],[14.2018,40.6854],[14.2018,40.6771],[14.203,40.6729],[14.2077,40.6667],[14.2112,40.6646],[14.2318,40.6583],[14.2302,40.6562],[14.2204,40.6542],[14.2164,40.6521],[14.2157,40.6479],[14.2181,40.6417],[14.2158,40.6271],[14.2063,40.6138],[14.1917,40.6021],[14.1838,40.5917],[14.1771,40.5849],[14.1713,40.5812],[14.1645,40.575],[14.1417,40.55],[14.1402,40.5458],[14.1438,40.5439],[14.1562,40.5459],[14.1667,40.545],[14.1792,40.5404],[14.1873,40.5354],[14.2021,40.5342],[14.2208,40.5316],[14.2333,40.5336],[14.25,40.5344],[14.2646,40.5374],[14.2685,40.5396],[14.2714,40.5458],[14.2812,40.5556],[14.2896,40.5578],[14.2979,40.5627],[14.3063,40.5633],[14.3146,40.5626],[14.325,40.5638],[14.3313,40.5656],[14.3438,40.5665],[14.3542,40.5705],[14.375,40.5736],[14.4021,40.5748],[14.4125,40.5761],[14.425,40.5753],[14.4417,40.5797],[14.4543,40.5812],[14.4583,40.5826],[14.4833,40.5876],[14.4967,40.5917],[14.5044,40.5958],[14.5104,40.6066],[14.5146,40.6085],[14.5292,40.6053],[14.5333,40.606],[14.5458,40.6116],[14.55,40.6124],[14.5604,40.6099],[14.5729,40.609],[14.5792,40.6101],[14.5875,40.6133],[14.6042,40.6184],[14.6125,40.6189],[14.6188,40.6165],[14.6271,40.6164],[14.6333,40.6146],[14.6458,40.6138],[14.6543,40.6104],[14.6586,40.6042],[14.6675,40.5979],[14.6708,40.5879],[14.6896,40.5776],[14.7006,40.5729],[14.7188,40.5671],[14.7345,40.5583],[14.7479,40.5454],[14.7667,40.5231],[14.7707,40.5167],[14.7731,40.5104],[14.7738,40.5021],[14.771,40.4896],[14.7674,40.4854],[14.7479,40.4756],[14.7333,40.4705],[14.725,40.4669],[14.7189,40.4625],[14.7167,40.4583],[14.7153,40.45],[14.7121,40.4417],[14.7037,40.4292],[14.6917,40.4229],[14.6854,40.4211],[14.6771,40.4168],[14.6678,40.4104],[14.6564,40.4],[14.648,40.3896],[14.6457,40.3833],[14.6435,40.3729],[14.6354,40.3671],[14.6188,40.3619],[14.6021,40.3597],[14.5968,40.3583],[14.5929,40.3542],[14.5917,40.35],[14.5934,40.3458],[14.5996,40.3396],[14.6006,40.3354],[14.5971,40.3271],[14.5938,40.3231],[14.5774,40.3083],[14.5672,40.3],[14.5619,40.2938],[14.5602,40.2896],[14.5579,40.275],[14.5726,40.2563],[14.5804,40.25],[14.5875,40.2481],[14.6,40.2467],[14.6083,40.2386],[14.6396,40.2122],[14.6479,40.206],[14.6579,40.2],[14.6775,40.1917],[14.6828,40.1875],[14.6875,40.1814],[14.7083,40.1699],[14.7312,40.1595],[14.7438,40.1549],[14.7604,40.1504],[14.7729,40.1464],[14.7875,40.1436],[14.7958,40.1429],[14.8229,40.1424],[14.8374,40.1437],[14.8458,40.142],[14.8521,40.1379],[14.8812,40.1337],[14.8938,40.1305],[14.9026,40.1271],[14.9261,40.1083],[14.9438,40.0917],[14.9491,40.0854],[14.9563,40.0804],[14.975,40.0646],[15.0021,40.0466],[15.0333,40.0378],[15.0416,40.0333],[15.0479,40.0313],[15.0583,40.0311],[15.0792,40.0229],[15.0938,40.0216],[15.1125,40.0177],[15.1208,40.0167],[15.1403,40.0042],[15.1485,40.0],[15.1632,39.9937],[15.1771,39.991],[15.2042,39.9771],[15.2188,39.972],[15.2291,39.9646],[15.2458,39.9558],[15.2604,39.9464],[15.2732,39.9375],[15.2851,39.9312],[15.2945,39.9271],[15.3125,39.9218],[15.3271,39.9187],[15.3396,39.918],[15.35,39.9186],[15.3729,39.9216],[15.3854,39.9241],[15.4042,39.9307],[15.4181,39.9417],[15.4201,39.9479],[15.4291,39.9521],[15.4356,39.9583],[15.4363,39.9625],[15.4331,39.9688],[15.4241,39.975],[15.4266,39.9771],[15.4437,39.9787],[15.447,39.9813],[15.448,39.9875],[15.45,39.9911],[15.4583,39.993],[15.4688,39.9992],[15.4737,40.0042],[15.4833,40.0115],[15.5,40.0175],[15.5083,40.02],[15.5208,40.0269],[15.5292,40.0276],[15.5375,40.0239],[15.55,40.0205],[15.5602,40.0146],[15.5792,40.0106],[15.5896,40.0099],[15.5958,40.0047],[15.6021,40.0021],[15.6095,40.0042],[15.6146,40.01],[15.6188,40.0113],[15.6271,40.0086],[15.6305,40.0063],[15.6319,39.9979],[15.6354,39.9966],[15.6417,39.9985],[15.6458,39.9969],[15.6562,39.987],[15.6687,39.9843],[15.6729,39.9846],[15.6875,39.9818],[15.7005,39.9625],[15.703,39.9542],[15.7083,39.9475],[15.7146,39.9447],[15.7178,39.9417],[15.7266,39.9208],[15.7396,39.9042],[15.7445,39.8917],[15.7531,39.8833],[15.7544,39.875],[15.7468,39.8604],[15.7383,39.8479]]]}},{"type":"Feature","properties":{"depth":-200},"geometry":{"type":"MultiLineString","coordinates":[[[13.4708,40.7499],[13.4792,40.7497],[13.4854,40.7517],[13.4903,40.7563],[13.4919,40.7604],[13.4931,40.7708],[13.4913,40.775],[13.4861,40.7812],[13.482,40.7917],[13.4775,40.7979],[13.4767,40.8083],[13.4742,40.8146],[13.4708,40.8171],[13.4625,40.8197],[13.4551,40.825],[13.4442,40.8375],[13.4354,40.8407],[13.425,40.841],[13.4187,40.8437],[13.4125,40.8438],[13.4021,40.8403],[13.3909,40.8375],[13.3792,40.8309],[13.3708,40.824],[13.3602,40.8167],[13.3562,40.8125],[13.3554,40.8083],[13.3564,40.7958],[13.358,40.7917],[13.3704,40.775],[13.3728,40.7687],[13.3771,40.7639],[13.3917,40.7554],[13.4042,40.7517],[13.4146,40.7526],[13.4333,40.7514],[13.4604,40.7509],[13.4708,40.7499]]]}},{"type":"Feature","properties":{"depth":-100},"geometry":{"type":"MultiLineString","coordinates":[[[14.2081,40.5375],[14.2188,40.5354],[14.2333,40.5378],[14.25,40.5375],[14.2631,40.5438],[14.2771,40.5612],[14.2917,40.5685],[14.3083,40.5698],[14.3238,40.5679]]]}},{"type":"Feature","properties":{"depth":-100},"geometry":{"type":"MultiLineString","coordinates":[[[14.3469,40.5719],[14.3521,40.5736],[14.3771,40.5774],[14.4146,40.5791],[14.425,40.578],[14.4296,40.5788]]]}},{"type":"Feature","properties":{"depth":-100},"geometry":{"type":"MultiLineString","coordinates":[[[14.4333,40.5804],[14.4482,40.5854],[14.4474,40.5938],[14.4506,40.5979],[14.4563,40.6019],[14.4646,40.6052],[14.475,40.605],[14.4827,40.6],[14.4817,40.5938],[14.4854,40.5927],[14.4974,40.5979],[14.5027,40.6063],[14.5067,40.6104],[14.5146,40.6121],[14.5191,40.6108]]]}},{"type":"Feature","properties":{"depth":-100},"geometry":{"type":"MultiLineString","coordinates":[[[14.5753,40.6128],[14.6,40.6221],[14.6104,40.6246],[14.6292,40.6226],[14.6354,40.6212],[14.6458,40.6205],[14.6562,40.6177],[14.6687,40.6113],[14.6792,40.6075],[14.6916,40.6042],[14.7021,40.6003],[14.7146,40.5966],[14.7375,40.586],[14.7562,40.5718],[14.7667,40.562],[14.7839,40.5417],[14.7924,40.5292],[14.8031,40.5104],[14.8131,40.4875],[14.8217,40.4604],[14.8319,40.4188],[14.8344,40.4021],[14.8345,40.3521],[14.8332,40.3312],[14.8315,40.3208],[14.8248,40.2917],[14.8229,40.2854],[14.8226,40.2792],[14.8205,40.275],[14.8104,40.2661],[14.8021,40.2637],[14.7979,40.2604],[14.797,40.2542],[14.7833,40.2487],[14.7771,40.2482],[14.7708,40.2447],[14.7661,40.2375],[14.7708,40.233],[14.7875,40.2306],[14.7979,40.2276],[14.8168,40.225],[14.8245,40.2188],[14.8292,40.2165],[14.8396,40.2145],[14.8583,40.2136],[14.8667,40.2125],[14.8854,40.2084],[14.9021,40.2004],[14.9146,40.1908],[14.9229,40.1864],[14.9333,40.1873],[14.9448,40.1854],[14.9563,40.1817],[14.9667,40.1792],[14.9792,40.1718],[14.9854,40.1663],[14.9949,40.1562],[15.0021,40.1514],[15.016,40.1458],[15.0222,40.1417],[15.0259,40.1375],[15.029,40.1313],[15.0375,40.1272],[15.0422,40.1208],[15.0443,40.1146],[15.0499,40.1021],[15.0583,40.0978],[15.0625,40.0973],[15.0687,40.1017],[15.0729,40.1018],[15.0833,40.0988],[15.0917,40.0986],[15.1104,40.0996],[15.1167,40.1005],[15.1304,40.1],[15.1439,40.0979],[15.1583,40.0935],[15.1751,40.0854],[15.1854,40.0763],[15.1917,40.0731],[15.2078,40.0604],[15.2136,40.0542],[15.2229,40.0421],[15.2292,40.0361],[15.2376,40.025],[15.2452,40.0104],[15.252,40.0042],[15.2583,39.9969],[15.2689,39.9917],[15.275,39.9866],[15.2896,39.9796],[15.2958,39.9742],[15.3077,39.9583],[15.3173,39.9521],[15.3252,39.9458],[15.3333,39.9425],[15.3438,39.9413],[15.3583,39.9429],[15.3667,39.9452],[15.3792,39.9472],[15.3958,39.9567],[15.4021,39.9614],[15.41,39.9646],[15.4095,39.9708],[15.4113,39.975],[15.4167,39.9806],[15.4208,39.9828],[15.4359,39.9854],[15.4396,39.9883],[15.4458,39.9971],[15.4563,40.0001],[15.4643,40.0042],[15.4792,40.0159],[15.5042,40.0247],[15.5188,40.0327],[15.5229,40.0343],[15.5312,40.0338],[15.5396,40.0309],[15.55,40.0303],[15.575,40.0321],[15.6,40.0324],[15.6167,40.0286],[15.6354,40.0182],[15.6479,40.0098],[15.6608,39.9958],[15.6667,39.9916],[15.6708,39.9904],[15.6896,39.9869],[15.6944,39.9833],[15.7054,39.9646],[15.708,39.9562],[15.7111,39.9521],[15.7188,39.9479],[15.722,39.9438],[15.7266,39.9333],[15.7324,39.9229],[15.7423,39.9083],[15.7479,39.8977],[15.7567,39.8875],[15.7595,39.8813],[15.7608,39.875],[15.7598,39.8708],[15.7528,39.8542],[15.7475,39.8479]]]}},{"type":"Feature","properties":{"depth":-100},"geometry":{"type":"MultiLineString","coordinates":[[[13.8958,40.6933],[13.9125,40.6945],[13.9187,40.6936],[13.9292,40.6937],[13.9479,40.6953],[13.9542,40.6992],[13.9604,40.7004],[13.9667,40.6982],[13.9711,40.6917],[13.9792,40.6876],[13.9833,40.6871],[13.9917,40.6888],[14.0014,40.6958],[14.0035,40.7],[14.0023,40.7062],[13.9975,40.7125],[14.0021,40.7222],[14.0089,40.7292],[14.0212,40.7375],[14.0267,40.7458],[14.0382,40.75],[14.0479,40.7522],[14.0625,40.754],[14.0729,40.7523],[14.0833,40.749],[14.0917,40.748],[14.0979,40.7487],[14.1062,40.7517],[14.1104,40.7519],[14.1146,40.7497],[14.1271,40.7392],[14.1375,40.7329],[14.1438,40.7315],[14.1521,40.7351],[14.157,40.7396],[14.1584,40.7437],[14.1556,40.75],[14.15,40.7551],[14.1354,40.7657],[14.1271,40.7674],[14.1146,40.7615],[14.1098,40.7646],[14.1091,40.775],[14.1104,40.7797],[14.1166,40.7917],[14.1229,40.7938],[14.1292,40.7937],[14.1438,40.7901],[14.1479,40.7871],[14.1522,40.7812],[14.1529,40.7729],[14.1562,40.77],[14.1625,40.7709],[14.1651,40.775],[14.1658,40.7812],[14.1729,40.7821],[14.1875,40.7781],[14.2104,40.78],[14.2204,40.7833],[14.2292,40.7884],[14.2333,40.7894],[14.2479,40.7898],[14.2562,40.7931],[14.2643,40.8],[14.2771,40.8052],[14.2896,40.8051],[14.2979,40.8024],[14.3148,40.7938],[14.3229,40.7886],[14.3313,40.7789],[14.343,40.7604],[14.35,40.7538],[14.3634,40.7375],[14.3784,40.725],[14.3821,40.7208],[14.3877,40.7104],[14.3943,40.6833],[14.3945,40.6729],[14.3929,40.6688],[14.3854,40.6581],[14.3771,40.6499],[14.3708,40.648],[14.3634,40.6437],[14.3562,40.6417],[14.3458,40.6407],[14.3313,40.6344],[14.3187,40.6278],[14.3082,40.6187],[14.3021,40.6121],[14.2854,40.6068],[14.2768,40.6021],[14.2721,40.5938],[14.2631,40.5833],[14.2458,40.5724],[14.2292,40.5686],[14.2188,40.5675],[14.2083,40.5646],[14.2,40.5634],[14.1965,40.5604],[14.1929,40.5479],[14.1929,40.5396],[14.1979,40.5379]]]}},{"type":"Feature","properties":{"depth":-100},"geometry":{"type":"MultiLineString","coordinates":[[[11.8379,41.95],[11.8416,41.9479],[11.8646,41.9301],[11.8812,41.9157],[11.8894,41.9125],[11.9021,41.906],[11.9167,41.8958],[11.9325,41.8896],[11.9375,41.8868],[11.9561,41.8708],[11.9667,41.8654],[11.9854,41.8588],[11.9899,41.8563],[12.0083,41.8418],[12.018,41.8354],[12.0375,41.8157],[12.0422,41.8104],[12.0594,41.7979],[12.0653,41.7875],[12.0786,41.7687],[12.0917,41.7565],[12.1042,41.7418],[12.1125,41.7343],[12.1341,41.7125],[12.1646,41.6854],[12.1771,41.6766],[12.1958,41.6641],[12.2053,41.6583],[12.2192,41.6458],[12.2326,41.6292],[12.2407,41.6167],[12.2521,41.6027],[12.2621,41.5896],[12.2792,41.5748],[12.2854,41.568],[12.2917,41.5653],[12.3042,41.5576],[12.3146,41.5525],[12.3292,41.5433],[12.3438,41.5317],[12.3604,41.5246],[12.37,41.5146],[12.3872,41.5021],[12.4059,41.4896],[12.4142,41.4792],[12.4229,41.4642],[12.43,41.4542],[12.4357,41.4417],[12.4365,41.4271],[12.4411,41.4229],[12.4505,41.4208],[12.4583,41.4176],[12.4638,41.4125],[12.4688,41.4102],[12.4854,41.4062],[12.5,41.3983],[12.5208,41.39],[12.5329,41.3833],[12.5542,41.3696],[12.575,41.3512],[12.5813,41.3484],[12.5938,41.346],[12.605,41.3396],[12.6096,41.3354],[12.6167,41.3314],[12.6396,41.3254],[12.6583,41.3212],[12.6661,41.3167],[12.6724,41.3083],[12.6776,41.2958],[12.683,41.2896],[12.6917,41.2849],[12.7042,41.2848],[12.7125,41.2833],[12.7292,41.275],[12.7479,41.2692],[12.7542,41.2692],[12.775,41.2749],[12.7792,41.2737],[12.7833,41.2689],[12.7875,41.2679],[12.7917,41.2698],[12.7979,41.2689],[12.8104,41.2655],[12.8208,41.2642],[12.826,41.2604],[12.8267,41.2563],[12.8216,41.2396],[12.8237,41.2354],[12.8333,41.2284],[12.8417,41.2278],[12.8521,41.2327],[12.8562,41.236],[12.8666,41.25],[12.8708,41.2517],[12.8771,41.25],[12.8875,41.2442],[12.9021,41.2435],[12.9104,41.2412],[12.9229,41.2352],[12.9292,41.2298],[12.9396,41.2294],[12.9432,41.2271],[12.9443,41.2229],[12.9479,41.2213],[12.9542,41.2219],[12.9625,41.2206],[12.9688,41.2161],[12.9792,41.2163],[12.9958,41.2121],[13.0042,41.2051],[13.0104,41.2018],[13.0172,41.1958],[13.0321,41.1875],[13.0362,41.1833],[13.035,41.175],[13.0364,41.1708],[13.04,41.1688],[13.0542,41.1665],[13.0604,41.1644],[13.0661,41.1604],[13.0721,41.1542],[13.0821,41.1479],[13.0886,41.1417],[13.0933,41.1292],[13.0966,41.125],[13.1042,41.122],[13.1125,41.1225],[13.1194,41.1271],[13.125,41.1368],[13.1292,41.1382],[13.1375,41.134],[13.1583,41.1322],[13.1771,41.1329],[13.1979,41.136],[13.2063,41.1352],[13.2208,41.1313],[13.2271,41.1312],[13.2312,41.1336],[13.2369,41.1396],[13.2458,41.1431],[13.2604,41.1447],[13.2729,41.1483],[13.2792,41.1519],[13.2896,41.1604],[13.2937,41.1616],[13.3019,41.1562],[13.3104,41.1523],[13.3211,41.15],[13.3375,41.1429],[13.3438,41.1411],[13.3542,41.1398],[13.3625,41.1408],[13.3708,41.1439],[13.3752,41.1479],[13.3803,41.1562],[13.3825,41.1625],[13.3896,41.1692],[13.3938,41.1693],[13.4007,41.1646],[13.4037,41.1583],[13.4172,41.1417],[13.4185,41.1375],[13.4199,41.125],[13.422,41.1208],[13.4292,41.1193],[13.4333,41.1213],[13.4436,41.1313],[13.4646,41.1419],[13.4688,41.1452],[13.4743,41.1521],[13.4792,41.1604],[13.4833,41.1635],[13.4896,41.1622],[13.5062,41.1503],[13.5097,41.1437],[13.5105,41.1333],[13.5144,41.125],[13.5188,41.1215],[13.5354,41.1137],[13.5437,41.1127],[13.5517,41.1167],[13.5557,41.1208],[13.5571,41.1271],[13.5564,41.1333],[13.5583,41.1409],[13.5604,41.1431],[13.5667,41.1433],[13.5708,41.1415],[13.5833,41.1295],[13.594,41.125],[13.5968,41.1208],[13.5971,41.1104],[13.6021,41.1026],[13.6062,41.099],[13.6146,41.0969],[13.625,41.0974],[13.6341,41.1042],[13.6396,41.1097],[13.6479,41.1073],[13.6542,41.104],[13.6667,41.0917],[13.6719,41.0854],[13.6768,41.075],[13.6896,41.0651],[13.7,41.0614],[13.7083,41.056],[13.7145,41.0479],[13.7206,41.0375],[13.7421,41.0104],[13.7552,40.9917],[13.7617,40.9833],[13.773,40.9708],[13.7939,40.9521],[13.8187,40.9342],[13.8359,40.9208],[13.8508,40.9104],[13.8792,40.8913],[13.8946,40.8792],[13.9066,40.8687],[13.9158,40.8583],[13.924,40.8458],[13.928,40.8312],[13.9295,40.8188],[13.9313,40.8146],[13.9388,40.8042],[13.9424,40.7958],[13.9445,40.7792],[13.9435,40.775],[13.9396,40.7717],[13.9313,40.7714],[13.9208,40.7758],[13.9125,40.7755],[13.9,40.7804],[13.8918,40.7771],[13.8883,40.7708],[13.8646,40.7683],[13.8557,40.7646],[13.85,40.7586],[13.8375,40.7511],[13.8292,40.7411],[13.8226,40.7417],[13.8251,40.7354],[13.8231,40.7271],[13.8287,40.7146],[13.831,40.7125],[13.8417,40.7094],[13.8542,40.7027],[13.8604,40.6982],[13.8688,40.6951],[13.875,40.6912],[13.8833,40.6892],[13.892,40.6913]]]}},{"type":"Feature","properties":{"depth":-100},"geometry":{"type":"MultiLineString","coordinates":[[[13.4083,40.775],[13.4208,40.7732],[13.4313,40.7748],[13.4604,40.7774],[13.4646,40.7792],[13.4727,40.7854],[13.4667,40.7908],[13.4603,40.8],[13.4571,40.8104],[13.4521,40.8141],[13.4417,40.8189],[13.4271,40.8245],[13.4125,40.824],[13.3998,40.8188],[13.4,40.8167],[13.4101,40.8083],[13.4106,40.8021],[13.4019,40.7938],[13.389,40.7875],[13.3903,40.7812],[13.3938,40.7778],[13.3979,40.7763],[13.4083,40.775]]]}},{"type":"Feature","properties":{"depth":-100},"geometry":{"type":"MultiLineString","coordinates":[[[12.9042,40.8621],[12.9083,40.8633],[12.9125,40.8683],[12.9208,40.8715],[12.9396,40.8669],[12.9458,40.8665],[12.9528,40.8708],[12.9625,40.8743],[12.9708,40.875],[12.9771,40.8735],[12.9875,40.8727],[12.9913,40.8792],[12.9939,40.8896],[12.9899,40.8958],[12.9906,40.9042],[12.9938,40.908],[13.0021,40.9121],[13.0083,40.9124],[13.0167,40.9167],[13.025,40.9237],[13.0354,40.9303],[13.0417,40.9328],[13.0458,40.9361],[13.0542,40.9459],[13.0687,40.9527],[13.0808,40.9604],[13.0873,40.9708],[13.0938,40.9743],[13.1083,40.9733],[13.1131,40.975],[13.1215,40.9813],[13.1256,40.9854],[13.1138,40.9958],[13.1062,40.9992],[13.0875,41.0023],[13.0813,41.0041],[13.0646,41.0055],[13.0427,40.9958],[13.0409,40.9917],[13.0358,40.9875],[13.0307,40.9771],[13.0202,40.9708],[13.0125,40.9639],[13.0042,40.9614],[12.9979,40.956],[12.9875,40.9562],[12.9833,40.9549],[12.9729,40.9475],[12.9625,40.943],[12.9542,40.9367],[12.9375,40.9289],[12.9229,40.9229],[12.9167,40.922],[12.9042,40.9229],[12.9,40.9246],[12.8896,40.9318],[12.8854,40.9372],[12.8833,40.9434],[12.8824,40.9521],[12.8796,40.9583],[12.8742,40.9646],[12.8688,40.9688],[12.8601,40.9729],[12.8407,40.9792],[12.8313,40.9811],[12.8208,40.9817],[12.8144,40.9792],[12.8058,40.9688],[12.803,40.9625],[12.8033,40.9583],[12.8083,40.9509],[12.8124,40.9479],[12.8133,40.9417],[12.8069,40.9354],[12.7896,40.9284],[12.7833,40.9278],[12.7729,40.9246],[12.7649,40.9167],[12.7647,40.9125],[12.7688,40.9092],[12.7729,40.9084],[12.7833,40.9095],[12.7943,40.9062],[12.8125,40.8968],[12.8271,40.8986],[12.831,40.8979],[12.8333,40.8916],[12.8375,40.8896],[12.8458,40.8897],[12.8498,40.8875],[12.8524,40.8813],[12.8583,40.8789],[12.8646,40.8784],[12.875,40.8748],[12.8854,40.8738],[12.8979,40.868],[12.9042,40.8621]]]}},{"type":"Feature","properties":{"depth":-50},"geometry":{"type":"MultiLineString","coordinates":[[[15.273,40.0208],[15.2833,40.0123],[15.2958,40.006],[15.3104,40.0015],[15.3208,39.9961],[15.3354,39.992],[15.3458,39.9864],[15.3521,39.9853],[15.3625,39.9851],[15.3833,39.9866],[15.3896,39.9876],[15.4083,39.9866],[15.4167,39.9875],[15.4229,39.9896],[15.4332,40.0],[15.4397,40.0104],[15.4463,40.0146],[15.4542,40.0222],[15.4792,40.0308],[15.4979,40.0386],[15.5188,40.0448],[15.5292,40.0487],[15.5483,40.0583],[15.5542,40.0608],[15.5625,40.0626],[15.5708,40.0629],[15.5896,40.0615],[15.6042,40.0567],[15.6126,40.0521],[15.6271,40.0472],[15.6396,40.0411],[15.6457,40.0397]]]}},{"type":"Feature","properties":{"depth":-50},"geometry":{"type":"MultiLineString","coordinates":[[[15.6521,40.0375],[15.6559,40.0333],[15.6679,40.0229],[15.6708,40.0167],[15.6733,40.0063],[15.6762,40.0021],[15.699,39.9854],[15.7054,39.9771],[15.7163,39.9562],[15.7208,39.9517],[15.7259,39.9438],[15.7292,39.9356],[15.7387,39.9208],[15.7418,39.9146],[15.75,39.9024],[15.758,39.8958],[15.7641,39.8792],[15.7646,39.875],[15.7633,39.8667],[15.7678,39.8583],[15.7641,39.8479]]]}},{"type":"Feature","properties":{"depth":-50},"geometry":{"type":"MultiLineString","coordinates":[[[14.266,40.5569],[14.2672,40.5604],[14.2646,40.5642],[14.2583,40.5635],[14.2521,40.5603],[14.2438,40.5597],[14.2229,40.5628],[14.2179,40.5613]]]}},{"type":"Feature","properties":{"depth":-50},"geometry":{"type":"MultiLineString","coordinates":[[[14.3773,40.5857],[14.3896,40.5874],[14.3938,40.5842],[14.3979,40.5835],[14.4002,40.5854],[14.4012,40.5917],[14.4104,40.5959],[14.4208,40.5984],[14.4276,40.6042],[14.4375,40.6103],[14.4458,40.6136],[14.4599,40.6172]]]}},{"type":"Feature","properties":{"depth":-50},"geometry":{"type":"MultiLineString","coordinates":[[[14.5771,40.6165],[14.5868,40.6208],[14.5938,40.6259],[14.6069,40.6292],[14.6155,40.6333],[14.6208,40.639],[14.6271,40.6412],[14.6375,40.6386],[14.6521,40.6367],[14.6646,40.6319],[14.6763,40.6292],[14.6896,40.6283],[14.6958,40.6296],[14.7083,40.6297],[14.725,40.6272],[14.7396,40.6236],[14.75,40.6199],[14.765,40.6125],[14.7831,40.6],[14.7968,40.5875],[14.814,40.5688],[14.8248,40.5542],[14.8301,40.5458],[14.8384,40.5292],[14.8432,40.5167],[14.8503,40.4958],[14.8583,40.4742],[14.8662,40.4562],[14.8771,40.4365],[14.8966,40.4062],[14.9036,40.3937],[14.9097,40.3813],[14.9202,40.3563],[14.9241,40.3458],[14.9238,40.3375],[14.92,40.3208],[14.9211,40.3062],[14.9198,40.2958],[14.9128,40.275],[14.9082,40.2708],[14.8938,40.2632],[14.8792,40.2623],[14.8521,40.2562],[14.8396,40.2581],[14.8308,40.2521],[14.8288,40.2458],[14.8229,40.2406],[14.8169,40.2375],[14.8255,40.2333],[14.8438,40.2271],[14.8562,40.2314],[14.8688,40.2328],[14.8729,40.2323],[14.8833,40.2279],[14.8979,40.2246],[14.9131,40.2167],[14.9271,40.2067],[14.9354,40.2054],[14.9437,40.2075],[14.9563,40.2069],[14.9667,40.2033],[14.9771,40.1958],[14.9917,40.1877],[15.0009,40.1792],[15.0092,40.1667],[15.0146,40.163],[15.0208,40.1609],[15.0437,40.1503],[15.0521,40.1479],[15.0583,40.138],[15.0625,40.1344],[15.0667,40.1342],[15.0771,40.1411],[15.0833,40.1416],[15.1042,40.1386],[15.1167,40.1363],[15.1375,40.1316],[15.1542,40.1259],[15.1795,40.1125],[15.1875,40.1077],[15.2063,40.0944],[15.2112,40.0896],[15.2147,40.0833],[15.2208,40.0774],[15.2271,40.0766],[15.2354,40.0739],[15.2521,40.0667],[15.2583,40.0618],[15.2625,40.0563],[15.2666,40.0479],[15.2673,40.0396],[15.2669,40.0294]]]}},{"type":"Feature","properties":{"depth":-50},"geometry":{"type":"MultiLineString","coordinates":[[[14.4725,40.6204],[14.4875,40.6197],[14.5042,40.6156],[14.5125,40.6152],[14.5202,40.6132]]]}},{"type":"Feature","properties":{"depth":-50},"geometry":{"type":"MultiLineString","coordinates":[[[14.3501,40.6335],[14.3479,40.6335],[14.3354,40.627],[14.3236,40.6167],[14.3222,40.6083],[14.3141,40.5917],[14.3157,40.5854],[14.3208,40.579]]]}},{"type":"Feature","properties":{"depth":-50},"geometry":{"type":"MultiLineString","coordinates":[[[13.9583,40.7042],[13.9647,40.7062],[13.9729,40.7173],[13.9792,40.7214],[13.9877,40.7229],[13.9901,40.7292],[13.9979,40.7359],[14.0108,40.7413]]]}},{"type":"Feature","properties":{"depth":-50},"geometry":{"type":"MultiLineString","coordinates":[[[14.0254,40.7517],[14.0312,40.7548],[14.0415,40.7583],[14.0521,40.7634],[14.0625,40.7652],[14.0708,40.7654],[14.0917,40.7721],[14.0954,40.775],[14.0975,40.7812],[14.0966,40.7917],[14.0891,40.8021],[14.0879,40.8125],[14.0896,40.816],[14.0958,40.815],[14.1021,40.8109],[14.1083,40.8094],[14.1271,40.8079],[14.1354,40.8083],[14.1438,40.8076],[14.1525,40.8042],[14.1539,40.8021],[14.1551,40.7917],[14.1604,40.7868],[14.1708,40.7877],[14.1827,40.7833],[14.1925,40.7833],[14.2104,40.7908],[14.2159,40.7958],[14.2208,40.8087],[14.2292,40.8145],[14.2375,40.8167],[14.2521,40.8188],[14.2646,40.8229],[14.2792,40.825],[14.2833,40.8248],[14.2937,40.819],[14.3021,40.8157],[14.3187,40.8076],[14.3328,40.7979],[14.3445,40.7854],[14.3521,40.7728],[14.3653,40.7604],[14.3687,40.7542],[14.375,40.7472],[14.3792,40.7443],[14.3938,40.7413],[14.4042,40.7383],[14.4203,40.7313],[14.4277,40.7271],[14.4375,40.7197],[14.4437,40.7129],[14.4518,40.7],[14.4515,40.6958],[14.4479,40.6917],[14.4354,40.6839],[14.4301,40.6792],[14.423,40.6708],[14.4146,40.6663],[14.4083,40.6605],[14.4021,40.6578],[14.3988,40.6542],[14.3969,40.6479],[14.3917,40.6414],[14.3812,40.6352],[14.3675,40.6292]]]}},{"type":"Feature","properties":{"depth":-50},"geometry":{"type":"MultiLineString","coordinates":[[[13.4535,40.793],[13.4479,40.7966],[13.4396,40.8079],[13.4354,40.8101],[13.425,40.8119],[13.4214,40.8104],[13.4195,40.8021],[13.4167,40.7983],[13.4055,40.7875],[13.4083,40.7835],[13.4208,40.7818],[13.4313,40.7822],[13.4437,40.7856],[13.4511,40.7864]]]}},{"type":"Feature","properties":{"depth":-50},"geometry":{"type":"MultiLineString","coordinates":[[[12.9599,40.8808],[12.9646,40.8811],[12.9795,40.8854],[12.9774,40.8896],[12.975,40.9021],[12.9753,40.9083],[12.9776,40.9125],[12.9833,40.9187],[13.0,40.9275],[13.0042,40.9309],[13.0129,40.9333],[13.0167,40.939],[13.0208,40.9413],[13.025,40.9479],[13.0188,40.9474],[13.0125,40.944],[13.0042,40.9413],[12.9875,40.9406],[12.9708,40.9365],[12.9542,40.9241],[12.9437,40.921],[12.9313,40.9126],[12.9208,40.9071],[12.9098,40.9042],[12.9167,40.8968],[12.9229,40.8877],[12.9333,40.8868],[12.9375,40.885],[12.9458,40.8785],[12.9521,40.8775]]]}},{"type":"Feature","properties":{"depth":-50},"geometry":{"type":"MultiLineString","coordinates":[[[11.9128,41.95],[11.9208,41.9447],[11.934,41.9333],[11.9498,41.9229],[11.9583,41.9162],[11.9708,41.9098],[11.9812,41.9069],[11.9917,41.9024],[12.0126,41.8917],[12.0297,41.8813],[12.04,41.8771],[12.0516,41.8708],[12.0667,41.8594],[12.0695,41.8563],[12.0809,41.8396],[12.0894,41.8292],[12.0938,41.822],[12.1021,41.8039],[12.1104,41.7919],[12.1192,41.775],[12.1314,41.7563],[12.1492,41.7333],[12.1748,41.7104],[12.1882,41.7],[12.1986,41.6938],[12.2167,41.6803],[12.2248,41.675],[12.2438,41.6656],[12.2542,41.6581],[12.2771,41.6437],[12.2917,41.633],[12.3,41.6278],[12.3229,41.6072],[12.3294,41.5958],[12.3375,41.5924],[12.3438,41.5936],[12.35,41.5927],[12.3604,41.5884],[12.3708,41.5824],[12.4042,41.5591],[12.4125,41.5553],[12.4317,41.5417],[12.4458,41.5311],[12.4583,41.5263],[12.4847,41.5063],[12.5042,41.4865],[12.5167,41.4716],[12.5264,41.4625],[12.5375,41.4474],[12.548,41.4354],[12.575,41.4123],[12.5884,41.4021],[12.5979,41.3929],[12.6081,41.3896],[12.6083,41.3848],[12.605,41.3813],[12.6029,41.3729],[12.6044,41.3667],[12.6083,41.3643],[12.6208,41.3622],[12.6332,41.3646],[12.6521,41.3713],[12.6729,41.3745],[12.6813,41.3746],[12.7021,41.3732],[12.7063,41.3723],[12.7312,41.363],[12.7479,41.3579],[12.7538,41.3542],[12.7598,41.3479],[12.7653,41.3396],[12.7792,41.3297],[12.7875,41.3266],[12.7979,41.3264],[12.8083,41.3274],[12.8229,41.3265],[12.8438,41.3271],[12.8771,41.3216],[12.9083,41.3215],[12.9208,41.3202],[12.936,41.3167],[12.9625,41.3021],[12.9735,41.2938],[12.9875,41.2845],[12.9917,41.2799],[13.0038,41.2604],[13.0104,41.252],[13.0146,41.2395],[13.0181,41.2313],[13.0245,41.2229],[13.0374,41.2125],[13.0542,41.2047],[13.0583,41.2035],[13.0687,41.2031],[13.0771,41.2017],[13.106,41.1917],[13.1146,41.1873],[13.1221,41.1792],[13.1292,41.1732],[13.1417,41.1702],[13.146,41.1708],[13.1494,41.175],[13.1521,41.186],[13.1646,41.2047],[13.1724,41.2146],[13.1827,41.2229],[13.1875,41.2244],[13.2,41.2263],[13.2104,41.2301],[13.2292,41.2336],[13.2438,41.2411],[13.2583,41.2453],[13.2708,41.248],[13.2917,41.2509],[13.3104,41.2517],[13.3333,41.2515],[13.3479,41.2526],[13.3542,41.2524],[13.3812,41.2495],[13.3917,41.2497],[13.4354,41.2341],[13.4437,41.2306],[13.4606,41.2271],[13.4688,41.2236],[13.4792,41.2208],[13.4894,41.2167],[13.5062,41.2053],[13.5229,41.2037],[13.5375,41.1987],[13.5479,41.1964],[13.5604,41.1953],[13.5687,41.1953],[13.5938,41.1973],[13.5979,41.1969],[13.6292,41.1915],[13.6417,41.1903],[13.6583,41.1844],[13.6771,41.1755],[13.6896,41.1669],[13.6979,41.1625],[13.7058,41.1562],[13.7208,41.1459],[13.7375,41.1315],[13.7494,41.1146],[13.7585,41.1042],[13.7618,41.0979],[13.7647,41.0854],[13.768,41.0812],[13.7792,41.074],[13.7895,41.0625],[13.8023,41.0438],[13.8206,41.0083],[13.8273,40.9979],[13.8402,40.9792],[13.853,40.9646],[13.8625,40.9546],[13.8795,40.9396],[13.8896,40.9312],[13.919,40.9083],[13.9416,40.8917],[13.9626,40.875],[13.9715,40.8687],[13.9792,40.8619],[13.9917,40.8461],[13.9979,40.8315],[13.9995,40.8229],[13.9984,40.7958],[13.9962,40.7833],[13.9877,40.7625],[13.9812,40.7623],[13.9771,40.7597],[13.9708,40.7509],[13.9646,40.7466],[13.9604,40.7475],[13.9521,40.7527],[13.9396,40.7546],[13.9313,40.7574],[13.9208,40.7621],[13.9062,40.7629],[13.8958,40.7598],[13.8896,40.7617],[13.8708,40.7635],[13.8625,40.7623],[13.858,40.7583],[13.8554,40.7521],[13.8422,40.7437],[13.8362,40.7313],[13.8359,40.7271],[13.8394,40.7188],[13.8466,40.7104],[13.8562,40.7051],[13.8604,40.7017],[13.8704,40.6983]]]}},{"type":"Feature","properties":{"depth":-50},"geometry":{"type":"MultiLineString","coordinates":[[[12.8104,40.9121],[12.8229,40.9114],[12.8333,40.9143],[12.8375,40.9144],[12.8479,40.9113],[12.8708,40.9143],[12.875,40.9166],[12.8775,40.9312],[12.8716,40.9479],[12.8667,40.953],[12.8562,40.9568],[12.8396,40.9664],[12.8333,40.9661],[12.8287,40.9604],[12.8379,40.9479],[12.8377,40.9396],[12.8354,40.9313],[12.8292,40.9241],[12.8208,40.9234],[12.8125,40.9246],[12.8042,40.9188],[12.8052,40.9146],[12.8104,40.9121]]]}},{"type":"Feature","properties":{"depth":-20},"geometry":{"type":"MultiLineString","coordinates":[[[15.735,39.9421],[15.7338,39.9396],[15.7381,39.9312],[15.7479,39.9146],[15.7542,39.9081],[15.7625,39.9047],[15.7679,39.9],[15.7688,39.8897],[15.7676,39.8833],[15.7678,39.8687],[15.775,39.8646],[15.7787,39.8604],[15.7777,39.8563],[15.7726,39.8479]]]}},{"type":"Feature","properties":{"depth":-20},"geometry":{"type":"MultiLineString","coordinates":[[[15.7154,39.9784],[15.7185,39.9688],[15.7229,39.9647],[15.7312,39.9607]]]}},{"type":"Feature","properties":{"depth":-20},"geometry":{"type":"MultiLineString","coordinates":[[[15.2932,40.0224],[15.3018,40.0187],[15.3086,40.0146],[15.3229,40.0093],[15.3479,39.9969],[15.3542,39.9931],[15.3583,39.9924],[15.3729,39.9953],[15.3861,39.9951]]]}},{"type":"Feature","properties":{"depth":-20},"geometry":{"type":"MultiLineString","coordinates":[[[15.4896,40.0454],[15.4938,40.0461],[15.5141,40.0521],[15.5263,40.0562],[15.5458,40.0653],[15.5521,40.0675],[15.5667,40.0695],[15.575,40.0695],[15.5938,40.0676],[15.6125,40.062],[15.6271,40.0543]]]}},{"type":"Feature","properties":{"depth":-20},"geometry":{"type":"MultiLineString","coordinates":[[[14.7063,40.6489],[14.7146,40.6512],[14.725,40.6513],[14.7542,40.6484],[14.7646,40.6452],[14.7854,40.6368],[14.7979,40.6305],[14.8113,40.6229],[14.8295,40.6104],[14.85,40.5902],[14.8667,40.571],[14.8714,40.5646],[14.8782,40.5521],[14.882,40.5417],[14.8861,40.525],[14.8878,40.5104],[14.8896,40.5009],[14.8938,40.4875],[14.8993,40.4771],[14.9125,40.4568],[14.9255,40.4396],[14.9292,40.4364],[14.9498,40.4229],[14.9672,40.4062],[14.9729,40.3974],[14.9757,40.3875],[14.9739,40.3687],[14.9702,40.3583],[14.9581,40.3479],[14.9504,40.3438],[14.9396,40.3396],[14.9375,40.3357],[14.9338,40.3188],[14.938,40.3062],[14.9385,40.2958],[14.9363,40.2812],[14.9343,40.2771],[14.9271,40.2703],[14.9063,40.2604],[14.8921,40.2521],[14.8932,40.2458],[14.8958,40.2427],[14.9,40.2415],[14.9042,40.2379],[14.9083,40.2309],[14.9125,40.2271],[14.9187,40.2238],[14.9313,40.2198],[14.9479,40.2236],[14.9521,40.2228],[14.9667,40.2169],[14.9729,40.2161],[14.9812,40.2126],[14.9899,40.2062],[15.0054,40.1917],[15.0167,40.1779],[15.0215,40.1708],[15.0244,40.1688],[15.0367,40.1646],[15.05,40.1628],[15.0583,40.159],[15.0667,40.1574],[15.0833,40.1626],[15.1021,40.1624],[15.1062,40.1613],[15.1321,40.1479],[15.1479,40.1407],[15.1562,40.136],[15.1708,40.1251],[15.1771,40.1215],[15.1917,40.1192],[15.2,40.1163],[15.2063,40.1124],[15.2208,40.0982],[15.2312,40.0893],[15.25,40.0807],[15.2604,40.0719],[15.2672,40.0646],[15.2758,40.05],[15.2772,40.0417],[15.2744,40.0328]]]}},{"type":"Feature","properties":{"depth":-20},"geometry":{"type":"MultiLineString","coordinates":[[[14.4047,40.6537],[14.4014,40.6458],[14.3943,40.6375]]]}},{"type":"Feature","properties":{"depth":-20},"geometry":{"type":"MultiLineString","coordinates":[[[13.9667,40.7183],[13.971,40.7333],[13.9695,40.7375],[13.9625,40.7381],[13.9563,40.7418],[13.9496,40.7479],[13.9375,40.7504],[13.9229,40.7551],[13.9083,40.7552],[13.8979,40.7525],[13.8934,40.7524]]]}},{"type":"Feature","properties":{"depth":-20},"geometry":{"type":"MultiLineString","coordinates":[[[13.8627,40.756],[13.8591,40.7479],[13.8562,40.7447],[13.8497,40.7417],[13.8459,40.7333],[13.8456,40.7292],[13.8479,40.7249],[13.8519,40.7123]]]}},{"type":"Feature","properties":{"depth":-20},"geometry":{"type":"MultiLineString","coordinates":[[[14.0375,40.762],[14.0413,40.7646],[14.0458,40.7702],[14.0542,40.7763],[14.0667,40.7795],[14.0708,40.7796],[14.0833,40.7776],[14.0867,40.7778]]]}},{"type":"Feature","properties":{"depth":-20},"geometry":{"type":"MultiLineString","coordinates":[[[13.4215,40.7875],[13.4337,40.7875],[13.4416,40.7917],[13.442,40.7938],[13.4375,40.8015],[13.4333,40.8046],[13.4271,40.8043],[13.4214,40.7958]]]}},{"type":"Feature","properties":{"depth":-20},"geometry":{"type":"MultiLineString","coordinates":[[[14.1666,40.7936],[14.1875,40.7892],[14.1917,40.7899],[14.2071,40.7958],[14.211,40.8],[14.2129,40.8125],[14.216,40.8181]]]}},{"type":"Feature","properties":{"depth":-20},"geometry":{"type":"MultiLineString","coordinates":[[[14.0813,40.8125],[14.0813,40.8167],[14.0854,40.8218],[14.0896,40.8227],[14.1062,40.8235],[14.1127,40.8207]]]}},{"type":"Feature","properties":{"depth":-20},"geometry":{"type":"MultiLineString","coordinates":[[[14.1153,40.8195],[14.125,40.8184],[14.1396,40.8158],[14.1562,40.8099],[14.1613,40.8042],[14.1606,40.7979]]]}},{"type":"Feature","properties":{"depth":-20},"geometry":{"type":"MultiLineString","coordinates":[[[14.2199,40.822],[14.2271,40.8261],[14.2333,40.8278],[14.2479,40.8278]]]}},{"type":"Feature","properties":{"depth":-20},"geometry":{"type":"MultiLineString","coordinates":[[[14.2521,40.8296],[14.2562,40.8301],[14.275,40.8291],[14.2833,40.8314],[14.2875,40.8305],[14.3208,40.8136],[14.3333,40.8048],[14.3522,40.7875],[14.3613,40.7771],[14.3777,40.7646],[14.3851,40.7583],[14.3896,40.7559],[14.4106,40.7479],[14.4187,40.7454],[14.4333,40.7438],[14.4396,40.742],[14.448,40.7375],[14.4542,40.7312],[14.4656,40.7146],[14.4688,40.7062],[14.4691,40.7021],[14.4646,40.6944],[14.456,40.6896]]]}},{"type":"Feature","properties":{"depth":-20},"geometry":{"type":"MultiLineString","coordinates":[[[12.9496,40.9183],[12.945,40.9167],[12.9399,40.9125],[12.9374,40.9083],[12.9372,40.9],[12.9382,40.8958],[12.9457,40.8854],[12.9501,40.8832]]]}},{"type":"Feature","properties":{"depth":-20},"geometry":{"type":"MultiLineString","coordinates":[[[12.8511,40.9218],[12.8646,40.9229],[12.8688,40.9248],[12.8712,40.9292],[12.8708,40.9333],[12.867,40.9438],[12.8625,40.9472]]]}},{"type":"Feature","properties":{"depth":-20},"geometry":{"type":"MultiLineString","coordinates":[[[12.8542,40.9469],[12.85,40.9451],[12.846,40.9333],[12.8465,40.9236]]]}},{"type":"Feature","properties":{"depth":-20},"geometry":{"type":"MultiLineString","coordinates":[[[13.589,41.2057],[13.5927,41.2083],[13.5943,41.2188],[13.6021,41.228],[13.6104,41.2318],[13.6208,41.2331],[13.6396,41.2317],[13.6646,41.2249],[13.675,41.221],[13.6839,41.2146],[13.695,41.2083],[13.7042,41.2046],[13.7117,41.2],[13.7254,41.1875],[13.7377,41.1812],[13.7521,41.1761],[13.7583,41.1725],[13.7646,41.1664],[13.7708,41.158],[13.7771,41.1519],[13.7937,41.1457],[13.7977,41.1417],[13.7979,41.1354],[13.7892,41.1271],[13.7896,41.1229],[13.7937,41.12],[13.7979,41.1199],[13.8042,41.1225],[13.8104,41.1224],[13.8187,41.1178],[13.8215,41.1146],[13.8245,41.1021],[13.8313,41.0974],[13.8354,41.0927],[13.8417,41.0815],[13.8473,41.075],[13.8603,41.0458],[13.8714,41.0187],[13.8833,40.9994],[13.8905,40.9896],[13.9069,40.9708],[13.925,40.9537],[13.9437,40.9395],[13.95,40.9336],[13.9729,40.9163],[13.9812,40.9086],[13.9875,40.9013],[14.0,40.8913],[14.0081,40.8813],[14.0188,40.8664],[14.0246,40.8542],[14.0281,40.8396],[14.0288,40.8188],[14.0269,40.8042],[14.0282,40.7938],[14.0237,40.7812],[14.0192,40.775],[14.0146,40.7717],[14.0083,40.7704],[14.0042,40.767],[13.999,40.7563],[13.9896,40.7487],[13.9833,40.7482],[13.9815,40.7437],[13.9854,40.7417],[13.9917,40.7416]]]}},{"type":"Feature","properties":{"depth":-20},"geometry":{"type":"MultiLineString","coordinates":[[[16.2021,41.4494],[16.1879,41.4604],[16.1827,41.4667],[16.1808,41.4708],[16.1812,41.4771],[16.1856,41.4854],[16.1938,41.4955],[16.2021,41.5113]]]}},{"type":"Feature","properties":{"depth":-20},"geometry":{"type":"MultiLineString","coordinates":[[[16.2021,41.9237],[16.1958,41.9236],[16.1853,41.9271],[16.1708,41.9346],[16.1646,41.9388],[16.1583,41.9407],[16.1542,41.9438],[16.1417,41.9487],[16.1371,41.95]]]}},{"type":"Feature","properties":{"depth":-20},"geometry":{"type":"MultiLineString","coordinates":[[[11.9957,41.95],[12.0021,41.9472],[12.0083,41.9426],[12.0157,41.9292],[12.0203,41.9229],[12.025,41.9193],[12.0333,41.9158],[12.0458,41.9124],[12.0542,41.9115],[12.0667,41.9115],[12.0706,41.9104],[12.0781,41.9042],[12.0838,41.8979],[12.1037,41.8813],[12.1088,41.8729],[12.1149,41.8542],[12.1183,41.8479],[12.1273,41.825],[12.1292,41.8083],[12.1327,41.8021],[12.1355,41.7917],[12.1465,41.775],[12.1541,41.7604],[12.1604,41.752],[12.1696,41.7417],[12.1742,41.7375],[12.1875,41.7317],[12.1937,41.725],[12.2063,41.7158],[12.2214,41.7104],[12.2245,41.7083],[12.2277,41.7021],[12.2333,41.6975],[12.2417,41.6943],[12.2542,41.6909],[12.2604,41.6869],[12.275,41.6843],[12.2833,41.6806],[12.2896,41.676],[12.2958,41.6696],[12.3083,41.6653],[12.3233,41.6583],[12.3345,41.6521],[12.3449,41.6437],[12.3531,41.6396],[12.3646,41.6315],[12.3805,41.6229],[12.3875,41.6172],[12.3938,41.6139],[12.4021,41.6079],[12.4083,41.6006],[12.4146,41.5975],[12.4271,41.588],[12.4353,41.5833],[12.4708,41.5577],[12.4854,41.5508],[12.497,41.5438],[12.5083,41.5353],[12.5167,41.5268],[12.525,41.5204],[12.5375,41.5085],[12.5431,41.5042],[12.55,41.4968],[12.5604,41.4809],[12.5667,41.4744],[12.5708,41.468],[12.5838,41.4438],[12.5877,41.4396],[12.6,41.4342],[12.6125,41.4269],[12.6208,41.4235],[12.6312,41.4217],[12.6521,41.4224],[12.6667,41.4181],[12.6854,41.415],[12.7,41.4155],[12.7146,41.4116],[12.7271,41.4054],[12.7417,41.3999],[12.7562,41.3922],[12.7688,41.3883],[12.775,41.3854],[12.7812,41.3798],[12.7854,41.3785],[12.7958,41.3805],[12.8104,41.3732],[12.8208,41.3709],[12.8333,41.3725],[12.8417,41.3719],[12.8542,41.3737],[12.8688,41.3738],[12.8854,41.3708],[12.9,41.3663],[12.925,41.3555],[12.9437,41.3458],[12.9544,41.3375],[12.9646,41.3306],[12.9776,41.3188],[12.9958,41.298],[13.0042,41.2868],[13.0187,41.2625],[13.0227,41.2542],[13.0267,41.2375],[13.0358,41.225],[13.0417,41.2205],[13.0542,41.2158],[13.0708,41.2125],[13.0854,41.2131],[13.0917,41.2123],[13.1018,41.2062],[13.1083,41.2053],[13.1208,41.2066],[13.1239,41.2125],[13.1293,41.2188],[13.1452,41.2333],[13.1495,41.2396],[13.1544,41.2437],[13.1708,41.252],[13.1813,41.256],[13.2021,41.2626],[13.2167,41.2662],[13.2271,41.2681],[13.2375,41.2686],[13.2604,41.2679],[13.2688,41.2703],[13.2771,41.2739],[13.2854,41.2755],[13.3063,41.2741],[13.3208,41.274],[13.3313,41.2725],[13.3542,41.2712],[13.3854,41.2652],[13.3938,41.2647],[13.4083,41.2568],[13.4271,41.2482],[13.4666,41.2333],[13.4792,41.2297],[13.4896,41.2259],[13.5021,41.2184],[13.5083,41.2163],[13.5188,41.2158],[13.5271,41.2134],[13.5437,41.206],[13.5488,41.2054]]]}},{"type":"Feature","properties":{"depth":-20},"geometry":{"type":"MultiLineString","coordinates":[[[14.8708,40.2499],[14.8795,40.2521],[14.8771,40.2541],[14.8694,40.2521],[14.8708,40.2499]]]}},{"type":"Feature","properties":{"depth":-10},"geometry":{"type":"MultiLineString","coordinates":[[[15.7698,39.8718],[15.7708,39.869],[15.7812,39.8646],[15.7827,39.8625],[15.782,39.8563],[15.776,39.8479]]]}},{"type":"Feature","properties":{"depth":-10},"geometry":{"type":"MultiLineString","coordinates":[[[15.746,39.9331],[15.7477,39.9271],[15.7529,39.9188],[15.7594,39.9104],[15.7667,39.9057],[15.77,39.9021],[15.7714,39.8958],[15.776,39.8896],[15.7759,39.8854],[15.7709,39.8813],[15.7698,39.874]]]}},{"type":"Feature","properties":{"depth":-10},"geometry":{"type":"MultiLineString","coordinates":[[[15.3423,40.0042],[15.3559,39.9958],[15.3583,39.9952],[15.369,39.9976]]]}},{"type":"Feature","properties":{"depth":-10},"geometry":{"type":"MultiLineString","coordinates":[[[15.2937,40.0259],[15.3,40.0264],[15.3083,40.0251],[15.3167,40.0211],[15.3332,40.0083],[15.3412,40.0047]]]}},{"type":"Feature","properties":{"depth":-10},"geometry":{"type":"MultiLineString","coordinates":[[[15.4958,40.0526],[15.5042,40.0543],[15.5396,40.0665],[15.5458,40.0693],[15.5583,40.0718],[15.575,40.0728],[15.5938,40.0705],[15.6062,40.0679],[15.6188,40.0635],[15.625,40.0587]]]}},{"type":"Feature","properties":{"depth":-10},"geometry":{"type":"MultiLineString","coordinates":[[[15.253,40.0854],[15.2674,40.0708],[15.272,40.0646],[15.28,40.05],[15.2802,40.0396],[15.2765,40.0318]]]}},{"type":"Feature","properties":{"depth":-10},"geometry":{"type":"MultiLineString","coordinates":[[[15.1944,40.1229],[15.2042,40.1192],[15.2104,40.1144],[15.2208,40.1034],[15.2375,40.0913],[15.2416,40.0896]]]}},{"type":"Feature","properties":{"depth":-10},"geometry":{"type":"MultiLineString","coordinates":[[[14.9782,40.2188],[14.9894,40.2125],[15.0064,40.1979],[15.0138,40.1896],[15.0254,40.1729],[15.0292,40.171],[15.0417,40.1672],[15.0521,40.1665],[15.0604,40.1625],[15.0687,40.1621],[15.0833,40.1675],[15.1062,40.17],[15.1146,40.1691],[15.1217,40.1667],[15.1292,40.1627],[15.1396,40.1553],[15.1507,40.1458],[15.1625,40.1367],[15.176,40.125],[15.1808,40.1234]]]}},{"type":"Feature","properties":{"depth":-10},"geometry":{"type":"MultiLineString","coordinates":[[[14.9234,40.2651],[14.9012,40.2542],[14.8991,40.2479],[14.9042,40.2438],[14.9146,40.2322],[14.9187,40.2286],[14.9292,40.2257],[14.9375,40.2258],[14.9479,40.2288],[14.9563,40.2264],[14.9686,40.2209]]]}},{"type":"Feature","properties":{"depth":-10},"geometry":{"type":"MultiLineString","coordinates":[[[14.7175,40.6633],[14.725,40.663],[14.7354,40.6655],[14.7479,40.6646],[14.7583,40.6667],[14.7729,40.6625],[14.7868,40.6562],[14.8104,40.6402],[14.8292,40.6256],[14.85,40.6073],[14.8575,40.5979],[14.8758,40.5771],[14.8812,40.5702],[14.8938,40.5525],[14.9062,40.5303],[14.9223,40.4937],[14.932,40.4771],[14.9513,40.45],[14.9625,40.4378],[14.9729,40.424],[14.9813,40.4104],[14.9857,40.4],[14.9911,40.3813],[14.9915,40.3771],[14.9901,40.3667],[14.9881,40.3625],[14.9708,40.3512],[14.9646,40.3463],[14.9437,40.3374],[14.9396,40.3302],[14.9376,40.3167],[14.9412,40.3083],[14.9428,40.3],[14.9405,40.2812],[14.9369,40.275],[14.9296,40.2683]]]}},{"type":"Feature","properties":{"depth":-10},"geometry":{"type":"MultiLineString","coordinates":[[[14.4725,40.715],[14.4748,40.7062],[14.4743,40.7021],[14.4682,40.6938]]]}},{"type":"Feature","properties":{"depth":-10},"geometry":{"type":"MultiLineString","coordinates":[[[13.8657,40.7531],[13.862,40.7458],[13.8539,40.7375],[13.8534,40.7271],[13.8561,40.7144]]]}},{"type":"Feature","properties":{"depth":-10},"geometry":{"type":"MultiLineString","coordinates":[[[14.0083,40.7647],[14.0039,40.7563],[13.9982,40.7479],[14.0021,40.7473]]]}},{"type":"Feature","properties":{"depth":-10},"geometry":{"type":"MultiLineString","coordinates":[[[14.0365,40.7656],[14.0375,40.7702],[14.0312,40.7723],[14.0189,40.7686]]]}},{"type":"Feature","properties":{"depth":-10},"geometry":{"type":"MultiLineString","coordinates":[[[14.3668,40.7812],[14.373,40.775],[14.3792,40.7707],[14.391,40.7604],[14.3991,40.7563],[14.4141,40.75],[14.425,40.7478],[14.4354,40.748],[14.4396,40.7469],[14.4542,40.7396],[14.4582,40.7354],[14.463,40.7271],[14.4708,40.7183]]]}},{"type":"Feature","properties":{"depth":-10},"geometry":{"type":"MultiLineString","coordinates":[[[14.0364,40.7969],[14.0366,40.7854],[14.0396,40.7807],[14.0437,40.7794],[14.0521,40.7826],[14.0583,40.7837],[14.0729,40.7839],[14.0833,40.7816]]]}},{"type":"Feature","properties":{"depth":-10},"geometry":{"type":"MultiLineString","coordinates":[[[14.0776,40.8162],[14.0795,40.8208],[14.0833,40.825],[14.0958,40.8274],[14.1012,40.8292]]]}},{"type":"Feature","properties":{"depth":-10},"geometry":{"type":"MultiLineString","coordinates":[[[14.1531,40.8167],[14.1632,40.8104],[14.1666,40.8062],[14.1678,40.7979],[14.1767,40.7962]]]}},{"type":"Feature","properties":{"depth":-10},"geometry":{"type":"MultiLineString","coordinates":[[[14.2979,40.8292],[14.3042,40.8289],[14.3195,40.8201]]]}},{"type":"Feature","properties":{"depth":-10},"geometry":{"type":"MultiLineString","coordinates":[[[14.2562,40.8337],[14.2646,40.8313],[14.2754,40.8312],[14.2812,40.8341],[14.2854,40.834],[14.2979,40.8292]]]}},{"type":"Feature","properties":{"depth":-10},"geometry":{"type":"MultiLineString","coordinates":[[[13.5901,41.2099],[13.588,41.2208],[13.589,41.2333],[13.5924,41.2417],[13.5958,41.2441],[13.6167,41.2489],[13.6229,41.2532],[13.6312,41.2542],[13.6396,41.2535],[13.6529,41.25],[13.6729,41.2428],[13.6814,41.2436]]]}},{"type":"Feature","properties":{"depth":-10},"geometry":{"type":"MultiLineString","coordinates":[[[13.5077,41.2208],[13.5188,41.2195],[13.534,41.214]]]}},{"type":"Feature","properties":{"depth":-10},"geometry":{"type":"MultiLineString","coordinates":[[[13.4716,41.2362],[13.4833,41.2324],[13.4917,41.2287],[13.5032,41.2218]]]}},{"type":"Feature","properties":{"depth":-10},"geometry":{"type":"MultiLineString","coordinates":[[[13.6892,41.2454],[13.6958,41.2427],[13.7076,41.2396],[13.7172,41.2354],[13.7364,41.225],[13.7458,41.2169],[13.7521,41.2127],[13.7604,41.2042],[13.7736,41.1938],[13.7833,41.1847],[13.7958,41.1754],[13.8104,41.1659],[13.8144,41.1625],[13.8199,41.1542],[13.825,41.1417],[13.8283,41.1375],[13.8396,41.1288],[13.8423,41.125],[13.8462,41.1146],[13.8493,41.1104],[13.8583,41.106],[13.8646,41.1016],[13.8771,41.0875],[13.8815,41.0812],[13.8866,41.0708],[13.8907,41.0646],[13.9022,41.0521],[13.905,41.0438],[13.9122,41.0271],[13.9168,41.0187],[13.9224,41.0125],[13.9375,40.9994],[13.9506,40.9854],[13.9625,40.9736],[13.9715,40.9667],[13.9771,40.9589],[13.9896,40.9453],[13.9936,40.9354],[14.0023,40.9188],[14.0077,40.9104],[14.0146,40.9031],[14.0214,40.8937],[14.0292,40.8781],[14.0332,40.8667],[14.0364,40.8521],[14.0399,40.8271],[14.0386,40.8167],[14.0361,40.8062],[14.0363,40.7987]]]}},{"type":"Feature","properties":{"depth":-10},"geometry":{"type":"MultiLineString","coordinates":[[[16.2021,41.3768],[16.1812,41.379],[16.1656,41.3833],[16.1479,41.3926],[16.1356,41.3979],[16.1229,41.4077],[16.1083,41.4142],[16.1004,41.4167],[16.0931,41.4208],[16.075,41.4285],[16.0562,41.4319],[16.0458,41.4355],[16.0375,41.4408],[16.0229,41.4474],[16.0101,41.4583],[16.0063,41.467],[16.0,41.4712],[15.9973,41.4646],[15.9917,41.4589],[15.9833,41.4607],[15.9729,41.4669],[15.9685,41.4708],[15.9616,41.4813],[15.9601,41.4854],[15.9608,41.4896],[15.9646,41.4916],[15.9854,41.4919],[15.9871,41.4937],[15.9855,41.5042],[15.9835,41.5083],[15.9762,41.5146],[15.9596,41.5229],[15.951,41.5292],[15.9499,41.5354],[15.9479,41.5375],[15.9396,41.54],[15.9342,41.5438],[15.9338,41.5521],[15.9348,41.5604],[15.9303,41.5667],[15.9313,41.5703],[15.9383,41.5729],[15.9368,41.5833],[15.9435,41.5979],[15.9393,41.6021],[15.9381,41.6063],[15.9408,41.6125],[15.946,41.6185]]]}},{"type":"Feature","properties":{"depth":-10},"geometry":{"type":"MultiLineString","coordinates":[[[15.9463,41.6192],[15.9479,41.6229],[15.9538,41.6292],[15.9599,41.6313],[15.9688,41.6317],[15.9917,41.6278],[15.9938,41.6293],[15.9991,41.6396],[16.0036,41.6458],[16.0103,41.65],[16.0188,41.653],[16.0295,41.6583],[16.0396,41.6612],[16.0604,41.6701],[16.0708,41.6774],[16.0792,41.6817],[16.0925,41.6917],[16.1038,41.7021],[16.1083,41.7071],[16.1417,41.7308],[16.1471,41.7375],[16.1625,41.7464],[16.1663,41.75],[16.1679,41.7563],[16.1812,41.7647],[16.1851,41.7687]]]}},{"type":"Feature","properties":{"depth":-10},"geometry":{"type":"MultiLineString","coordinates":[[[16.1859,41.7693],[16.1917,41.7718],[16.1968,41.7812],[16.1999,41.7917],[16.1994,41.8021],[16.2021,41.8081]]]}},{"type":"Feature","properties":{"depth":-10},"geometry":{"type":"MultiLineString","coordinates":[[[16.2021,41.8291],[16.1979,41.8337],[16.1958,41.8402],[16.1958,41.8502],[16.1984,41.8583],[16.1989,41.8667],[16.1931,41.8833],[16.189,41.8896],[16.1646,41.9044],[16.1569,41.9125],[16.1521,41.9159],[16.1417,41.9196],[16.1308,41.925],[16.1187,41.9324],[16.0979,41.9423],[16.0813,41.9481],[16.0729,41.9499],[16.0722,41.95]],[[15.9761,41.95],[15.95,41.9469],[15.9271,41.9435],[15.8979,41.9406],[15.8688,41.9386],[15.8583,41.9369],[15.8438,41.936],[15.8333,41.9346],[15.7937,41.9321],[15.7688,41.931],[15.7562,41.9299],[15.7333,41.929],[15.7229,41.929],[15.7,41.9305],[15.6729,41.9338],[15.6479,41.9363],[15.625,41.936],[15.6125,41.9351],[15.5813,41.932],[15.5687,41.9299],[15.5417,41.927],[15.525,41.9246],[15.5146,41.9239],[15.4909,41.9208],[15.4625,41.9183],[15.4354,41.9167],[15.4083,41.916],[15.3917,41.9167],[15.3729,41.9194],[15.3625,41.9216],[15.3364,41.925],[15.3187,41.9281],[15.2979,41.9305],[15.2833,41.9312],[15.2667,41.9305],[15.2333,41.9306],[15.1896,41.9334],[15.1646,41.936],[15.1445,41.9396],[15.1271,41.9441],[15.1108,41.95]]]}},{"type":"Feature","properties":{"depth":-10},"geometry":{"type":"MultiLineString","coordinates":[[[12.0268,41.95],[12.0296,41.9333],[12.0312,41.9307],[12.0396,41.9297],[12.05,41.9338],[12.0583,41.9337],[12.0687,41.9298],[12.1,41.9148],[12.1229,41.9057],[12.1396,41.9035],[12.1438,41.9017],[12.1462,41.8979],[12.1483,41.8833],[12.1505,41.8792],[12.1641,41.8625],[12.1706,41.8521],[12.1813,41.8311],[12.184,41.8271],[12.1938,41.8188],[12.196,41.8146],[12.1982,41.8042],[12.2023,41.7917],[12.2026,41.7792],[12.2119,41.7437],[12.2156,41.7375],[12.225,41.7311],[12.2333,41.7281],[12.2562,41.7231],[12.2747,41.7167],[12.2958,41.7062],[12.3104,41.7005],[12.325,41.6906],[12.3396,41.6838],[12.3792,41.6602],[12.4021,41.6447],[12.4083,41.6373],[12.4229,41.6285],[12.4276,41.625],[12.4354,41.6165],[12.4417,41.6116],[12.4542,41.5993],[12.4625,41.594],[12.475,41.5825],[12.4873,41.5729],[12.4958,41.5635],[12.5083,41.5558],[12.5149,41.55],[12.5229,41.5415],[12.5347,41.5312],[12.5425,41.5229],[12.5521,41.5144],[12.5592,41.5063],[12.575,41.4849],[12.5833,41.4724],[12.6,41.4514],[12.6055,41.4438],[12.6104,41.4397],[12.6208,41.4339],[12.625,41.433],[12.6354,41.4337],[12.6646,41.4418],[12.6729,41.4412],[12.6792,41.4378],[12.7042,41.4327],[12.7104,41.4301],[12.7226,41.4208],[12.7333,41.414],[12.75,41.4058],[12.7604,41.3993],[12.7646,41.3978],[12.7771,41.3956],[12.8,41.3976],[12.8146,41.3966],[12.8229,41.3983],[12.8333,41.398],[12.8479,41.3965],[12.8625,41.3935],[12.9,41.3781],[12.9167,41.3698],[12.9437,41.3546],[12.95,41.3504],[12.9729,41.3318],[12.9819,41.3229],[13.0006,41.3],[13.0132,41.2812],[13.0235,41.2625],[13.0274,41.2542],[13.029,41.2437],[13.0312,41.237],[13.0375,41.2282],[13.0458,41.2223],[13.0667,41.2169],[13.0729,41.2163],[13.0911,41.2188],[13.1062,41.2236],[13.1178,41.2292],[13.1354,41.2407],[13.1435,41.2479],[13.1583,41.2565],[13.1771,41.2643],[13.1917,41.2686],[13.2083,41.2726],[13.2208,41.2745],[13.2417,41.2752],[13.2583,41.2741],[13.2681,41.2771],[13.275,41.2825],[13.2812,41.2846],[13.2937,41.2846],[13.3208,41.2826],[13.3479,41.2788],[13.3646,41.2756],[13.3836,41.2708],[13.3938,41.2691],[13.4062,41.2629],[13.4229,41.2553],[13.4333,41.2493],[13.4437,41.2464],[13.4613,41.2387]]]}},{"type":"Feature","properties":{"depth":-5},"geometry":{"type":"MultiLineString","coordinates":[[[15.7722,39.8708],[15.7812,39.8679],[15.7852,39.8646],[15.7851,39.8563],[15.7785,39.8479]]]}},{"type":"Feature","properties":{"depth":-5},"geometry":{"type":"MultiLineString","coordinates":[[[15.7727,39.9002],[15.7744,39.8958],[15.7782,39.8917],[15.7792,39.8833],[15.7729,39.8789],[15.7717,39.875]]]}},{"type":"Feature","properties":{"depth":-5},"geometry":{"type":"MultiLineString","coordinates":[[[15.305,40.0292],[15.3187,40.0243],[15.3297,40.0146],[15.3352,40.0106]]]}},{"type":"Feature","properties":{"depth":-5},"geometry":{"type":"MultiLineString","coordinates":[[[15.5005,40.0568],[15.5188,40.0636],[15.5368,40.0688],[15.5469,40.0729]]]}},{"type":"Feature","properties":{"depth":-5},"geometry":{"type":"MultiLineString","coordinates":[[[15.5939,40.0729],[15.6021,40.0717],[15.6158,40.0675]]]}},{"type":"Feature","properties":{"depth":-5},"geometry":{"type":"MultiLineString","coordinates":[[[15.5481,40.0731],[15.575,40.0757],[15.5891,40.0734]]]}},{"type":"Feature","properties":{"depth":-5},"geometry":{"type":"MultiLineString","coordinates":[[[15.2619,40.0812],[15.2698,40.0729],[15.2755,40.0646],[15.2812,40.054]]]}},{"type":"Feature","properties":{"depth":-5},"geometry":{"type":"MultiLineString","coordinates":[[[15.2071,40.1208],[15.2125,40.1165],[15.2229,40.1052]]]}},{"type":"Feature","properties":{"depth":-5},"geometry":{"type":"MultiLineString","coordinates":[[[15.1108,40.1733],[15.1229,40.1701],[15.1292,40.1673],[15.1417,40.1585],[15.1625,40.1407],[15.1768,40.1271],[15.1792,40.1258]]]}},{"type":"Feature","properties":{"depth":-5},"geometry":{"type":"MultiLineString","coordinates":[[[14.984,40.2188],[14.9938,40.2129],[15.0109,40.1979],[15.0162,40.1917],[15.0234,40.1796]]]}},{"type":"Feature","properties":{"depth":-5},"geometry":{"type":"MultiLineString","coordinates":[[[14.9106,40.2564],[14.902,40.2521],[14.9024,40.2479],[14.908,40.2437],[14.9167,40.2342],[14.9208,40.2309],[14.9271,40.2289],[14.9343,40.2282]]]}},{"type":"Feature","properties":{"depth":-5},"geometry":{"type":"MultiLineString","coordinates":[[[14.9446,40.2908],[14.9425,40.2792],[14.9401,40.275],[14.9311,40.2668]]]}},{"type":"Feature","properties":{"depth":-5},"geometry":{"type":"MultiLineString","coordinates":[[[14.9401,40.3161],[14.943,40.3104],[14.9454,40.3021],[14.9448,40.2928]]]}},{"type":"Feature","properties":{"depth":-5},"geometry":{"type":"MultiLineString","coordinates":[[[14.8592,40.6054],[14.8623,40.5979],[14.8854,40.5709],[14.8971,40.5542],[14.9111,40.5292],[14.9208,40.5087],[14.9292,40.4923],[14.9354,40.4814],[14.9542,40.4542],[14.9646,40.4417],[14.9782,40.4229],[14.9842,40.4125],[14.9905,40.3979],[14.9943,40.3854],[14.9954,40.3792],[14.9945,40.3667],[14.9917,40.3604],[14.9802,40.3542],[14.9667,40.3443],[14.961,40.3417]]]}},{"type":"Feature","properties":{"depth":-5},"geometry":{"type":"MultiLineString","coordinates":[[[14.4758,40.7146],[14.4781,40.7042],[14.4717,40.695]]]}},{"type":"Feature","properties":{"depth":-5},"geometry":{"type":"MultiLineString","coordinates":[[[14.4293,40.7502],[14.4396,40.7497],[14.4456,40.7458],[14.4542,40.7429],[14.4586,40.7396],[14.4646,40.7292],[14.4708,40.7226]]]}},{"type":"Feature","properties":{"depth":-5},"geometry":{"type":"MultiLineString","coordinates":[[[14.2562,40.8359],[14.2667,40.8327],[14.2752,40.8333],[14.2792,40.8362],[14.2847,40.8361]]]}},{"type":"Feature","properties":{"depth":-5},"geometry":{"type":"MultiLineString","coordinates":[[[13.9245,41.0229],[13.9305,41.0146],[13.9396,41.0069],[13.95,40.9934],[13.9656,40.9771],[13.9785,40.9667],[13.9866,40.9583],[13.9946,40.9479],[13.9982,40.9396],[14.0123,40.9167],[14.0229,40.9014],[14.0283,40.8917],[14.036,40.8729],[14.0398,40.8583],[14.0427,40.8396],[14.0451,40.8292],[14.0435,40.8081]]]}},{"type":"Feature","properties":{"depth":-5},"geometry":{"type":"MultiLineString","coordinates":[[[13.5875,41.2104],[13.5854,41.2146],[13.5818,41.2271],[13.582,41.2313],[13.5863,41.2417],[13.591,41.2479]]]}},{"type":"Feature","properties":{"depth":-5},"geometry":{"type":"MultiLineString","coordinates":[[[13.046,41.225],[13.0521,41.2229],[13.0604,41.222],[13.0667,41.2197],[13.0729,41.2191],[13.0854,41.2206],[13.0929,41.225]]]}},{"type":"Feature","properties":{"depth":-5},"geometry":{"type":"MultiLineString","coordinates":[[[13.0965,41.2264],[13.1042,41.2284],[13.1312,41.2453],[13.1479,41.2566],[13.1583,41.2618],[13.1792,41.2699],[13.2104,41.2775],[13.2229,41.2785],[13.2396,41.2789],[13.2521,41.2775],[13.2625,41.2783],[13.2729,41.2871],[13.2771,41.289],[13.2917,41.2895],[13.3208,41.2871],[13.3479,41.2828],[13.3604,41.2802],[13.3979,41.2704],[13.4047,41.2667],[13.425,41.2575],[13.4332,41.2521],[13.4437,41.2493],[13.4604,41.2416]]]}},{"type":"Feature","properties":{"depth":-5},"geometry":{"type":"MultiLineString","coordinates":[[[13.7029,41.2508],[13.7229,41.2426],[13.7438,41.2304],[13.7562,41.2201],[13.7667,41.2081],[13.7771,41.2007],[13.7854,41.1938],[13.8167,41.1698],[13.825,41.1604],[13.8355,41.1437],[13.846,41.1333],[13.8538,41.1208],[13.8574,41.1167],[13.8667,41.1095],[13.875,41.101],[13.8857,41.0875],[13.8945,41.0708],[13.9042,41.0581],[13.9097,41.0458],[13.9208,41.0282]]]}},{"type":"Feature","properties":{"depth":-5},"geometry":{"type":"MultiLineString","coordinates":[[[16.2021,41.3676],[16.1938,41.3697],[16.1792,41.3702],[16.1648,41.3727]]]}},{"type":"Feature","properties":{"depth":-5},"geometry":{"type":"MultiLineString","coordinates":[[[16.1644,41.3729],[16.1521,41.3813],[16.1396,41.3854]]]}},{"type":"Feature","properties":{"depth":-5},"geometry":{"type":"MultiLineString","coordinates":[[[16.1371,41.3871],[16.125,41.395],[16.1062,41.4028],[16.0938,41.4062],[16.0813,41.4105],[16.075,41.4151],[16.0667,41.419],[16.0479,41.4239],[16.0312,41.4301],[16.0208,41.4333],[16.0021,41.4439],[15.9875,41.4462],[15.9708,41.4564],[15.965,41.4579]]]}},{"type":"Feature","properties":{"depth":-5},"geometry":{"type":"MultiLineString","coordinates":[[[12.6648,41.4524],[12.6687,41.4519],[12.6792,41.4452],[12.7021,41.4386],[12.7083,41.4362],[12.7396,41.4167],[12.7542,41.4087],[12.7646,41.4021],[12.775,41.402],[12.7812,41.4046],[12.7937,41.4059],[12.8104,41.4042],[12.8229,41.4071],[12.844,41.4042],[12.8625,41.4001],[12.9042,41.3822],[12.9208,41.3734],[12.9479,41.3567],[12.9625,41.3454],[12.9729,41.3365],[12.9846,41.325],[12.9964,41.3104],[13.0074,41.2958],[13.0202,41.275],[13.0305,41.2542],[13.0317,41.2437],[13.0333,41.2384],[13.0396,41.2295],[13.0457,41.2252]]]}},{"type":"Feature","properties":{"depth":-5},"geometry":{"type":"MultiLineString","coordinates":[[[15.9635,41.4583],[15.9563,41.467],[15.95,41.4712],[15.9434,41.4813],[15.9384,41.4917],[15.9311,41.4979],[15.925,41.5049],[15.911,41.5292],[15.9074,41.5375],[15.904,41.5521],[15.9029,41.5625],[15.8989,41.575],[15.9001,41.5896],[15.904,41.6042],[15.9095,41.6125],[15.9229,41.6203],[15.9308,41.6271],[15.9349,41.6333]]]}},{"type":"Feature","properties":{"depth":-5},"geometry":{"type":"MultiLineString","coordinates":[[[15.9487,41.6404],[15.9563,41.6404],[15.975,41.648],[15.9896,41.6579],[16.0063,41.6636],[16.0146,41.6658],[16.0208,41.6689],[16.0375,41.6729],[16.0417,41.675],[16.0479,41.6808],[16.0562,41.6849],[16.0617,41.6896]]]}},{"type":"Feature","properties":{"depth":-5},"geometry":{"type":"MultiLineString","coordinates":[[[16.0661,41.6932],[16.0792,41.7031],[16.0896,41.7125]]]}},{"type":"Feature","properties":{"depth":-5},"geometry":{"type":"MultiLineString","coordinates":[[[16.0896,41.7126],[16.0958,41.7155],[16.115,41.7292]]]}},{"type":"Feature","properties":{"depth":-5},"geometry":{"type":"MultiLineString","coordinates":[[[12.2626,41.7313],[12.2854,41.7221],[12.3,41.7156],[12.3083,41.7107],[12.325,41.6979],[12.3396,41.692],[12.3667,41.6771],[12.3812,41.6681],[12.4042,41.6525],[12.4146,41.6434],[12.4273,41.6354],[12.4491,41.6167],[12.4605,41.6063],[12.4729,41.5962],[12.4796,41.5896],[12.4917,41.5792],[12.502,41.5688],[12.5104,41.5628],[12.5202,41.5542],[12.5397,41.5354],[12.5563,41.5186],[12.5634,41.5104],[12.5792,41.4896],[12.5854,41.4797],[12.6002,41.4625],[12.6063,41.4542],[12.6112,41.4458],[12.6188,41.4415],[12.6375,41.4407],[12.6407,41.4417],[12.6458,41.447],[12.6586,41.4518]]]}},{"type":"Feature","properties":{"depth":-5},"geometry":{"type":"MultiLineString","coordinates":[[[12.2192,41.7683],[12.2221,41.7604],[12.2258,41.7458]]]}},{"type":"Feature","properties":{"depth":-5},"geometry":{"type":"MultiLineString","coordinates":[[[16.1892,41.8396],[16.1868,41.8521],[16.1858,41.8708],[16.1872,41.8792],[16.186,41.886]]]}},{"type":"Feature","properties":{"depth":-5},"geometry":{"type":"MultiLineString","coordinates":[[[16.1782,41.8907],[16.1708,41.8932],[16.1625,41.8998],[16.156,41.9083],[16.15,41.9127],[16.1419,41.9144]]]}},{"type":"Feature","properties":{"depth":-5},"geometry":{"type":"MultiLineString","coordinates":[[[16.1404,41.9146],[16.1292,41.9189],[16.1208,41.9234],[16.1144,41.9292],[16.0938,41.9395],[16.0741,41.9458],[16.0626,41.9479]]]}},{"type":"Feature","properties":{"depth":-5},"geometry":{"type":"MultiLineString","coordinates":[[[16.0588,41.9484],[16.0437,41.95]],[[16.0006,41.95],[15.9917,41.949],[15.9812,41.9461],[15.9625,41.9443],[15.9471,41.9417],[15.9313,41.9382],[15.9125,41.9373],[15.8979,41.9356],[15.875,41.9338],[15.8583,41.931],[15.8417,41.9302],[15.8354,41.9289],[15.8063,41.9268],[15.7979,41.9255],[15.7354,41.922],[15.6979,41.9222],[15.6833,41.9236],[15.6687,41.9269],[15.6542,41.929],[15.6375,41.9301],[15.6271,41.9302],[15.6021,41.9277],[15.5854,41.9265],[15.5604,41.9218],[15.5167,41.9176],[15.5062,41.9152],[15.4894,41.9125],[15.4688,41.9101],[15.4479,41.9081],[15.4042,41.9057],[15.3875,41.9062],[15.375,41.908],[15.3562,41.9129],[15.3438,41.9187],[15.3167,41.9233],[15.3,41.9254],[15.2792,41.9263],[15.2562,41.9247],[15.2354,41.924],[15.2063,41.9243],[15.1896,41.9251],[15.1583,41.9279],[15.125,41.9347],[15.1125,41.9381],[15.0958,41.9417],[15.0854,41.9475],[15.0823,41.95]]]}},{"type":"Feature","properties":{"depth":-5},"geometry":{"type":"MultiLineString","coordinates":[[[12.0364,41.95],[12.037,41.9479],[12.0396,41.9444],[12.0437,41.9432],[12.0521,41.9431],[12.0625,41.941],[12.0729,41.9365],[12.0896,41.9271],[12.1,41.9228],[12.1146,41.9184],[12.1271,41.9119],[12.1417,41.9077],[12.1489,41.9021],[12.1559,41.8854],[12.1706,41.8667],[12.1807,41.85],[12.187,41.8354],[12.1958,41.827],[12.2055,41.8146],[12.211,41.8021],[12.2186,41.7771],[12.2185,41.7726]]]}},{"type":"Feature","properties":{"depth":-1000},"geometry":{"type":"MultiLineString","coordinates":[[[11.6846,41.6615],[11.6827,41.6656],[11.6771,41.672],[11.6625,41.6767],[11.6582,41.6802],[11.6542,41.6871],[11.65,41.6902]],[[11.65,41.7698],[11.65,41.7698],[11.6667,41.7631],[11.6792,41.7667],[11.6877,41.7635],[11.694,41.7573],[11.6998,41.7448],[11.7028,41.7344],[11.7083,41.7261],[11.7074,41.7198],[11.7093,41.7135],[11.7124,41.7094],[11.7229,41.7005],[11.7354,41.6972],[11.7438,41.697],[11.7562,41.6996],[11.765,41.6969],[11.7713,41.6885],[11.774,41.6781],[11.7738,41.6677],[11.775,41.6615]]]}},{"type":"Feature","properties":{"depth":-500},"geometry":{"type":"MultiLineString","coordinates":[[[11.65,41.8885],[11.6604,41.8849],[11.6646,41.8825],[11.6708,41.8764],[11.6928,41.8594],[11.7049,41.8531],[11.7228,41.8469],[11.7521,41.839],[11.7604,41.8354],[11.7719,41.8281],[11.7833,41.8224],[11.7902,41.8177],[11.8006,41.8073],[11.8083,41.8014],[11.8167,41.7968],[11.8292,41.7884],[11.8354,41.7866],[11.8542,41.7853],[11.8646,41.7866],[11.8771,41.7895],[11.9,41.7784],[11.9062,41.7728],[11.9115,41.7635],[11.9187,41.7553],[11.9281,41.749],[11.9325,41.7427],[11.9331,41.7344],[11.9479,41.7209],[11.9604,41.7075],[11.9792,41.6928],[11.9854,41.6864],[11.9979,41.6706],[12.0106,41.6635],[12.0128,41.6615]]]}},{"type":"Feature","properties":{"depth":-200},"geometry":{"type":"MultiLineString","coordinates":[[[11.6582,41.95],[11.6587,41.949],[11.6627,41.9448],[11.6729,41.9398],[11.6804,41.9323],[11.6917,41.923],[11.7,41.9199],[11.7125,41.9196],[11.7188,41.9176],[11.7329,41.9031],[11.7438,41.8942],[11.754,41.8823],[11.7667,41.8757],[11.7833,41.871],[11.7917,41.8672],[11.8,41.8613],[11.8104,41.8576],[11.8293,41.8469],[11.8667,41.8335],[11.875,41.8295],[11.888,41.8219],[11.8958,41.819],[11.9062,41.8174],[11.9146,41.8133],[11.9271,41.8031],[11.9409,41.7948],[11.9563,41.7838],[11.9646,41.7812],[11.9768,41.774],[11.9875,41.7664],[11.9928,41.7594],[12.0072,41.7448],[12.0208,41.7324],[12.0271,41.7279],[12.0396,41.7148],[12.0604,41.6912],[12.0774,41.6698],[12.0818,41.6615]]]}},{"type":"Feature","properties":{"depth":-100},"geometry":{"type":"MultiLineString","coordinates":[[[11.8382,41.95],[11.8438,41.9464],[11.8645,41.9302],[11.8812,41.9157],[11.9,41.9072],[11.9167,41.8958],[11.9333,41.8892],[11.9375,41.8868],[11.9521,41.8738],[11.9646,41.8663],[11.9875,41.8577],[12.0083,41.8418],[12.0192,41.8344],[12.0248,41.8281],[12.0433,41.8094],[12.0563,41.8006],[12.0604,41.7968],[12.0659,41.7865],[12.0796,41.7677],[12.0917,41.7565],[12.1042,41.7418],[12.1104,41.7365],[12.1331,41.7135],[12.15,41.6981],[12.1659,41.6844],[12.1854,41.6715],[12.1979,41.6615]]]}},{"type":"Feature","properties":{"depth":-50},"geometry":{"type":"MultiLineString","coordinates":[[[11.9129,41.95],[11.9208,41.9448],[11.9353,41.9323],[11.9453,41.926],[11.9583,41.9162],[11.9708,41.9098],[11.9833,41.9061],[11.9917,41.9024],[12.0144,41.8906],[12.0333,41.8795],[12.0417,41.8763],[12.05,41.8719],[12.0667,41.8594],[12.0703,41.8552],[12.0801,41.8406],[12.0902,41.8281],[12.0938,41.822],[12.1014,41.8052],[12.1104,41.7919],[12.1174,41.7781],[12.1352,41.751],[12.1521,41.7304],[12.1837,41.7031],[12.2,41.6927],[12.223,41.676],[12.2434,41.6656],[12.2478,41.6615]]]}},{"type":"Feature","properties":{"depth":-20},"geometry":{"type":"MultiLineString","coordinates":[[[11.9949,41.95],[12.0042,41.9459],[12.0083,41.9426],[12.0178,41.926],[12.025,41.9193],[12.0375,41.9144],[12.0458,41.9124],[12.0687,41.9111],[12.0771,41.9052],[12.0849,41.8969],[12.1021,41.8827],[12.1084,41.874],[12.1153,41.8531],[12.1188,41.8469],[12.127,41.826],[12.1283,41.8115],[12.133,41.801],[12.1371,41.7885],[12.1471,41.774],[12.1521,41.7635],[12.1613,41.751],[12.1727,41.7385],[12.1875,41.7317],[12.1937,41.725],[12.2083,41.7148],[12.2232,41.7094],[12.2312,41.6987],[12.2438,41.6938],[12.2542,41.6909],[12.2604,41.6869],[12.275,41.6843],[12.2812,41.6818],[12.2896,41.6759],[12.2958,41.6696],[12.3115,41.6635],[12.3137,41.6615]]]}},{"type":"Feature","properties":{"depth":-10},"geometry":{"type":"MultiLineString","coordinates":[[[12.0268,41.95],[12.0293,41.9344],[12.0312,41.9307],[12.0375,41.9294],[12.0521,41.9342],[12.0604,41.9331],[12.0687,41.9298],[12.1,41.9148],[12.1229,41.9057],[12.1417,41.9029],[12.1464,41.8969],[12.1475,41.8865],[12.1513,41.8781],[12.1562,41.8728],[12.1648,41.8615],[12.1723,41.849],[12.1817,41.8302],[12.1851,41.826],[12.1928,41.8198],[12.1963,41.8135],[12.1984,41.8031],[12.202,41.7927],[12.2027,41.7781],[12.2115,41.7448],[12.2166,41.7365],[12.2229,41.7321],[12.2354,41.7276],[12.2604,41.722],[12.2722,41.7177],[12.2983,41.7052],[12.3125,41.6994],[12.3229,41.6919],[12.3396,41.6838],[12.3625,41.6703],[12.3746,41.6615]]]}},{"type":"Feature","properties":{"depth":-5},"geometry":{"type":"MultiLineString","coordinates":[[[12.2541,41.7344],[12.2896,41.7205],[12.3063,41.7122],[12.3229,41.6992],[12.3417,41.691],[12.3613,41.6802],[12.3812,41.6681],[12.3888,41.6615]]]}},{"type":"Feature","properties":{"depth":-5},"geometry":{"type":"MultiLineString","coordinates":[[[12.0365,41.95],[12.0375,41.9469],[12.0437,41.9432],[12.0521,41.9431],[12.0625,41.941],[12.0729,41.9365],[12.0876,41.9281],[12.0958,41.9243],[12.1146,41.9184],[12.1271,41.9119],[12.1438,41.9066],[12.1495,41.901],[12.1541,41.8885],[12.1567,41.8844],[12.1687,41.8693],[12.1778,41.8552],[12.1877,41.8344],[12.1979,41.8246],[12.2049,41.8156],[12.2112,41.801],[12.2183,41.7781],[12.218,41.7719],[12.2221,41.7615],[12.2254,41.749],[12.2258,41.7435]]]}}]}