{"type":"FeatureCollection","features":[{"type":"Feature","properties":{"depth":-200},"geometry":{"type":"MultiLineString","coordinates":[[[15.4667,43.574],[15.47,43.5781],[15.4844,43.5851],[15.4948,43.5939],[15.5115,43.6121],[15.5156,43.6157],[15.524,43.6158],[15.5323,43.6102],[15.5365,43.6088],[15.549,43.6086],[15.5552,43.6076],[15.5615,43.6043],[15.5865,43.5962],[15.601,43.5941],[15.6135,43.5877],[15.626,43.5853],[15.6385,43.5864],[15.6414,43.5823],[15.6402,43.574]]]}},{"type":"Feature","properties":{"depth":-100},"geometry":{"type":"MultiLineString","coordinates":[[[15.0071,43.574],[15.0085,43.5823],[15.0104,43.5865],[15.0117,43.5948],[15.0139,43.599],[15.0219,43.6073],[15.0338,43.6219],[15.0422,43.6365],[15.0435,43.6406],[15.0439,43.6677],[15.0452,43.6719],[15.0531,43.6798],[15.0635,43.6848],[15.0719,43.6859],[15.0842,43.6927],[15.0927,43.7023],[15.1031,43.7081],[15.1073,43.7114],[15.1219,43.726],[15.1245,43.7302],[15.1277,43.7448],[15.1344,43.7506],[15.1406,43.7536],[15.1531,43.763],[15.1573,43.7644],[15.1698,43.7641],[15.1781,43.7625],[15.1927,43.761],[15.199,43.7617],[15.2083,43.7656],[15.2177,43.776],[15.226,43.7794],[15.2344,43.7753],[15.2385,43.7756],[15.2422,43.7802],[15.2429,43.7865],[15.2415,43.801],[15.2448,43.8032],[15.2549,43.7969],[15.2607,43.7885],[15.2604,43.7802],[15.2627,43.776],[15.2698,43.7721],[15.274,43.7714],[15.2769,43.774],[15.2736,43.7844],[15.2781,43.7865],[15.2885,43.7827],[15.2948,43.7751],[15.3156,43.7681],[15.3192,43.7698]]]}},{"type":"Feature","properties":{"depth":-100},"geometry":{"type":"MultiLineString","coordinates":[[[15.3216,43.768],[15.3281,43.7602],[15.3377,43.7573],[15.3427,43.7527],[15.3552,43.7456],[15.3615,43.7465],[15.3656,43.7414],[15.3719,43.7411],[15.3802,43.7327],[15.3887,43.7302],[15.3969,43.7206],[15.4052,43.7168],[15.4115,43.7086],[15.4198,43.7065],[15.424,43.7039],[15.4275,43.6969],[15.4323,43.6919],[15.4448,43.6874],[15.449,43.6873],[15.453,43.6906],[15.4552,43.6965],[15.4615,43.6927],[15.463,43.6885],[15.4582,43.6823],[15.458,43.6719],[15.4615,43.6667],[15.4677,43.6641],[15.476,43.6662],[15.4823,43.6701],[15.4885,43.6689],[15.4948,43.6581],[15.499,43.6557],[15.5052,43.6548],[15.5156,43.6485],[15.5385,43.641],[15.5448,43.6367],[15.5531,43.6337],[15.5596,43.624],[15.5677,43.6157],[15.574,43.6135],[15.5823,43.6138],[15.5885,43.6182],[15.5927,43.6179],[15.601,43.612],[15.6135,43.6073],[15.6385,43.6052],[15.649,43.6051],[15.6615,43.6029],[15.6719,43.6057],[15.6844,43.6063],[15.6948,43.6078],[15.7115,43.6038],[15.7198,43.6041],[15.7302,43.6066],[15.7406,43.6109],[15.7469,43.6094],[15.7573,43.6022],[15.7615,43.6029],[15.7677,43.6067],[15.774,43.6075],[15.7802,43.6061],[15.7843,43.6094],[15.7888,43.6219],[15.7927,43.6235],[15.7969,43.6215],[15.7982,43.6177],[15.8003,43.5969],[15.7993,43.5927],[15.795,43.5865],[15.7973,43.574]]]}},{"type":"Feature","properties":{"depth":-50},"geometry":{"type":"MultiLineString","coordinates":[[[13.8773,43.574],[13.8732,43.5802],[13.8615,43.5906],[13.853,43.5969],[13.8448,43.6044],[13.824,43.6207],[13.8135,43.6302],[13.8009,43.6406],[13.7844,43.6507],[13.776,43.6547],[13.7635,43.6621],[13.7526,43.6698],[13.7448,43.6735],[13.7385,43.6781],[13.724,43.6868],[13.7156,43.691],[13.7073,43.697],[13.701,43.7002],[13.6906,43.7073],[13.6781,43.7148],[13.6644,43.7219],[13.649,43.7325],[13.624,43.748],[13.601,43.7633],[13.5865,43.7724],[13.5656,43.7831],[13.5552,43.7893],[13.5469,43.7933],[13.5344,43.801],[13.5172,43.8156],[13.4969,43.8289],[13.4906,43.8324],[13.476,43.8442],[13.4677,43.8527],[13.4552,43.8612],[13.4427,43.8678],[13.4135,43.8867],[13.4001,43.8969],[13.3943,43.9031],[13.3802,43.9141],[13.3594,43.9277],[13.3544,43.9323],[13.3385,43.9431],[13.3323,43.946],[13.2927,43.9708],[13.2701,43.9823],[13.249,43.9975],[13.2344,44.0058],[13.2135,44.0153],[13.1862,44.0302],[13.151,44.0557],[13.1281,44.0705],[13.1031,44.0928],[13.0945,44.1031],[13.0845,44.1135],[13.0677,44.1272],[13.0469,44.1425],[13.0366,44.1552],[13.024,44.1781],[13.0217,44.1844],[13.0219,44.1947],[13.026,44.2021],[13.0348,44.2135],[13.0351,44.2177],[13.0324,44.2281],[13.0324,44.2344],[13.0343,44.2385],[13.0406,44.2464],[13.051,44.2554],[13.0677,44.2727],[13.076,44.2823],[13.0844,44.29],[13.101,44.2983],[13.1079,44.3031],[13.1219,44.3177],[13.1265,44.3281],[13.1306,44.3427],[13.1365,44.3509],[13.154,44.3656],[13.1715,44.374],[13.1927,44.3813],[13.2031,44.3833],[13.2177,44.3846],[13.2344,44.3836],[13.2487,44.3844],[13.2552,44.3859],[13.2615,44.3906],[13.2677,44.4029],[13.2702,44.4115],[13.2803,44.4323],[13.2888,44.4448],[13.2927,44.4484],[13.301,44.4497],[13.3219,44.4466],[13.3281,44.4443],[13.3427,44.4342],[13.3483,44.4281],[13.3531,44.4251],[13.3615,44.4242],[13.374,44.4269],[13.3784,44.4302],[13.3781,44.4386],[13.3802,44.4412],[13.3885,44.4428],[13.399,44.4416],[13.4094,44.4432],[13.4156,44.4404],[13.4198,44.4411],[13.4281,44.4459],[13.449,44.4453],[13.4564,44.4469],[13.4666,44.4531],[13.46,44.4615],[13.4607,44.4656],[13.4656,44.4685],[13.4698,44.4684],[13.4844,44.4625],[13.4948,44.4572],[13.502,44.4594],[13.5019,44.4635],[13.4947,44.4677],[13.4969,44.4712],[13.5032,44.4698],[13.5135,44.4619],[13.524,44.4604],[13.5281,44.4618],[13.5344,44.4718],[13.5406,44.4727],[13.5552,44.4693],[13.576,44.4681],[13.5823,44.4651],[13.5927,44.4646],[13.6052,44.4664],[13.6177,44.463],[13.6281,44.4625],[13.6406,44.4645],[13.649,44.4635],[13.6615,44.4597],[13.6635,44.458],[13.6719,44.4385],[13.676,44.4347],[13.6802,44.4336],[13.6906,44.4357],[13.7031,44.4411],[13.709,44.4469],[13.7109,44.451],[13.7083,44.4552],[13.699,44.4597],[13.6828,44.4698],[13.6797,44.476],[13.6828,44.4844],[13.6909,44.4948],[13.701,44.5012],[13.7052,44.501],[13.7135,44.4979],[13.724,44.4889],[13.7325,44.4781],[13.7385,44.4658],[13.7427,44.4626],[13.7615,44.4653],[13.7677,44.4596],[13.776,44.4583],[13.7906,44.4532],[13.8073,44.4521],[13.8198,44.4546],[13.8277,44.4594],[13.8365,44.4626],[13.8427,44.4611],[13.8594,44.4594],[13.8661,44.4615],[13.8688,44.4677],[13.876,44.4695],[13.8906,44.4657],[13.9094,44.4578],[13.9219,44.4515],[13.9315,44.451],[13.9385,44.4568],[13.9594,44.4619],[13.9662,44.4677],[13.9885,44.4804],[13.9948,44.4812],[14.0135,44.4812],[14.0177,44.4818],[14.0302,44.4878],[14.0406,44.4895],[14.0469,44.489],[14.0628,44.4823],[14.0698,44.4743],[14.0823,44.4689],[14.0906,44.4686],[14.099,44.465],[14.1031,44.4646],[14.1198,44.4652],[14.1302,44.4702],[14.1365,44.4755],[14.1427,44.4776],[14.1506,44.4844],[14.152,44.4885],[14.1515,44.4948],[14.1485,44.501],[14.1481,44.5094],[14.1494,44.5135],[14.1573,44.5219],[14.1597,44.526],[14.1596,44.5302],[14.1552,44.5427],[14.1552,44.5469],[14.1594,44.5485],[14.1698,44.5399],[14.1781,44.5363],[14.1885,44.5374],[14.1969,44.5346],[14.2052,44.5263],[14.2091,44.5177],[14.2146,44.499],[14.2198,44.4908],[14.2323,44.486],[14.2406,44.4855],[14.2477,44.4885],[14.2496,44.4969],[14.2552,44.5064],[14.2594,44.5077],[14.2677,44.5033],[14.272,44.499],[14.2802,44.4853],[14.2906,44.4773],[14.3031,44.4728],[14.3177,44.4715],[14.3281,44.4759],[14.3427,44.4771],[14.3531,44.4765],[14.3573,44.4785],[14.374,44.4928],[14.3781,44.4919],[14.3865,44.4858],[14.3948,44.4776],[14.4052,44.4769],[14.4135,44.4735],[14.424,44.4714],[14.4327,44.4719],[14.4385,44.4737],[14.4413,44.4677],[14.4469,44.46],[14.4498,44.449],[14.4527,44.4448],[14.4698,44.4358],[14.474,44.4353],[14.4823,44.4429],[14.4846,44.4469],[14.4842,44.451],[14.4785,44.4552],[14.4677,44.4599],[14.4615,44.4663],[14.449,44.4683],[14.4458,44.4698],[14.4396,44.476],[14.4396,44.4885],[14.4377,44.4948],[14.426,44.5009],[14.4221,44.5073],[14.4219,44.5136],[14.426,44.5141],[14.44,44.5031],[14.4448,44.4976],[14.449,44.4954],[14.4573,44.4948],[14.4659,44.4906],[14.4711,44.4844],[14.492,44.4698],[14.4971,44.4635],[14.4995,44.4552],[14.5031,44.4491],[14.5053,44.4406],[14.5044,44.4365],[14.4997,44.4323],[14.4964,44.426],[14.4987,44.4094],[14.501,44.4052],[14.5052,44.4043],[14.5198,44.4104],[14.5323,44.41],[14.5573,44.4015],[14.5635,44.3975],[14.5698,44.3956],[14.5802,44.4001],[14.5906,44.3996],[14.601,44.3954],[14.6094,44.3936],[14.6219,44.3929],[14.6323,44.3944],[14.6406,44.3922],[14.6502,44.3781],[14.6573,44.373],[14.6673,44.3677],[14.6708,44.3594],[14.6677,44.351],[14.6615,44.3439],[14.6552,44.3437],[14.639,44.3552],[14.6344,44.3597],[14.6281,44.361],[14.6177,44.3612],[14.5927,44.3676],[14.5885,44.3695],[14.5758,44.3802],[14.5698,44.3809],[14.5532,44.374],[14.5512,44.3677],[14.5508,44.3573],[14.5534,44.349],[14.5635,44.3401],[14.568,44.3323],[14.5768,44.3219],[14.5906,44.3125],[14.6073,44.3068],[14.6344,44.2934],[14.6576,44.2865],[14.6604,44.2844],[14.6644,44.274],[14.6677,44.2694],[14.674,44.2674],[14.6844,44.2666],[14.7062,44.2573],[14.7156,44.2514],[14.7231,44.2385],[14.726,44.2321],[14.7302,44.2275],[14.7427,44.2196],[14.7531,44.2092],[14.7594,44.2066],[14.7698,44.2083],[14.7823,44.2133],[14.7885,44.2105],[14.799,44.213],[14.8052,44.2179],[14.8156,44.2127],[14.8242,44.2031],[14.8302,44.1985],[14.8391,44.1885],[14.8427,44.1831],[14.8482,44.1781],[14.8518,44.1677],[14.8573,44.1593],[14.8557,44.1552],[14.8588,44.1552],[14.8611,44.1618]]]}},{"type":"Feature","properties":{"depth":-50},"geometry":{"type":"MultiLineString","coordinates":[[[15.7453,43.6276],[15.7401,43.6365],[15.7431,43.6469],[15.7426,43.6531],[15.7552,43.663],[15.7615,43.6602],[15.7677,43.6603],[15.7726,43.6635],[15.7717,43.6677],[15.7654,43.674],[15.7665,43.676],[15.776,43.6774],[15.7822,43.674],[15.784,43.6656],[15.7865,43.6613],[15.7906,43.6586],[15.7938,43.6656],[15.7969,43.668],[15.801,43.6679],[15.8094,43.6603],[15.8198,43.6574],[15.8261,43.6531],[15.824,43.6484],[15.8177,43.652],[15.8135,43.6517],[15.8114,43.649],[15.8131,43.6448],[15.8183,43.6421]]]}},{"type":"Feature","properties":{"depth":-50},"geometry":{"type":"MultiLineString","coordinates":[[[15.8215,43.6424],[15.8344,43.645],[15.8427,43.6427],[15.8461,43.6448],[15.8467,43.651],[15.8448,43.6543],[15.8344,43.658],[15.8285,43.6635],[15.8263,43.6677],[15.8266,43.674],[15.8224,43.6802],[15.8239,43.6865],[15.8302,43.6838],[15.8365,43.6785],[15.8502,43.6698],[15.8594,43.6612],[15.8719,43.6566],[15.8781,43.6502],[15.8951,43.6448],[15.8993,43.6406],[15.8937,43.6344],[15.8929,43.6302],[15.8969,43.6248],[15.9052,43.6247],[15.9085,43.6219],[15.9086,43.6177],[15.9031,43.6101],[15.8972,43.6052],[15.893,43.5948],[15.8865,43.5895],[15.8719,43.5907],[15.8635,43.5896],[15.8585,43.5865],[15.8555,43.5802],[15.8548,43.574]]]}},{"type":"Feature","properties":{"depth":-50},"geometry":{"type":"MultiLineString","coordinates":[[[15.4681,43.6931],[15.474,43.6859],[15.4844,43.68],[15.4885,43.6803],[15.4896,43.6844],[15.4858,43.6906],[15.4906,43.6931],[15.4969,43.6912],[15.5099,43.6844],[15.5098,43.6781],[15.5167,43.6677],[15.5208,43.6573],[15.526,43.6543],[15.5323,43.6533],[15.5385,43.654],[15.5448,43.6526],[15.5531,43.6469],[15.5573,43.6466],[15.5802,43.6534],[15.5865,43.6532],[15.599,43.6564],[15.6031,43.6563],[15.6135,43.6534],[15.6281,43.647],[15.6383,43.6365],[15.6448,43.632],[15.6637,43.624],[15.6701,43.6177],[15.6802,43.615],[15.6948,43.6177],[15.699,43.6176],[15.7115,43.6123],[15.7198,43.6126],[15.7365,43.619],[15.7441,43.624]]]}},{"type":"Feature","properties":{"depth":-50},"geometry":{"type":"MultiLineString","coordinates":[[[15.539,43.7089],[15.5365,43.7111],[15.526,43.708],[15.5177,43.7093],[15.5158,43.7031],[15.5198,43.6962],[15.5302,43.6956],[15.5386,43.7053]]]}},{"type":"Feature","properties":{"depth":-50},"geometry":{"type":"MultiLineString","coordinates":[[[15.4991,43.7113],[15.4994,43.7219],[15.4961,43.7302],[15.4844,43.7346],[15.4781,43.7349],[15.4698,43.7397],[15.462,43.7401]]]}},{"type":"Feature","properties":{"depth":-50},"geometry":{"type":"MultiLineString","coordinates":[[[15.4116,43.7177],[15.4219,43.7158],[15.4281,43.7111],[15.4365,43.7115],[15.4427,43.71],[15.4589,43.7015]]]}},{"type":"Feature","properties":{"depth":-50},"geometry":{"type":"MultiLineString","coordinates":[[[15.3927,43.7719],[15.3859,43.776],[15.3802,43.7856],[15.376,43.7836],[15.3719,43.7846],[15.3607,43.7948],[15.3615,43.7991],[15.3677,43.7959],[15.374,43.7957],[15.3811,43.801],[15.382,43.8031],[15.3784,43.8115],[15.3877,43.824],[15.3869,43.8281],[15.3823,43.8313],[15.376,43.8308],[15.3677,43.8348],[15.3615,43.8365],[15.3572,43.8406],[15.3471,43.8552],[15.3531,43.8596],[15.3635,43.8606],[15.3677,43.8676],[15.374,43.8687],[15.3768,43.8719],[15.3753,43.876],[15.3698,43.8802],[15.3656,43.8811],[15.3614,43.8865],[15.3635,43.8934],[15.374,43.8962],[15.3823,43.8948],[15.3909,43.8865],[15.3969,43.8825],[15.4049,43.8805]]]}},{"type":"Feature","properties":{"depth":-50},"geometry":{"type":"MultiLineString","coordinates":[[[15.4062,43.8802],[15.4177,43.8762],[15.426,43.8676],[15.4344,43.8612],[15.4448,43.8562],[15.4486,43.8531],[15.4498,43.8469],[15.4457,43.8406],[15.4552,43.8376],[15.4656,43.8382],[15.4697,43.8344],[15.4781,43.8322],[15.4885,43.8355],[15.4938,43.8344],[15.4959,43.826],[15.5177,43.8195],[15.526,43.8216],[15.5323,43.8247],[15.5406,43.8231],[15.549,43.8228],[15.5588,43.8115],[15.5698,43.8068],[15.576,43.8022],[15.5823,43.7993],[15.6112,43.7802],[15.6113,43.776],[15.6166,43.7698],[15.6141,43.7656],[15.6162,43.7615],[15.6219,43.7579],[15.6323,43.7565],[15.6354,43.7573],[15.6385,43.7624],[15.6448,43.7633],[15.656,43.7594],[15.6594,43.7527],[15.6677,43.7544],[15.6781,43.7439],[15.6865,43.7414],[15.6869,43.7385],[15.6802,43.7339],[15.6698,43.7218],[15.6684,43.7177],[15.67,43.7115],[15.6677,43.7086],[15.6615,43.7109],[15.6531,43.7101],[15.6427,43.7137],[15.6365,43.7147],[15.6318,43.7135],[15.6291,43.7094],[15.6344,43.7061],[15.6406,43.7001],[15.6531,43.6911],[15.6615,43.687],[15.6646,43.6823],[15.6654,43.674],[15.6615,43.6709],[15.651,43.672],[15.6448,43.6764],[15.6406,43.6769],[15.6302,43.6748],[15.624,43.6763],[15.6177,43.6808],[15.6094,43.6828],[15.6052,43.6855],[15.601,43.6847],[15.5948,43.6803],[15.5885,43.6846],[15.5823,43.6823],[15.5852,43.676],[15.5841,43.6698],[15.5781,43.6599],[15.574,43.6609],[15.5671,43.674],[15.562,43.6802],[15.5625,43.6844],[15.5601,43.6885],[15.5528,43.6927],[15.549,43.6994],[15.5458,43.701],[15.5441,43.6927],[15.5459,43.6885],[15.5568,43.6781],[15.549,43.6745],[15.5406,43.6678],[15.526,43.671],[15.5208,43.6802],[15.5213,43.688]]]}},{"type":"Feature","properties":{"depth":-50},"geometry":{"type":"MultiLineString","coordinates":[[[14.8742,44.1219],[14.876,44.1148],[14.8802,44.1123],[14.8906,44.1097],[14.8983,44.1031],[14.9022,44.0969],[14.903,44.0823],[14.9052,44.0789],[14.9115,44.075],[14.9219,44.0721],[14.949,44.0596],[14.9573,44.0549],[14.974,44.0434],[14.9828,44.0344],[14.9885,44.0135],[14.9867,43.999],[14.9906,43.9892],[14.9969,43.9843],[15.0052,43.9818],[15.0094,43.9824],[15.0219,43.9876],[15.026,43.9866],[15.0302,43.9829],[15.0386,43.9719],[15.0531,43.9562],[15.0615,43.9462],[15.0802,43.9281],[15.0945,43.9156],[15.1073,43.9064],[15.1219,43.8945],[15.1385,43.8847],[15.1615,43.8696],[15.1719,43.857],[15.1781,43.8532],[15.1885,43.8513],[15.1927,43.849],[15.1956,43.8448],[15.2052,43.8379],[15.2119,43.8281],[15.2156,43.8267],[15.2262,43.8262]]]}},{"type":"Feature","properties":{"depth":-50},"geometry":{"type":"MultiLineString","coordinates":[[[14.9996,44.1379],[15.003,44.1323],[15.0129,44.1281],[15.0198,44.123],[15.0302,44.1198],[15.0454,44.1135],[15.0497,44.1094],[15.0514,44.1052],[15.0488,44.099],[15.0406,44.0973],[15.0323,44.1001],[15.026,44.0929],[15.0219,44.0918],[15.0094,44.0952],[14.9885,44.0992],[14.9802,44.1032],[14.9613,44.099]]]}},{"type":"Feature","properties":{"depth":-50},"geometry":{"type":"MultiLineString","coordinates":[[[14.8318,44.1651],[14.832,44.1677],[14.8281,44.1718],[14.8156,44.1761],[14.8031,44.1763],[14.7973,44.1719],[14.7965,44.1677],[14.7994,44.1573],[14.801,44.1551],[14.8073,44.1531],[14.8156,44.1452],[14.8184,44.1469],[14.8173,44.151],[14.8217,44.1572]]]}},{"type":"Feature","properties":{"depth":-50},"geometry":{"type":"MultiLineString","coordinates":[[[14.9215,44.1656],[14.922,44.1698],[14.926,44.1703],[14.9365,44.1663],[14.9406,44.167],[14.9424,44.1698],[14.9401,44.1802],[14.9427,44.181],[14.9573,44.1709],[14.9635,44.1639],[14.9677,44.1634]]]}},{"type":"Feature","properties":{"depth":-50},"geometry":{"type":"MultiLineString","coordinates":[[[14.471,44.8061],[14.47,44.8156],[14.4671,44.826],[14.4647,44.8406],[14.458,44.8552],[14.4536,44.8698],[14.4526,44.8823],[14.4543,44.8885],[14.4594,44.8928],[14.4646,44.901],[14.4692,44.9219],[14.4727,44.9281],[14.4723,44.9323],[14.4745,44.9385],[14.4844,44.9416],[14.4885,44.9452],[14.4911,44.9531],[14.4873,44.9615],[14.4858,44.9698],[14.4885,44.9713],[14.4969,44.9681],[14.5074,44.9594],[14.5133,44.949],[14.5323,44.94],[14.5385,44.9387],[14.5531,44.9401],[14.5677,44.9362],[14.5719,44.9327],[14.5802,44.9308],[14.5899,44.9344],[14.5932,44.9385],[14.5973,44.949],[14.6031,44.9572],[14.6073,44.9604],[14.6135,44.9617],[14.626,44.959],[14.6427,44.9482],[14.6555,44.9448],[14.6612,44.9344],[14.6698,44.9265],[14.6823,44.9249],[14.6927,44.9286],[14.7052,44.9282],[14.724,44.9235],[14.7344,44.9194],[14.749,44.9174],[14.7558,44.9094],[14.77,44.899],[14.7781,44.8921],[14.7844,44.8895],[14.7948,44.8872],[14.8073,44.8801],[14.8344,44.8728],[14.849,44.8748],[14.853,44.8823],[14.8521,44.8906],[14.8468,44.9031],[14.8406,44.9135],[14.8281,44.926],[14.8198,44.9319],[14.8094,44.9373],[14.799,44.9391],[14.7823,44.9437],[14.7777,44.9469],[14.7802,44.9514],[14.7844,44.9514],[14.8073,44.9477],[14.8177,44.9501],[14.826,44.9562],[14.8327,44.9635],[14.8346,44.9677],[14.836,44.9781],[14.8375,44.9802],[14.8448,44.9827],[14.8497,44.9865],[14.8506,44.9906],[14.8478,44.999],[14.8427,45.0036],[14.8385,45.0052],[14.8219,45.0064],[14.8135,45.0056],[14.8006,45.0073],[14.7865,45.0111],[14.7719,45.0176],[14.7635,45.0259],[14.7573,45.0301],[14.751,45.0388],[14.7492,45.0448],[14.7494,45.0531],[14.7431,45.0635],[14.7434,45.0719],[14.7365,45.0772],[14.7281,45.0767],[14.7135,45.0804],[14.7052,45.077],[14.701,45.0766],[14.6946,45.0802],[14.6881,45.0865],[14.6833,45.1]],[[14.8295,45.1],[14.8302,45.0995],[14.8357,45.0885],[14.8404,45.0844],[14.8471,45.076],[14.8498,45.0656],[14.8615,45.0479],[14.8646,45.0385],[14.8626,45.0302],[14.863,45.026],[14.8708,45.0073],[14.8788,44.9969],[14.8804,44.9927],[14.8791,44.9823],[14.8844,44.974],[14.8927,44.9693],[14.901,44.966],[14.9072,44.9594],[14.9078,44.951],[14.9056,44.9406],[14.8979,44.9219],[14.8901,44.9073],[14.8858,44.8927],[14.8789,44.8802],[14.8732,44.8615],[14.8706,44.8469],[14.8702,44.8344],[14.8679,44.824],[14.8682,44.8156],[14.8707,44.799],[14.8707,44.7844],[14.8749,44.7698],[14.8755,44.7573],[14.8815,44.7469],[14.8838,44.7385],[14.8831,44.7344],[14.8781,44.7281],[14.8698,44.7356],[14.8628,44.749],[14.8531,44.7562],[14.8427,44.7671],[14.8323,44.7702],[14.8281,44.7725],[14.8094,44.788],[14.7906,44.801],[14.7803,44.8094],[14.7749,44.8156],[14.7749,44.824],[14.7802,44.8306],[14.7844,44.8327],[14.7885,44.8317],[14.7969,44.8247],[14.8073,44.819],[14.8156,44.8121],[14.8219,44.8086],[14.8302,44.8092],[14.8344,44.8117],[14.8482,44.826],[14.8513,44.8302],[14.8532,44.8385],[14.8517,44.8531],[14.849,44.8567],[14.8281,44.8606],[14.8177,44.8605],[14.8094,44.8627],[14.799,44.8639],[14.7948,44.8661],[14.7823,44.8787],[14.7744,44.8823],[14.749,44.8983],[14.7448,44.8992],[14.7385,44.8953],[14.7325,44.8885],[14.7243,44.8823],[14.719,44.8719],[14.7156,44.8677],[14.7052,44.862],[14.699,44.8597],[14.6906,44.8604],[14.6781,44.8636],[14.6696,44.8677],[14.6615,44.8781],[14.6573,44.8813],[14.6427,44.8883],[14.6385,44.888],[14.6342,44.8844],[14.6366,44.8802],[14.6502,44.8677],[14.6533,44.8635],[14.658,44.851],[14.6607,44.8406],[14.6691,44.824],[14.668,44.8198],[14.6594,44.8136],[14.6461,44.799],[14.6431,44.7927],[14.643,44.7865],[14.6469,44.7802],[14.654,44.7719],[14.6608,44.7615],[14.6656,44.757],[14.6781,44.7498],[14.6948,44.7447],[14.7031,44.7436],[14.726,44.7437],[14.7323,44.7432],[14.7531,44.7379],[14.7632,44.7302],[14.7802,44.7193],[14.7948,44.7079],[14.8031,44.6972],[14.8122,44.6885],[14.8168,44.6823],[14.8219,44.6781],[14.8302,44.6742],[14.8344,44.6736],[14.849,44.6746],[14.8548,44.6781],[14.8594,44.6841],[14.8635,44.6863],[14.874,44.6893],[14.8823,44.696],[14.8935,44.6802],[14.8957,44.6698],[14.8989,44.6656],[14.9094,44.6606],[14.924,44.6379],[14.9316,44.6302],[14.9416,44.6219],[14.9465,44.6135],[14.9531,44.6074],[14.9557,44.6031],[14.9552,44.596],[14.949,44.5962],[14.9451,44.601],[14.9436,44.6073],[14.9385,44.6111],[14.9302,44.6133],[14.9219,44.6211],[14.9115,44.6238],[14.899,44.623],[14.8823,44.6252],[14.874,44.6239],[14.8594,44.6198],[14.851,44.6233],[14.8281,44.6397],[14.8142,44.6531],[14.7917,44.674],[14.7804,44.6865],[14.7677,44.6971],[14.7516,44.7073],[14.7448,44.7129],[14.7365,44.716],[14.7302,44.7154],[14.7177,44.716],[14.7073,44.7107],[14.7031,44.7065],[14.699,44.7056],[14.6865,44.7113],[14.6795,44.7177],[14.6759,44.724],[14.6705,44.7302],[14.6652,44.7344],[14.6552,44.7389],[14.65,44.7469],[14.6427,44.7503],[14.6302,44.749],[14.6275,44.7448],[14.6286,44.7385],[14.6329,44.7323],[14.6406,44.7279],[14.6438,44.724],[14.6465,44.7156],[14.6531,44.7059],[14.6598,44.699],[14.6732,44.6802],[14.6844,44.673],[14.6969,44.6698],[14.6997,44.6677],[14.703,44.6573],[14.7061,44.6531],[14.7135,44.6471],[14.7219,44.6441],[14.726,44.645],[14.7281,44.649],[14.7247,44.6552],[14.7056,44.6698],[14.7046,44.676],[14.7058,44.6844],[14.7094,44.6945],[14.7156,44.6944],[14.7205,44.6885],[14.7252,44.6802],[14.7331,44.6719],[14.7442,44.6552],[14.7594,44.6464],[14.763,44.6427],[14.7666,44.6302],[14.7688,44.626],[14.774,44.6214],[14.7865,44.615],[14.799,44.6026],[14.8052,44.5979],[14.8173,44.5865],[14.8247,44.574],[14.8244,44.5698],[14.8196,44.5594],[14.8202,44.551],[14.8228,44.5469],[14.8365,44.5367],[14.8421,44.526],[14.8469,44.5205],[14.8574,44.5156],[14.8597,44.5094],[14.8552,44.5052],[14.8448,44.5011],[14.8384,44.4969],[14.8363,44.4927],[14.8365,44.476],[14.8393,44.4677],[14.8469,44.4611],[14.8615,44.4568],[14.8656,44.4544],[14.8719,44.4464],[14.8778,44.4406],[14.8885,44.4245],[14.8927,44.4227],[14.9073,44.4199],[14.9115,44.4174],[14.9198,44.4047],[14.9281,44.3976],[14.9344,44.3942],[14.9469,44.3907],[14.9594,44.3847],[14.9823,44.3792],[15.0135,44.3793],[15.024,44.3773],[15.0323,44.3767],[15.0385,44.3744],[15.051,44.3722],[15.062,44.3656],[15.0653,44.3594],[15.0668,44.351],[15.0659,44.3469],[15.0615,44.3468],[15.0552,44.3504],[15.0427,44.3516],[15.0323,44.356],[15.026,44.3569],[15.0102,44.3531],[15.0039,44.349],[15.0042,44.3302],[15.0022,44.3135],[15.0034,44.3073],[15.0062,44.301],[15.0072,44.2948],[15.0034,44.2865],[14.999,44.286],[14.9865,44.2875],[14.9802,44.285],[14.9752,44.2781],[14.9743,44.2656],[14.9769,44.2573],[14.9831,44.251],[14.9884,44.2427],[14.9868,44.2365],[14.9781,44.2304],[14.9709,44.224],[14.9628,44.2115],[14.9516,44.2094],[14.9406,44.2091],[14.9344,44.2077],[14.9334,44.2135],[14.9423,44.2156],[14.9432,44.2198],[14.9344,44.2311],[14.9219,44.2357],[14.9135,44.2353],[14.899,44.2414],[14.8927,44.2409],[14.8851,44.2448],[14.8948,44.2508],[14.8979,44.2594],[14.887,44.276],[14.8883,44.2823],[14.897,44.2885],[14.9007,44.2948],[14.8981,44.3031],[14.8927,44.3073],[14.874,44.3147],[14.8572,44.326],[14.8545,44.3302],[14.8515,44.3406],[14.8531,44.3427],[14.8677,44.3438],[14.8802,44.3456],[14.8885,44.3487],[14.8925,44.3531],[14.8935,44.3573],[14.8913,44.3698],[14.8865,44.3754],[14.8781,44.3815],[14.874,44.387],[14.8701,44.3948],[14.8656,44.3993],[14.8615,44.4012],[14.8469,44.4026],[14.8365,44.407],[14.8317,44.4115],[14.8281,44.4177],[14.8219,44.422],[14.8115,44.4258],[14.7969,44.4322],[14.7844,44.4363],[14.7802,44.4368],[14.7656,44.4356],[14.7594,44.4371],[14.7469,44.4455],[14.7344,44.4519],[14.724,44.4609],[14.7177,44.4628],[14.701,44.4614],[14.6927,44.4625],[14.6865,44.4646],[14.6828,44.4677],[14.6781,44.4758],[14.6719,44.4804],[14.6694,44.4844],[14.6656,44.4948],[14.6594,44.5022],[14.6531,44.5055],[14.6498,44.5115],[14.6444,44.526],[14.6353,44.5385],[14.6311,44.549],[14.6281,44.5533],[14.6219,44.5574],[14.6094,44.5589],[14.6052,44.5604],[14.5958,44.5698],[14.5895,44.5781],[14.5847,44.5885],[14.5802,44.5923],[14.5677,44.5999],[14.5598,44.6094],[14.5592,44.6135],[14.5608,44.6281],[14.5608,44.6448],[14.5596,44.649],[14.5552,44.6551],[14.5344,44.6636],[14.5243,44.6719],[14.5135,44.6885],[14.5129,44.6927],[14.5148,44.699],[14.514,44.7073],[14.5116,44.7115],[14.4994,44.7177],[14.4954,44.726],[14.4851,44.7344],[14.4836,44.7531],[14.4827,44.7573],[14.4744,44.7698],[14.4719,44.7781],[14.4752,44.7844],[14.4755,44.7885],[14.473,44.7948],[14.4714,44.8047]]]}},{"type":"Feature","properties":{"depth":-50},"geometry":{"type":"MultiLineString","coordinates":[[[14.4695,44.9823],[14.4656,44.985],[14.451,44.9859],[14.4406,44.9827],[14.4323,44.9885],[14.424,44.993],[14.4183,45.001],[14.4115,45.0084],[14.3995,45.026],[14.3953,45.0365],[14.3801,45.0594],[14.378,45.0719],[14.3789,45.076],[14.3769,45.0802],[14.3673,45.0885],[14.3654,45.0927],[14.364,45.1]],[[14.2704,45.1],[14.2725,45.0927],[14.2781,45.0897],[14.2865,45.0881],[14.2888,45.0823],[14.2947,45.074],[14.2953,45.0677],[14.299,45.063],[14.3128,45.0552],[14.3177,45.0485],[14.324,45.0466],[14.3365,45.0477],[14.3427,45.0427],[14.349,45.0303],[14.3485,45.026],[14.3417,45.0135],[14.3416,45.0031],[14.3469,44.985],[14.3594,44.9828],[14.3698,44.9828],[14.3719,44.9816],[14.3755,44.9719],[14.3824,44.9635],[14.3802,44.9526],[14.376,44.9456],[14.3705,44.9406],[14.3719,44.9385],[14.3823,44.9307],[14.3885,44.9209],[14.3885,44.9133],[14.3844,44.9117],[14.3719,44.9167],[14.3656,44.9166],[14.3594,44.921],[14.3526,44.9219],[14.3494,44.924],[14.3472,44.9302],[14.338,44.9469],[14.3256,44.9552],[14.326,44.9615],[14.3198,44.9641],[14.3156,44.9678],[14.3115,44.968],[14.3057,44.9573],[14.3035,44.951],[14.2969,44.9438],[14.2905,44.9406],[14.2905,44.9365],[14.2781,44.9287],[14.2748,44.924],[14.2754,44.9198],[14.2802,44.9129],[14.2885,44.9093],[14.2929,44.899],[14.2927,44.8952],[14.2862,44.8927],[14.2825,44.8844],[14.276,44.8816],[14.2677,44.8826],[14.2615,44.8854],[14.2531,44.887],[14.2264,44.899],[14.2031,44.9038],[14.1823,44.9027],[14.1719,44.8997],[14.1635,44.8988],[14.1573,44.8995],[14.1499,44.9031],[14.1534,44.9115],[14.1545,44.9177],[14.1497,44.9302],[14.142,44.9344],[14.1394,44.9385],[14.1415,44.9469],[14.151,44.9512],[14.1573,44.9524],[14.1613,44.9552],[14.1698,44.9698],[14.1752,44.976],[14.178,44.9865],[14.1749,45.0052],[14.1749,45.0135],[14.1698,45.0194],[14.167,45.0281],[14.1692,45.0427],[14.1662,45.0531],[14.1661,45.0635],[14.1797,45.076],[14.1921,45.0865],[14.202,45.099],[14.2024,45.1]],[[14.4347,45.1],[14.4298,45.0948],[14.4248,45.0865],[14.4256,45.0781],[14.4296,45.0677],[14.4365,45.06],[14.4448,45.0531],[14.4498,45.0469],[14.4573,45.0412],[14.4655,45.0365],[14.4719,45.0313],[14.4885,45.0213],[14.499,45.0165],[14.5052,45.0151],[14.5115,45.0167],[14.5177,45.0152],[14.5324,45.0073],[14.5281,45.0029],[14.5135,44.9997],[14.5073,44.9975],[14.503,44.9885],[14.499,44.9854],[14.4885,44.9871],[14.4844,44.9853],[14.4802,44.9754],[14.4767,44.9754]]]}},{"type":"Feature","properties":{"depth":-50},"geometry":{"type":"MultiLineString","coordinates":[[[15.3385,43.8128],[15.3281,43.82],[15.3177,43.8249],[15.3115,43.8298],[15.3052,43.8325],[15.299,43.8369],[15.281,43.8469],[15.2791,43.851],[15.2823,43.8541],[15.2885,43.8559],[15.2927,43.8597],[15.299,43.8588],[15.3073,43.8505],[15.3135,43.8468],[15.324,43.8448],[15.3323,43.8368],[15.3385,43.8352],[15.3427,43.8323],[15.3469,43.826],[15.3439,43.8198],[15.3442,43.8135],[15.3385,43.8128]]]}},{"type":"Feature","properties":{"depth":-50},"geometry":{"type":"MultiLineString","coordinates":[[[15.2365,43.955],[15.2311,43.9594],[15.2281,43.9656],[15.2243,43.9698],[15.2156,43.9736],[15.201,43.9721],[15.1948,43.9737],[15.1885,43.9788],[15.1791,43.9844],[15.1917,44.0031],[15.1904,44.0115],[15.1808,44.024],[15.1865,44.0239],[15.1969,44.0153],[15.2031,44.0128],[15.2135,44.0065],[15.2198,44.005],[15.224,44.0017],[15.2302,43.9933],[15.2385,43.9907],[15.2469,43.9906],[15.251,43.9889],[15.2551,43.9844],[15.2614,43.974],[15.2624,43.9698],[15.2594,43.9688],[15.2531,43.9729],[15.249,43.9725],[15.2454,43.9677],[15.2433,43.9594],[15.2406,43.9561],[15.2365,43.955]]]}},{"type":"Feature","properties":{"depth":-50},"geometry":{"type":"MultiLineString","coordinates":[[[15.1406,44.1488],[15.1278,44.151],[15.1219,44.157],[15.1052,44.1665],[15.0924,44.1698],[15.0844,44.1736],[15.0781,44.1736],[15.0677,44.1759],[15.0632,44.1802],[15.0654,44.1885],[15.0635,44.1918],[15.0531,44.198],[15.049,44.1988],[15.0427,44.197],[15.0344,44.2004],[15.0243,44.2031],[15.0156,44.2133],[15.0031,44.2255],[14.9994,44.2302],[14.9997,44.2344],[15.0094,44.2345],[15.0177,44.227],[15.0365,44.2214],[15.0448,44.2228],[15.058,44.2344],[15.0608,44.2219],[15.0656,44.2132],[15.0728,44.2073],[15.0823,44.1949],[15.0865,44.1917],[15.101,44.1887],[15.1058,44.1865],[15.1204,44.174],[15.1228,44.1635],[15.125,44.1594],[15.1363,44.1552],[15.1429,44.151],[15.1406,44.1488]]]}},{"type":"Feature","properties":{"depth":-50},"geometry":{"type":"MultiLineString","coordinates":[[[14.849,44.2484],[14.8461,44.251],[14.8483,44.2615],[14.846,44.274],[14.8427,44.2776],[14.8344,44.2789],[14.824,44.2755],[14.8198,44.2765],[14.8094,44.2854],[14.7969,44.2915],[14.7781,44.3028],[14.7635,44.3106],[14.7552,44.314],[14.7528,44.3177],[14.7475,44.3323],[14.7489,44.3365],[14.7531,44.3389],[14.7615,44.3368],[14.7823,44.3263],[14.801,44.319],[14.8135,44.3129],[14.8406,44.3031],[14.8514,44.2906],[14.8573,44.2854],[14.8662,44.2802],[14.8719,44.274],[14.8758,44.2573],[14.874,44.2516],[14.8656,44.2536],[14.8573,44.2486],[14.849,44.2484]]]}},{"type":"Feature","properties":{"depth":-50},"geometry":{"type":"MultiLineString","coordinates":[[[14.6281,44.4727],[14.6227,44.4781],[14.6174,44.4865],[14.6135,44.4892],[14.6052,44.4907],[14.599,44.4896],[14.5929,44.501],[14.5865,44.5076],[14.574,44.5164],[14.5635,44.5207],[14.551,44.5231],[14.5344,44.524],[14.5302,44.5264],[14.5198,44.5358],[14.5156,44.5379],[14.501,44.5417],[14.4927,44.5483],[14.4781,44.5555],[14.4706,44.5615],[14.4469,44.5827],[14.4403,44.5906],[14.4365,44.599],[14.4331,44.6094],[14.4219,44.619],[14.4179,44.626],[14.4169,44.6323],[14.4184,44.6385],[14.4219,44.6427],[14.426,44.6401],[14.4307,44.6323],[14.4413,44.6177],[14.4531,44.6073],[14.4844,44.5897],[14.4927,44.5862],[14.5073,44.5833],[14.5198,44.584],[14.524,44.5819],[14.5343,44.5677],[14.5411,44.5552],[14.549,44.5485],[14.5594,44.5445],[14.5635,44.5414],[14.5698,44.5331],[14.5865,44.5222],[14.5927,44.5193],[14.6052,44.5158],[14.6177,44.5067],[14.6269,44.5031],[14.6399,44.4969],[14.6414,44.4823],[14.6406,44.4756],[14.6323,44.4719],[14.6281,44.4727]]]}},{"type":"Feature","properties":{"depth":-50},"geometry":{"type":"MultiLineString","coordinates":[[[13.9635,44.5776],[13.9596,44.5844],[13.9689,44.599],[13.9716,44.6094],[13.9702,44.6177],[13.9715,44.6198],[13.9848,44.626],[13.9904,44.6365],[13.999,44.6458],[14.0031,44.6485],[14.0059,44.6469],[14.005,44.6406],[14.0005,44.6365],[13.9958,44.6281],[13.9938,44.6135],[13.9838,44.601],[13.9823,44.5968],[13.9865,44.5959],[13.9927,44.6016],[14.0052,44.6096],[14.0198,44.6167],[14.026,44.6222],[14.0302,44.6239],[14.0374,44.624],[14.0377,44.6177],[14.0344,44.6144],[14.0135,44.6042],[14.001,44.5959],[13.9886,44.5865],[13.9823,44.5794],[13.976,44.5774],[13.9635,44.5776]]]}},{"type":"Feature","properties":{"depth":-50},"geometry":{"type":"MultiLineString","coordinates":[[[14.601,44.6343],[14.6094,44.6328],[14.6183,44.6365],[14.6168,44.6427],[14.6058,44.649],[14.6032,44.6656],[14.5989,44.674],[14.5927,44.6817],[14.5844,44.6869],[14.574,44.6896],[14.5656,44.6891],[14.5615,44.6867],[14.5561,44.6781],[14.5537,44.6656],[14.5573,44.6568],[14.5698,44.6502],[14.5906,44.6406],[14.601,44.6343]]]}},{"type":"Feature","properties":{"depth":-50},"geometry":{"type":"MultiLineString","coordinates":[[[14.2115,44.6781],[14.2057,44.6802],[14.2052,44.6845],[14.201,44.6878],[14.1977,44.6969],[14.1991,44.7115],[14.2012,44.7198],[14.2005,44.724],[14.1959,44.7302],[14.1927,44.7378],[14.1885,44.7422],[14.1823,44.7446],[14.1656,44.7463],[14.1594,44.7427],[14.154,44.7448],[14.1469,44.7501],[14.1406,44.7532],[14.1302,44.7558],[14.124,44.7597],[14.1135,44.764],[14.1075,44.7698],[14.1066,44.7802],[14.101,44.7849],[14.0948,44.7845],[14.093,44.7865],[14.0936,44.7927],[14.0969,44.7948],[14.1052,44.7914],[14.1177,44.7891],[14.126,44.7895],[14.1344,44.793],[14.1531,44.7942],[14.1635,44.7888],[14.1781,44.7888],[14.1865,44.7852],[14.1948,44.7875],[14.201,44.7864],[14.2241,44.7719],[14.2385,44.7673],[14.2448,44.763],[14.25,44.7573],[14.2634,44.7344],[14.2677,44.7287],[14.2737,44.724],[14.2705,44.7177],[14.2677,44.7164],[14.2615,44.7179],[14.2448,44.7118],[14.2407,44.7073],[14.2404,44.6969],[14.2375,44.6906],[14.2281,44.6809],[14.2198,44.677],[14.2115,44.6781]]]}},{"type":"Feature","properties":{"depth":-50},"geometry":{"type":"MultiLineString","coordinates":[[[14.2823,44.9717],[14.2885,44.9705],[14.2934,44.976],[14.2925,44.9802],[14.284,44.9865],[14.2882,44.9927],[14.2867,45.0073],[14.2851,45.0115],[14.2802,45.0167],[14.274,45.0204],[14.2656,45.0226],[14.2615,45.0214],[14.2561,45.0156],[14.2535,45.0094],[14.253,44.9948],[14.2544,44.9906],[14.2594,44.9847],[14.2719,44.9775],[14.2781,44.9788],[14.2823,44.9717]]]}},{"type":"Feature","properties":{"depth":-20},"geometry":{"type":"MultiLineString","coordinates":[[[13.7272,43.574],[13.724,43.5776],[13.7135,43.5838],[13.701,43.5943],[13.6948,43.6009],[13.681,43.6115],[13.6656,43.6193],[13.6552,43.6234],[13.6344,43.6359],[13.6177,43.6426],[13.6073,43.6452],[13.574,43.6614],[13.5573,43.6717],[13.526,43.6885],[13.5156,43.6933],[13.5073,43.6988],[13.4927,43.7071],[13.4698,43.7175],[13.4448,43.732],[13.426,43.7419],[13.4115,43.7505],[13.401,43.7577],[13.3802,43.7685],[13.3719,43.7737],[13.3656,43.7761],[13.351,43.7846],[13.3427,43.7906],[13.3344,43.7945],[13.3115,43.8095],[13.3052,43.8126],[13.2906,43.8218],[13.2823,43.8279],[13.276,43.8312],[13.2552,43.8463],[13.2385,43.8553],[13.2177,43.8658],[13.2094,43.8713],[13.1885,43.8829],[13.1302,43.921],[13.1073,43.9377],[13.1031,43.9401],[13.074,43.964],[13.0677,43.9703],[13.0531,43.9822],[13.0419,43.9906],[13.0281,43.9986],[12.9981,44.0094],[12.9885,44.0135],[12.9677,44.0256],[12.9469,44.0355],[12.9222,44.049],[12.8885,44.0644],[12.8745,44.0719],[12.8635,44.0789],[12.8573,44.0819],[12.8431,44.0906],[12.8323,44.0992],[12.8254,44.1073],[12.8124,44.1177],[12.7927,44.1312],[12.7865,44.136],[12.7781,44.1403],[12.749,44.158],[12.7427,44.1638],[12.7323,44.1716],[12.7219,44.178],[12.701,44.1968],[12.6925,44.2031],[12.676,44.2171],[12.6552,44.2304],[12.6414,44.2406],[12.6319,44.249],[12.626,44.2568],[12.6052,44.2783],[12.6005,44.2844],[12.5865,44.2989],[12.5802,44.304],[12.5679,44.3177],[12.551,44.3399],[12.5448,44.3458],[12.5309,44.3656],[12.5281,44.3708],[12.5218,44.3781],[12.5115,44.392],[12.5052,44.4036],[12.4983,44.4135],[12.4892,44.4281],[12.4787,44.4552],[12.4763,44.4635],[12.4704,44.476],[12.4677,44.4837],[12.4611,44.4969],[12.4589,44.5052],[12.4553,44.5135],[12.4451,44.5302],[12.4432,44.5385],[12.4436,44.5573],[12.4458,44.5865],[12.4459,44.5927],[12.4428,44.6094],[12.4384,44.6177],[12.4323,44.6236],[12.4223,44.6385],[12.4197,44.6448],[12.4171,44.6552],[12.4166,44.6698],[12.4186,44.676],[12.4188,44.7073],[12.421,44.7156],[12.4253,44.726],[12.4329,44.7365],[12.4466,44.7448],[12.478,44.7698],[12.4885,44.7796],[12.4948,44.784],[12.5052,44.7982],[12.5177,44.8072],[12.522,44.8115],[12.5323,44.8278],[12.5469,44.8472],[12.5568,44.8573],[12.5606,44.8656],[12.5694,44.8781],[12.5825,44.8927],[12.5981,44.9198],[12.5993,44.924],[12.5984,44.9427],[12.5965,44.9531],[12.5897,44.9656],[12.5839,44.9719],[12.5719,44.9817],[12.5635,44.9826],[12.5436,44.9969],[12.5365,45.0037],[12.5302,45.0073],[12.5135,45.0199],[12.4929,45.0302],[12.4781,45.039],[12.4635,45.0527],[12.4323,45.0758],[12.4199,45.0865],[12.4105,45.0969],[12.4086,45.1]],[[13.6029,45.1],[13.6031,45.0998],[13.6075,45.0948],[13.6112,45.0823],[13.601,45.0764],[13.5958,45.0677],[13.5946,45.0615],[13.5973,45.051],[13.6024,45.0365],[13.6094,45.0301],[13.6198,45.0295],[13.6323,45.0332],[13.6365,45.0356],[13.6469,45.0442],[13.649,45.0429],[13.6577,45.026],[13.6634,45.0177],[13.6634,45.0135],[13.657,45.0052],[13.6656,45.0048],[13.6802,45.0022],[13.6906,45.007],[13.6948,45.0072],[13.6973,45.0031],[13.69,44.9906],[13.6911,44.9865],[13.699,44.9813],[13.7073,44.9796],[13.7135,44.9814],[13.7219,44.9796],[13.726,44.9755],[13.7288,44.9677],[13.7242,44.9615],[13.7177,44.9586],[13.7052,44.958],[13.6997,44.9531],[13.6982,44.949],[13.6985,44.9406],[13.7043,44.926],[13.704,44.9198],[13.7061,44.9115],[13.7094,44.9055],[13.7135,44.902],[13.724,44.8971],[13.7344,44.8943],[13.7385,44.8908],[13.7469,44.8791],[13.751,44.8786],[13.762,44.8865],[13.7657,44.8927],[13.7719,44.8962],[13.7823,44.8969],[13.7854,44.8948],[13.7895,44.8885],[13.7902,44.8823],[13.7932,44.8745]]]}},{"type":"Feature","properties":{"depth":-20},"geometry":{"type":"MultiLineString","coordinates":[[[15.8803,43.574],[15.878,43.5781],[15.8719,43.5799],[15.8677,43.5783],[15.8657,43.574]]]}},{"type":"Feature","properties":{"depth":-20},"geometry":{"type":"MultiLineString","coordinates":[[[15.9169,43.6185],[15.9166,43.6115],[15.9132,43.601],[15.9051,43.5906],[15.9061,43.5865],[15.9103,43.5823],[15.9116,43.574]]]}},{"type":"Feature","properties":{"depth":-20},"geometry":{"type":"MultiLineString","coordinates":[[[15.738,43.6296],[15.7302,43.6369],[15.7219,43.6418],[15.7177,43.6481],[15.7135,43.6493],[15.7094,43.6479],[15.6927,43.6483],[15.6899,43.651],[15.6885,43.6573],[15.6802,43.6587],[15.6719,43.6654],[15.6677,43.667],[15.6623,43.6656]]]}},{"type":"Feature","properties":{"depth":-20},"geometry":{"type":"MultiLineString","coordinates":[[[15.7455,43.6711],[15.7448,43.6781],[15.7411,43.6865],[15.7447,43.6886]]]}},{"type":"Feature","properties":{"depth":-20},"geometry":{"type":"MultiLineString","coordinates":[[[15.6037,43.674],[15.599,43.67],[15.5906,43.6688],[15.59,43.6635],[15.5927,43.6616],[15.601,43.6629],[15.6177,43.6585],[15.6302,43.6546],[15.6344,43.6518],[15.6436,43.6406],[15.6554,43.6344],[15.6656,43.6314],[15.6731,43.6281],[15.6775,43.6219],[15.6823,43.6211],[15.699,43.6265],[15.7073,43.6232],[15.7135,43.6177],[15.7177,43.6184],[15.724,43.6232],[15.7344,43.6232],[15.7379,43.6246]]]}},{"type":"Feature","properties":{"depth":-20},"geometry":{"type":"MultiLineString","coordinates":[[[15.6695,43.6844],[15.6719,43.6759],[15.676,43.6733],[15.6844,43.6713],[15.6885,43.667],[15.6948,43.6653],[15.7115,43.6668],[15.7177,43.6651],[15.726,43.6649],[15.7284,43.6635],[15.7308,43.6573],[15.7344,43.6545],[15.7388,43.6573]]]}},{"type":"Feature","properties":{"depth":-20},"geometry":{"type":"MultiLineString","coordinates":[[[15.8676,43.6845],[15.874,43.6878],[15.8844,43.6812],[15.8892,43.676],[15.8896,43.6719],[15.8865,43.6692],[15.8799,43.6695]]]}},{"type":"Feature","properties":{"depth":-20},"geometry":{"type":"MultiLineString","coordinates":[[[15.7427,43.7055],[15.7365,43.7064],[15.7296,43.7094],[15.724,43.7143],[15.7177,43.7165],[15.7094,43.7163],[15.7031,43.7191],[15.6969,43.7289],[15.6927,43.7299],[15.6823,43.7225],[15.6761,43.7198]]]}},{"type":"Feature","properties":{"depth":-20},"geometry":{"type":"MultiLineString","coordinates":[[[15.8177,43.7156],[15.8219,43.7202],[15.8241,43.7177],[15.8247,43.7073],[15.8205,43.701]]]}},{"type":"Feature","properties":{"depth":-20},"geometry":{"type":"MultiLineString","coordinates":[[[15.7661,43.7281],[15.7627,43.7344],[15.7656,43.7385],[15.776,43.7374],[15.7802,43.7345],[15.7869,43.7265]]]}},{"type":"Feature","properties":{"depth":-20},"geometry":{"type":"MultiLineString","coordinates":[[[15.6749,43.7543],[15.6781,43.7514],[15.6849,43.7531],[15.6885,43.7589],[15.6927,43.7578],[15.6993,43.751],[15.7031,43.7488],[15.7115,43.7499],[15.7177,43.7494],[15.724,43.7444],[15.7281,43.7449],[15.7344,43.7482],[15.7448,43.7469]]]}},{"type":"Feature","properties":{"depth":-20},"geometry":{"type":"MultiLineString","coordinates":[[[15.6661,43.7714],[15.6698,43.7751],[15.673,43.7719],[15.6737,43.7677],[15.6709,43.7635],[15.6744,43.7556]]]}},{"type":"Feature","properties":{"depth":-20},"geometry":{"type":"MultiLineString","coordinates":[[[15.2581,43.8073],[15.2615,43.8057],[15.274,43.8047],[15.276,43.8093],[15.2807,43.8088]]]}},{"type":"Feature","properties":{"depth":-20},"geometry":{"type":"MultiLineString","coordinates":[[[15.5241,43.8301],[15.5172,43.8427],[15.5176,43.8469]]]}},{"type":"Feature","properties":{"depth":-20},"geometry":{"type":"MultiLineString","coordinates":[[[15.224,43.8344],[15.2187,43.8427],[15.2198,43.8494],[15.2239,43.8531]]]}},{"type":"Feature","properties":{"depth":-20},"geometry":{"type":"MultiLineString","coordinates":[[[15.2363,43.8467],[15.2383,43.8427],[15.2377,43.8365],[15.2299,43.8302],[15.2322,43.828]]]}},{"type":"Feature","properties":{"depth":-20},"geometry":{"type":"MultiLineString","coordinates":[[[15.5195,43.8493],[15.5193,43.8531],[15.5123,43.8635],[15.5094,43.8651],[15.4969,43.866],[15.4906,43.8699],[15.4832,43.8677],[15.4853,43.8603]]]}},{"type":"Feature","properties":{"depth":-20},"geometry":{"type":"MultiLineString","coordinates":[[[15.4625,43.8521],[15.4655,43.8615],[15.4594,43.8703],[15.4531,43.873],[15.4469,43.878],[15.4406,43.8808],[15.4372,43.8844],[15.4385,43.8905],[15.4441,43.8913]]]}},{"type":"Feature","properties":{"depth":-20},"geometry":{"type":"MultiLineString","coordinates":[[[15.5419,43.876],[15.5472,43.8719],[15.547,43.8677],[15.5406,43.8672],[15.5344,43.8696],[15.5281,43.8689],[15.5252,43.8656],[15.5331,43.8606]]]}},{"type":"Feature","properties":{"depth":-20},"geometry":{"type":"MultiLineString","coordinates":[[[15.2406,43.8781],[15.2381,43.8844],[15.2427,43.8911],[15.2477,43.8894]]]}},{"type":"Feature","properties":{"depth":-20},"geometry":{"type":"MultiLineString","coordinates":[[[15.4562,43.8875],[15.4631,43.8906],[15.4698,43.898],[15.4781,43.9025],[15.4844,43.9032],[15.4885,43.9017],[15.4986,43.8948],[15.5031,43.893],[15.5135,43.892],[15.5253,43.8865],[15.5364,43.8781]]]}},{"type":"Feature","properties":{"depth":-20},"geometry":{"type":"MultiLineString","coordinates":[[[15.287,43.8901],[15.2865,43.8935],[15.2825,43.899],[15.2789,43.9115],[15.2844,43.9175],[15.2948,43.9206],[15.301,43.9188],[15.3051,43.9156],[15.3115,43.9064],[15.3177,43.9049],[15.324,43.9013],[15.3344,43.8992],[15.3406,43.8935],[15.351,43.8912],[15.3538,43.8948],[15.3531,43.899],[15.3469,43.9064],[15.3427,43.9093],[15.3365,43.911],[15.324,43.919],[15.3094,43.9327],[15.2969,43.9393],[15.2871,43.949],[15.2856,43.9531],[15.2872,43.9594],[15.2906,43.9602],[15.2969,43.9576],[15.302,43.951],[15.3135,43.9449],[15.3304,43.9385],[15.3333,43.9323],[15.3427,43.9273],[15.3496,43.9219],[15.3556,43.9115],[15.3656,43.9033],[15.374,43.9042],[15.3823,43.9036],[15.3906,43.9001],[15.3948,43.891]]]}},{"type":"Feature","properties":{"depth":-20},"geometry":{"type":"MultiLineString","coordinates":[[[14.9255,44.0975],[14.9156,44.0978],[14.9118,44.0948],[14.9101,44.0906],[14.9113,44.0865],[14.9156,44.0839],[14.9281,44.0812],[14.9344,44.0775],[14.9552,44.0671],[14.9656,44.0608],[14.9842,44.0469],[14.996,44.0365],[15.0035,44.0156],[15.003,44.001],[15.0077,43.9969],[15.0156,43.9954],[15.0219,43.9987],[15.0302,43.9962],[15.0373,43.9885],[15.0434,43.9802],[15.0495,43.974],[15.0677,43.9518],[15.0802,43.9405],[15.0969,43.9237],[15.126,43.901],[15.1448,43.8895],[15.1615,43.8781],[15.1687,43.874],[15.1786,43.8615],[15.1823,43.8597],[15.199,43.8584],[15.2015,43.8573],[15.2031,43.8485],[15.2094,43.8452],[15.2156,43.8342],[15.2219,43.8312],[15.2246,43.8338]]]}},{"type":"Feature","properties":{"depth":-20},"geometry":{"type":"MultiLineString","coordinates":[[[15.0678,44.1282],[15.076,44.12],[15.0865,44.1139],[15.0969,44.1033],[15.1156,44.0945],[15.1219,44.0885],[15.125,44.0823],[15.1323,44.0779],[15.1427,44.0697],[15.146,44.0656],[15.1531,44.06],[15.1635,44.0495],[15.1719,44.0448],[15.1802,44.036],[15.199,44.0255],[15.2052,44.0249],[15.2115,44.0218],[15.2156,44.0178],[15.2198,44.0164],[15.226,44.0181],[15.2323,44.0163],[15.2351,44.0115],[15.2351,44.0052],[15.2385,44.0008],[15.2469,44.0035],[15.251,44.0032],[15.2627,43.9969],[15.2677,43.9881],[15.2719,43.9855],[15.2777,43.976],[15.279,43.9719],[15.2791,43.9594],[15.274,43.9506],[15.2677,43.9483],[15.2615,43.9513],[15.2531,43.9488],[15.2483,43.9427],[15.2498,43.9344],[15.2523,43.9281],[15.2531,43.9198],[15.2515,43.9156],[15.2417,43.9094],[15.2406,43.9022],[15.2365,43.9029],[15.2363,43.9073],[15.239,43.9094],[15.2387,43.9135],[15.2321,43.9219],[15.2281,43.9347],[15.2156,43.9588],[15.2115,43.9603],[15.2031,43.9575],[15.1969,43.9531],[15.1927,43.9538],[15.1885,43.9615],[15.1844,43.9651],[15.176,43.9689],[15.1635,43.9673],[15.1573,43.9718],[15.1469,43.9705],[15.1406,43.9731],[15.1323,43.9725],[15.1281,43.9738],[15.1219,43.984],[15.1156,43.9859],[15.1031,43.9922],[15.0989,43.9969],[15.0936,44.0073],[15.0885,44.0195],[15.0823,44.0272],[15.076,44.0308],[15.0635,44.0461],[15.0552,44.0487],[15.049,44.053],[15.0406,44.0521],[15.0365,44.054],[15.0323,44.0585],[15.0264,44.0677],[15.0235,44.076],[15.0198,44.0813],[15.0073,44.0883],[15.001,44.0896],[14.9906,44.094],[14.9781,44.0937],[14.9656,44.0948]]]}},{"type":"Feature","properties":{"depth":-20},"geometry":{"type":"MultiLineString","coordinates":[[[15.0394,44.1314],[15.0371,44.1406],[15.0406,44.1425],[15.0483,44.1413]]]}},{"type":"Feature","properties":{"depth":-20},"geometry":{"type":"MultiLineString","coordinates":[[[15.0689,44.1573],[15.0573,44.1667],[15.0538,44.1656],[15.0504,44.1594],[15.0413,44.1587]]]}},{"type":"Feature","properties":{"depth":-20},"geometry":{"type":"MultiLineString","coordinates":[[[14.8708,44.1688],[14.8715,44.1698],[14.8615,44.1748],[14.8573,44.1791],[14.8563,44.1772]]]}},{"type":"Feature","properties":{"depth":-20},"geometry":{"type":"MultiLineString","coordinates":[[[15.0254,44.1698],[15.0177,44.1691],[15.0115,44.1743],[15.0052,44.1748],[14.999,44.1818],[14.9943,44.1849]]]}},{"type":"Feature","properties":{"depth":-20},"geometry":{"type":"MultiLineString","coordinates":[[[14.9929,44.1804],[14.999,44.1727],[15.0094,44.1684],[15.0156,44.1675],[15.0212,44.1615],[15.0208,44.1552],[15.0122,44.1573],[15.0073,44.1627],[15.0031,44.1641],[15.0015,44.1615]]]}},{"type":"Feature","properties":{"depth":-20},"geometry":{"type":"MultiLineString","coordinates":[[[14.9169,44.1906],[14.913,44.1969],[14.9142,44.201],[14.9249,44.201],[14.9199,44.2114]]]}},{"type":"Feature","properties":{"depth":-20},"geometry":{"type":"MultiLineString","coordinates":[[[14.9198,44.2115],[14.9135,44.2147],[14.9056,44.224],[14.901,44.2268],[14.8906,44.2289],[14.8829,44.235]]]}},{"type":"Feature","properties":{"depth":-20},"geometry":{"type":"MultiLineString","coordinates":[[[14.7812,44.2251],[14.7823,44.23],[14.7677,44.2305],[14.765,44.2323],[14.7698,44.2423],[14.7729,44.251],[14.7781,44.2557],[14.7844,44.2559],[14.7898,44.249],[14.7969,44.2454]]]}},{"type":"Feature","properties":{"depth":-20},"geometry":{"type":"MultiLineString","coordinates":[[[14.8417,44.2406],[14.8379,44.2427],[14.8349,44.249],[14.8302,44.2527],[14.8239,44.253]]]}},{"type":"Feature","properties":{"depth":-20},"geometry":{"type":"MultiLineString","coordinates":[[[14.8143,44.2586],[14.8155,44.2635],[14.8138,44.2677],[14.801,44.2779],[14.7906,44.2813],[14.7844,44.2859],[14.7781,44.2875],[14.774,44.2913],[14.7677,44.2934],[14.7615,44.2995],[14.7573,44.3006],[14.7469,44.2993],[14.7434,44.3094],[14.7406,44.3127],[14.7365,44.3136],[14.7323,44.3111],[14.7271,44.3031],[14.7267,44.299],[14.7302,44.2953],[14.7344,44.2949],[14.7385,44.2974],[14.7448,44.298],[14.7459,44.2927],[14.7444,44.2885],[14.7406,44.2853],[14.7344,44.2852],[14.7235,44.2906],[14.7181,44.299],[14.7178,44.3031],[14.7259,44.326],[14.7269,44.3323],[14.7313,44.3427],[14.7411,44.351],[14.7432,44.3573],[14.749,44.3581],[14.7635,44.3539],[14.7685,44.3469],[14.774,44.3428],[14.7865,44.3416],[14.795,44.3365],[14.8177,44.3282],[14.8244,44.3281],[14.8271,44.3302],[14.8259,44.3385],[14.8267,44.3448],[14.8365,44.3635],[14.8427,44.369],[14.849,44.372],[14.8552,44.3708],[14.8698,44.3589],[14.874,44.3573],[14.8807,44.3573],[14.8824,44.3615],[14.8802,44.3657],[14.8719,44.3742],[14.8656,44.3869],[14.8573,44.3923],[14.8406,44.3921],[14.8365,44.3935],[14.8281,44.3994],[14.82,44.4094],[14.7969,44.4201],[14.7802,44.426],[14.7635,44.4237],[14.7526,44.426],[14.746,44.4344],[14.7385,44.4378],[14.7281,44.4392],[14.7257,44.4406],[14.7225,44.4469],[14.7177,44.4519],[14.7135,44.4511],[14.7094,44.4448],[14.7078,44.4385],[14.699,44.4339],[14.6885,44.4241],[14.6802,44.4212],[14.6698,44.4209],[14.6656,44.4183],[14.6568,44.4031],[14.6561,44.3927],[14.6579,44.3865],[14.6615,44.3835],[14.6698,44.3814],[14.6802,44.3802],[14.6834,44.376],[14.6869,44.3656],[14.6878,44.3594],[14.6901,44.3552],[14.701,44.3515],[14.7043,44.3469],[14.7036,44.3406],[14.699,44.3376],[14.6927,44.3367],[14.6865,44.3374],[14.6823,44.3432],[14.6802,44.3435],[14.6775,44.3385],[14.6844,44.3347],[14.6881,44.326],[14.6948,44.3177],[14.7062,44.2969],[14.6969,44.2961],[14.6906,44.2974],[14.6823,44.2967],[14.676,44.2991],[14.6659,44.3177],[14.6615,44.323],[14.651,44.3276],[14.6441,44.3365],[14.6365,44.3405],[14.6302,44.341],[14.624,44.3458],[14.6135,44.3485],[14.6095,44.3531],[14.599,44.3594],[14.5844,44.3616],[14.5781,44.3677],[14.574,44.3696],[14.5698,44.368],[14.5664,44.3635],[14.5674,44.3573],[14.5807,44.3406],[14.5814,44.3344],[14.5865,44.3273],[14.5948,44.3219],[14.601,44.3198],[14.6115,44.3184],[14.624,44.3101],[14.6406,44.3015],[14.6552,44.2972],[14.6656,44.2973],[14.674,44.2948],[14.6763,44.2906],[14.6781,44.2816],[14.6844,44.2809],[14.6982,44.2698],[14.7052,44.2672],[14.7198,44.2668],[14.724,44.2651],[14.7258,44.2615],[14.7258,44.2552],[14.7337,44.2406],[14.7385,44.2375],[14.749,44.2389],[14.76,44.2323],[14.7623,44.2281],[14.7638,44.2177],[14.7677,44.2155],[14.7744,44.2177]]]}},{"type":"Feature","properties":{"depth":-20},"geometry":{"type":"MultiLineString","coordinates":[[[15.0183,44.5578],[15.0281,44.5541],[15.0365,44.5497],[15.051,44.5397],[15.0552,44.5376],[15.0615,44.5315],[15.0698,44.5209],[15.076,44.5183],[15.0818,44.5135],[15.0948,44.5066],[15.111,44.4906],[15.1189,44.4781],[15.1311,44.4677],[15.151,44.453],[15.1594,44.45],[15.1682,44.4448],[15.1726,44.4406],[15.204,44.4198],[15.2062,44.4135],[15.2094,44.4101],[15.2281,44.4037],[15.2382,44.3948],[15.2516,44.3802],[15.2552,44.3774],[15.2635,44.3661],[15.2677,44.3622],[15.2831,44.3552],[15.2991,44.349],[15.3019,44.3469],[15.3037,44.3406],[15.3027,44.3344],[15.2948,44.3292],[15.2865,44.3301],[15.2802,44.3345],[15.2698,44.3357],[15.258,44.3406],[15.251,44.3516],[15.2448,44.3545],[15.2385,44.3615],[15.2115,44.3788],[15.2052,44.385],[15.201,44.3869],[15.1948,44.3866],[15.1914,44.3885],[15.1835,44.401],[15.151,44.4164],[15.1412,44.426],[15.1361,44.4323],[15.1281,44.4384],[15.1219,44.4418],[15.1094,44.4526],[15.1052,44.4548],[15.099,44.4556],[15.0906,44.4587],[15.0865,44.464],[15.0815,44.4677],[15.0864,44.476],[15.0852,44.4802],[15.0746,44.4906],[15.0662,44.501],[15.0607,44.5052],[15.0573,44.5115],[15.0448,44.5223],[15.0323,44.5278],[15.026,44.5294],[15.0156,44.5287],[15.0094,44.532],[14.999,44.5355],[14.9781,44.552],[14.9727,44.5573],[14.9708,44.5615],[14.9677,44.5742],[14.9635,44.5805],[14.9573,44.5846],[14.9448,44.5894],[14.9413,44.5927],[14.9365,44.6013],[14.9219,44.6069],[14.9177,44.6133],[14.9115,44.6153],[14.9031,44.6118],[14.8927,44.6131],[14.8865,44.6117],[14.8781,44.6145],[14.8656,44.6076],[14.8634,44.6073],[14.849,44.6142],[14.8302,44.6278],[14.8135,44.6423],[14.8076,44.649],[14.7865,44.6686],[14.7761,44.6802],[14.7677,44.6879],[14.7385,44.7075],[14.7333,44.7073],[14.721,44.7031],[14.724,44.7006],[14.729,44.6927],[14.7334,44.6823],[14.7448,44.67],[14.7503,44.6656],[14.7583,44.6573],[14.7677,44.6514],[14.774,44.6411],[14.7805,44.6323],[14.7927,44.6234],[14.799,44.6142],[14.8115,44.6072],[14.8291,44.5927],[14.8323,44.5857],[14.8411,44.576],[14.8468,44.5677],[14.8448,44.563],[14.8385,44.5638],[14.8344,44.5618],[14.8322,44.5552],[14.8365,44.5514],[14.8469,44.5499],[14.849,44.5474],[14.8552,44.5321],[14.8594,44.5292],[14.8687,44.5281],[14.8732,44.5219],[14.8736,44.5135],[14.8672,44.5031],[14.8573,44.497],[14.8478,44.4885],[14.8459,44.4844],[14.8473,44.474],[14.851,44.471],[14.8635,44.4672],[14.8758,44.4594],[14.8794,44.451],[14.887,44.4448],[14.8925,44.4344],[14.8969,44.4303],[14.9073,44.4271],[14.9156,44.4227],[14.9219,44.4132],[14.9281,44.4074],[14.9406,44.4019],[14.949,44.4036],[14.9573,44.3991],[14.9635,44.3982],[14.9713,44.3948],[14.9823,44.3918],[15.001,44.3905],[15.0115,44.3944],[15.0177,44.3951],[15.0302,44.3933],[15.0344,44.3916],[15.0427,44.3848],[15.051,44.387],[15.0594,44.3829],[15.076,44.3798],[15.08,44.376],[15.0812,44.3531],[15.0825,44.3469],[15.0812,44.3427],[15.074,44.3351],[15.0677,44.3308],[15.0615,44.3292],[15.051,44.3318],[15.0406,44.3327],[15.0281,44.339],[15.0177,44.329],[15.0144,44.3219],[15.0143,44.3177],[15.0198,44.2999],[15.0219,44.2963],[15.0365,44.2835],[15.0448,44.2789],[15.0531,44.277],[15.0615,44.2776],[15.0719,44.2764],[15.0823,44.2789],[15.0885,44.2771],[15.0948,44.2708],[15.1008,44.2573],[15.1103,44.2406],[15.1094,44.2348],[15.1031,44.2323],[15.0981,44.2219],[15.1005,44.2156],[15.1177,44.2056],[15.1344,44.1931],[15.1448,44.1827],[15.1552,44.1738],[15.1719,44.1656],[15.1808,44.1573],[15.1833,44.151],[15.1899,44.1406],[15.1912,44.1365],[15.1902,44.124],[15.1868,44.1156],[15.1823,44.1117],[15.1719,44.1091],[15.1615,44.1111],[15.1511,44.1156],[15.1365,44.125],[15.1323,44.13],[15.1219,44.1313],[15.0948,44.1472],[15.0823,44.1492],[15.0786,44.1506]]]}},{"type":"Feature","properties":{"depth":-20},"geometry":{"type":"MultiLineString","coordinates":[[[14.3385,44.7045],[14.3357,44.6927],[14.3359,44.6719],[14.3381,44.6615],[14.3416,44.6531],[14.3463,44.6469],[14.3497,44.6365],[14.3531,44.6323],[14.3713,44.6177],[14.3731,44.6135],[14.3733,44.6052],[14.372,44.601],[14.3656,44.5978],[14.3609,44.5885],[14.3623,44.5781],[14.3594,44.5747],[14.351,44.5686],[14.3469,44.5675],[14.3406,44.5684],[14.3323,44.5726],[14.3218,44.5823],[14.3193,44.5865],[14.3174,44.5948],[14.3135,44.5981],[14.3052,44.5978],[14.2948,44.5941],[14.2906,44.5865],[14.2927,44.5802],[14.301,44.5731],[14.3132,44.5656],[14.3178,44.5615],[14.322,44.5552],[14.3323,44.5504],[14.3365,44.5509],[14.346,44.5552],[14.3531,44.5628],[14.3594,44.562],[14.3719,44.5555],[14.3823,44.5486],[14.3885,44.5471],[14.399,44.5417],[14.4031,44.543],[14.4094,44.5493],[14.4135,44.5509],[14.4167,44.5406],[14.4219,44.5365],[14.4323,44.5328],[14.4384,44.5281],[14.4423,44.5198],[14.4469,44.5158],[14.4552,44.5142],[14.4619,44.5073],[14.476,44.5004],[14.4839,44.4906],[14.4969,44.4805],[14.5052,44.4785],[14.5084,44.476],[14.5102,44.4698],[14.5135,44.4657],[14.5242,44.4594],[14.5262,44.4448],[14.5323,44.4365],[14.5385,44.4325],[14.5469,44.4306],[14.5573,44.4319],[14.5638,44.426],[14.5649,44.4198],[14.5632,44.4135],[14.5637,44.4094],[14.5677,44.4047],[14.5751,44.4094],[14.5762,44.4135],[14.5742,44.4198],[14.5768,44.426],[14.5844,44.4306],[14.5892,44.4385],[14.5897,44.4469],[14.5879,44.451],[14.574,44.4685],[14.5702,44.4719],[14.5751,44.4781],[14.577,44.4906],[14.5755,44.4948],[14.5698,44.4992],[14.5635,44.5073],[14.5469,44.511],[14.5365,44.5127],[14.524,44.5205],[14.5177,44.5257],[14.499,44.5299],[14.4926,44.5365],[14.4865,44.5404],[14.4781,44.5428],[14.4531,44.5634],[14.4469,44.5703],[14.4406,44.5744],[14.4319,44.5865],[14.4266,44.601],[14.424,44.6046],[14.4156,44.6092],[14.4094,44.6219],[14.4054,44.6281],[14.4047,44.6323],[14.4075,44.6406],[14.4064,44.649],[14.4087,44.6573],[14.4112,44.6594],[14.4198,44.6604],[14.4323,44.6535],[14.4362,44.649],[14.4387,44.6427],[14.4441,44.6365],[14.451,44.6251],[14.4615,44.617],[14.4719,44.612],[14.4838,44.6031],[14.4927,44.5989],[14.5052,44.5972],[14.5094,44.5975],[14.5177,44.6021],[14.524,44.6016],[14.5343,44.5948],[14.5457,44.5802],[14.5523,44.5698],[14.5533,44.5615],[14.5573,44.559],[14.5656,44.5585],[14.5781,44.5451],[14.5927,44.5365],[14.599,44.5342],[14.6059,44.5344],[14.6115,44.5375],[14.6219,44.5325],[14.6225,44.5385],[14.6198,44.5427],[14.6156,44.5441],[14.6031,44.5451],[14.5963,44.549],[14.5887,44.5594],[14.5823,44.5646],[14.5781,44.5661],[14.5751,44.5698],[14.5757,44.576],[14.5735,44.5802],[14.5615,44.5874],[14.5552,44.5932],[14.549,44.5955],[14.5454,44.599],[14.543,44.6073],[14.5439,44.6135],[14.5465,44.6198],[14.5483,44.6302],[14.549,44.6428],[14.541,44.649],[14.5281,44.6513],[14.524,44.6535],[14.5138,44.6677],[14.5094,44.6774],[14.5031,44.6797],[14.4865,44.69],[14.4833,44.6969],[14.4865,44.7039],[14.4906,44.7052],[14.501,44.7036],[14.5011,44.7094],[14.4936,44.7135],[14.4914,44.7226]]]}},{"type":"Feature","properties":{"depth":-20},"geometry":{"type":"MultiLineString","coordinates":[[[14.8909,44.7091],[14.8922,44.6948],[14.899,44.6888],[14.9048,44.6781],[14.9105,44.6719],[14.9156,44.6683],[14.9237,44.6594],[14.926,44.6491],[14.9302,44.643],[14.9369,44.6385],[14.9524,44.624],[14.9611,44.6135],[14.963,44.6094],[14.9655,44.5969],[14.9698,44.5909],[14.9807,44.5802],[14.9841,44.5719],[14.9881,44.5677],[15.0031,44.5613],[15.0135,44.5594]]]}},{"type":"Feature","properties":{"depth":-20},"geometry":{"type":"MultiLineString","coordinates":[[[14.4895,44.7249],[14.4741,44.7302],[14.4774,44.7365]]]}},{"type":"Feature","properties":{"depth":-20},"geometry":{"type":"MultiLineString","coordinates":[[[14.7258,44.7549],[14.7323,44.7539],[14.7427,44.7494],[14.7531,44.749],[14.7573,44.7479],[14.7642,44.7427],[14.7673,44.7365],[14.7781,44.7288],[14.7844,44.7258],[14.799,44.716],[14.8027,44.7094],[14.8211,44.6927],[14.8269,44.6844],[14.8344,44.6812],[14.847,44.6823],[14.8504,44.6906],[14.8694,44.6969],[14.873,44.7031],[14.8716,44.7219],[14.8648,44.7302],[14.8615,44.7388],[14.8469,44.7469],[14.8418,44.751],[14.8378,44.7573],[14.8281,44.7619],[14.8073,44.7785],[14.7969,44.7822],[14.7925,44.7885],[14.774,44.8026],[14.7615,44.8156],[14.7609,44.8177],[14.7636,44.8302],[14.7656,44.8331],[14.7741,44.8385],[14.7779,44.8448],[14.7871,44.8531],[14.7878,44.8573],[14.7863,44.8635],[14.7782,44.874],[14.7677,44.8793],[14.751,44.8901],[14.7469,44.8899],[14.7406,44.8789],[14.7344,44.8751],[14.7304,44.8677],[14.7286,44.8615],[14.724,44.8564],[14.7141,44.8531],[14.7099,44.8469],[14.7031,44.845],[14.6927,44.8465],[14.6844,44.8491],[14.6758,44.849],[14.6732,44.8448],[14.6736,44.8385],[14.6781,44.8258],[14.6832,44.8198],[14.6847,44.8156],[14.6802,44.8091],[14.674,44.8079],[14.6635,44.8027],[14.6552,44.7961],[14.6528,44.7927],[14.6533,44.7865],[14.6615,44.7787],[14.6696,44.7677],[14.676,44.7619],[14.6835,44.7573],[14.6885,44.7557],[14.6948,44.7559],[14.7,44.7542]]]}},{"type":"Feature","properties":{"depth":-20},"geometry":{"type":"MultiLineString","coordinates":[[[13.925,44.7667],[13.9323,44.7709],[13.9365,44.7708],[13.9448,44.7658],[13.949,44.7655],[13.9573,44.7711],[13.9635,44.7701],[13.9677,44.7758],[13.9781,44.7786],[13.9929,44.8031]]]}},{"type":"Feature","properties":{"depth":-20},"geometry":{"type":"MultiLineString","coordinates":[[[14.8782,44.7905],[14.878,44.7865],[14.8839,44.7677],[14.8836,44.7552],[14.8919,44.7406],[14.8924,44.7344],[14.8895,44.7281],[14.8887,44.72]]]}},{"type":"Feature","properties":{"depth":-20},"geometry":{"type":"MultiLineString","coordinates":[[[14.3187,44.7927],[14.3156,44.794],[14.3109,44.7885],[14.3012,44.7823],[14.2997,44.7781],[14.3013,44.7659]]]}},{"type":"Feature","properties":{"depth":-20},"geometry":{"type":"MultiLineString","coordinates":[[[13.8745,44.8031],[13.876,44.7954],[13.8802,44.7957],[13.8841,44.807]]]}},{"type":"Feature","properties":{"depth":-20},"geometry":{"type":"MultiLineString","coordinates":[[[13.8928,44.8073],[13.8987,44.801],[13.8989,44.7906],[13.8951,44.7844],[13.9015,44.776],[13.9018,44.7719],[13.8917,44.7573],[13.8948,44.7555],[13.9094,44.7647],[13.9156,44.7657]]]}},{"type":"Feature","properties":{"depth":-20},"geometry":{"type":"MultiLineString","coordinates":[[[14.0021,44.8073],[13.9985,44.8177],[13.992,44.824],[13.9906,44.8281]]]}},{"type":"Feature","properties":{"depth":-20},"geometry":{"type":"MultiLineString","coordinates":[[[13.8473,44.8181],[13.8535,44.8156],[13.8573,44.8094],[13.8662,44.8088]]]}},{"type":"Feature","properties":{"depth":-20},"geometry":{"type":"MultiLineString","coordinates":[[[13.9904,44.8305],[13.9863,44.8427],[13.988,44.8469],[13.9927,44.8523],[13.999,44.8568],[14.0024,44.8629]]]}},{"type":"Feature","properties":{"depth":-20},"geometry":{"type":"MultiLineString","coordinates":[[[14.3302,44.8477],[14.328,44.8427],[14.3298,44.826],[14.3315,44.8219],[14.3379,44.815]]]}},{"type":"Feature","properties":{"depth":-20},"geometry":{"type":"MultiLineString","coordinates":[[[13.8181,44.8535],[13.8286,44.8469],[13.8285,44.8427],[13.8255,44.8365],[13.8281,44.832],[13.8344,44.8308],[13.8385,44.8276]]]}},{"type":"Feature","properties":{"depth":-20},"geometry":{"type":"MultiLineString","coordinates":[[[13.7931,44.8715],[13.7935,44.8635],[13.801,44.8544],[13.8073,44.8562],[13.8118,44.8549]]]}},{"type":"Feature","properties":{"depth":-20},"geometry":{"type":"MultiLineString","coordinates":[[[14.572,44.9449],[14.576,44.9408],[14.5823,44.941],[14.5854,44.9448],[14.586,44.9552],[14.5927,44.9647],[14.5981,44.9677],[14.6078,44.9781],[14.601,44.9793],[14.5993,44.976],[14.5946,44.976],[14.5985,44.9823],[14.5926,44.9865],[14.5807,44.9927],[14.5635,44.9979],[14.5552,44.9951],[14.5385,44.9947],[14.524,44.9927],[14.5156,44.9886],[14.5062,44.9802]]]}},{"type":"Feature","properties":{"depth":-20},"geometry":{"type":"MultiLineString","coordinates":[[[14.5046,44.9698],[14.5177,44.9553],[14.524,44.9511],[14.5323,44.9481],[14.5385,44.9479],[14.549,44.9519],[14.5615,44.9504],[14.5656,44.9469],[14.5717,44.945]]]}},{"type":"Feature","properties":{"depth":-20},"geometry":{"type":"MultiLineString","coordinates":[[[14.5521,45.0115],[14.5635,45.009],[14.5696,45.0135],[14.5844,45.0208],[14.5897,45.0207]]]}},{"type":"Feature","properties":{"depth":-20},"geometry":{"type":"MultiLineString","coordinates":[[[14.6147,45.0135],[14.6207,45.0052],[14.6217,44.999],[14.6202,44.9927],[14.6132,44.9865],[14.6102,44.9781],[14.6151,44.9719],[14.6281,44.9672],[14.651,44.9554],[14.6573,44.9555],[14.6677,44.9586],[14.6724,44.9573],[14.6802,44.9527],[14.6832,44.9469],[14.6802,44.9446],[14.676,44.9507],[14.6719,44.9481],[14.6703,44.9427],[14.674,44.9345],[14.679,44.9344],[14.6865,44.9376],[14.699,44.938],[14.7198,44.9322],[14.7302,44.9305],[14.7365,44.9279],[14.749,44.928],[14.7552,44.9305],[14.7615,44.9306],[14.765,44.926],[14.7648,44.9156],[14.7674,44.9094],[14.776,44.9028],[14.7823,44.8965],[14.7906,44.8957],[14.8073,44.8885],[14.8344,44.8791],[14.8433,44.8802],[14.8446,44.8865],[14.8409,44.8969],[14.8338,44.9094],[14.8302,44.9132],[14.8161,44.924],[14.8031,44.9301],[14.7927,44.9295],[14.7865,44.9337],[14.7719,44.9373],[14.7693,44.9406],[14.7676,44.951],[14.7644,44.9552],[14.7656,44.957],[14.7823,44.9589],[14.799,44.9569],[14.8052,44.9554],[14.8127,44.9573],[14.8246,44.9656],[14.8271,44.9698],[14.8274,44.976],[14.8199,44.9906],[14.8156,44.9957],[14.8031,45.001],[14.7961,45.0018]]]}},{"type":"Feature","properties":{"depth":-20},"geometry":{"type":"MultiLineString","coordinates":[[[14.8662,45.0588],[14.8724,45.0406],[14.8725,45.0344],[14.8793,45.0219],[14.8807,45.0156],[14.8851,45.0115],[14.8872,45.0052],[14.8913,44.999],[14.8917,44.9865],[14.8927,44.9823],[14.8976,44.9781],[14.9118,44.9698],[14.9151,44.9656],[14.919,44.951],[14.9193,44.9427],[14.9173,44.9365],[14.9114,44.924],[14.91,44.9177],[14.906,44.9115],[14.8985,44.8969],[14.8941,44.8865],[14.8882,44.8781],[14.8869,44.8677],[14.8832,44.8594],[14.8798,44.8448],[14.8782,44.8302],[14.8793,44.824],[14.8773,44.8031],[14.879,44.7957]]]}},{"type":"Feature","properties":{"depth":-20},"geometry":{"type":"MultiLineString","coordinates":[[[15.6226,43.6219],[15.6108,43.6344],[15.6031,43.6377],[15.5995,43.6344],[15.601,43.6297],[15.6054,43.624],[15.6115,43.6198],[15.6156,43.6188],[15.6226,43.6219]]]}},{"type":"Feature","properties":{"depth":-20},"geometry":{"type":"MultiLineString","coordinates":[[[15.574,43.6237],[15.5781,43.6235],[15.5781,43.6291],[15.574,43.6292],[15.574,43.6237]]]}},{"type":"Feature","properties":{"depth":-20},"geometry":{"type":"MultiLineString","coordinates":[[[15.5573,43.653],[15.5615,43.6536],[15.5644,43.6573],[15.5638,43.6615],[15.5594,43.6686],[15.5495,43.6635],[15.549,43.6615],[15.5573,43.653]]]}},{"type":"Feature","properties":{"depth":-20},"geometry":{"type":"MultiLineString","coordinates":[[[15.626,43.826],[15.6177,43.8281],[15.6063,43.8344],[15.6052,43.8365],[15.6135,43.8394],[15.6177,43.8381],[15.625,43.8323],[15.626,43.826]]]}},{"type":"Feature","properties":{"depth":-20},"geometry":{"type":"MultiLineString","coordinates":[[[15.1885,43.8843],[15.1862,43.8865],[15.1885,43.8905],[15.1927,43.8897],[15.1948,43.8865],[15.1927,43.8837],[15.1885,43.8843]]]}},{"type":"Feature","properties":{"depth":-20},"geometry":{"type":"MultiLineString","coordinates":[[[15.3073,43.8927],[15.3114,43.8948],[15.31,43.901],[15.3073,43.9036],[15.301,43.9043],[15.2927,43.9079],[15.2903,43.9052],[15.2927,43.902],[15.299,43.9001],[15.3073,43.8927]]]}},{"type":"Feature","properties":{"depth":-20},"geometry":{"type":"MultiLineString","coordinates":[[[15.224,43.9093],[15.2149,43.9135],[15.2148,43.9177],[15.2198,43.9205],[15.224,43.9193],[15.228,43.9115],[15.224,43.9093]]]}},{"type":"Feature","properties":{"depth":-20},"geometry":{"type":"MultiLineString","coordinates":[[[15.1906,43.9218],[15.1768,43.9344],[15.1751,43.9385],[15.176,43.9452],[15.1781,43.9467],[15.1865,43.9462],[15.1906,43.9432],[15.198,43.9344],[15.2002,43.924],[15.1969,43.9201],[15.1906,43.9218]]]}},{"type":"Feature","properties":{"depth":-20},"geometry":{"type":"MultiLineString","coordinates":[[[15.2635,43.9297],[15.2588,43.9323],[15.2578,43.9385],[15.2635,43.9404],[15.2705,43.9302],[15.2635,43.9297]]]}},{"type":"Feature","properties":{"depth":-20},"geometry":{"type":"MultiLineString","coordinates":[[[15.1594,43.9464],[15.1543,43.9531],[15.1542,43.9573],[15.1573,43.9633],[15.1615,43.965],[15.1717,43.9552],[15.1736,43.949],[15.1713,43.9469],[15.1635,43.945],[15.1594,43.9464]]]}},{"type":"Feature","properties":{"depth":-20},"geometry":{"type":"MultiLineString","coordinates":[[[15.1615,43.9906],[15.1656,43.9904],[15.1719,43.9969],[15.174,44.0033],[15.1804,44.0052],[15.1815,44.0094],[15.1781,44.0139],[15.1719,44.0144],[15.1615,44.0172],[15.1578,44.024],[15.1531,44.0289],[15.1469,44.032],[15.1402,44.0448],[15.1302,44.0479],[15.1258,44.0531],[15.1177,44.0568],[15.1118,44.0615],[15.1073,44.0721],[15.1031,44.0761],[15.0969,44.0772],[15.0906,44.0816],[15.0844,44.084],[15.0781,44.0887],[15.0656,44.0882],[15.0594,44.0899],[15.051,44.0884],[15.0428,44.0885],[15.0565,44.0615],[15.0677,44.0557],[15.076,44.0475],[15.0844,44.0453],[15.0885,44.0427],[15.0969,44.0302],[15.1059,44.024],[15.1086,44.0198],[15.1115,44.011],[15.1153,44.0094],[15.1281,44.0091],[15.1385,44.0052],[15.149,43.9978],[15.1552,43.997],[15.1615,43.9906]]]}},{"type":"Feature","properties":{"depth":-20},"geometry":{"type":"MultiLineString","coordinates":[[[14.8156,44.1613],[14.8222,44.1656],[14.8199,44.1677],[14.8115,44.1684],[14.8048,44.1656],[14.8073,44.1624],[14.8156,44.1613]]]}},{"type":"Feature","properties":{"depth":-20},"geometry":{"type":"MultiLineString","coordinates":[[[15.5844,44.188],[15.5802,44.1926],[15.5694,44.1969],[15.5719,44.2001],[15.5762,44.199],[15.5823,44.1933],[15.5881,44.1906],[15.5885,44.1869],[15.5844,44.188]]]}},{"type":"Feature","properties":{"depth":-20},"geometry":{"type":"MultiLineString","coordinates":[[[15.5052,44.1947],[15.5022,44.201],[15.5052,44.2035],[15.5198,44.2046],[15.5323,44.2068],[15.5406,44.2068],[15.5476,44.2052],[15.5477,44.201],[15.526,44.1935],[15.5094,44.1936],[15.5052,44.1947]]]}},{"type":"Feature","properties":{"depth":-20},"geometry":{"type":"MultiLineString","coordinates":[[[15.0323,44.242],[15.0362,44.2427],[15.0344,44.2478],[15.0281,44.249],[15.0263,44.2469],[15.0323,44.242]]]}},{"type":"Feature","properties":{"depth":-20},"geometry":{"type":"MultiLineString","coordinates":[[[14.8323,44.26],[14.8366,44.2615],[14.8365,44.268],[14.8323,44.2675],[14.8304,44.2615],[14.8323,44.26]]]}},{"type":"Feature","properties":{"depth":-20},"geometry":{"type":"MultiLineString","coordinates":[[[15.4156,44.2635],[15.4052,44.2653],[15.3969,44.2689],[15.3885,44.2744],[15.3789,44.2844],[15.3719,44.2879],[15.3672,44.2948],[15.3686,44.3052],[15.3719,44.3085],[15.3844,44.3107],[15.3927,44.3096],[15.4115,44.301],[15.4222,44.2948],[15.4276,44.2885],[15.4288,44.2844],[15.4252,44.2698],[15.4219,44.2654],[15.4156,44.2635]]]}},{"type":"Feature","properties":{"depth":-20},"geometry":{"type":"MultiLineString","coordinates":[[[14.9969,44.2671],[15.001,44.2658],[15.0073,44.2665],[15.0094,44.2719],[15.0031,44.2733],[14.9923,44.2719],[14.9969,44.2671]]]}},{"type":"Feature","properties":{"depth":-20},"geometry":{"type":"MultiLineString","coordinates":[[[15.2552,44.2844],[15.2502,44.2885],[15.2464,44.2948],[15.2411,44.3073],[15.2415,44.3115],[15.2448,44.3147],[15.251,44.3154],[15.2552,44.3139],[15.2601,44.3094],[15.2635,44.302],[15.2697,44.2969],[15.2714,44.2906],[15.2698,44.2865],[15.2594,44.2838],[15.2552,44.2844]]]}},{"type":"Feature","properties":{"depth":-20},"geometry":{"type":"MultiLineString","coordinates":[[[14.9865,44.4069],[14.9843,44.4135],[14.9802,44.4156],[14.9615,44.4153],[14.9573,44.4182],[14.9469,44.4328],[14.9448,44.4338],[14.9281,44.4349],[14.924,44.4365],[14.9161,44.4469],[14.9037,44.4573],[14.9013,44.4615],[14.9031,44.4701],[14.9115,44.4744],[14.9177,44.4741],[14.9281,44.4682],[14.9344,44.4631],[14.9427,44.4601],[14.9557,44.4573],[14.9615,44.4536],[14.9698,44.4556],[14.9781,44.4527],[14.9891,44.4427],[14.9906,44.4317],[14.9964,44.4281],[14.997,44.424],[14.9865,44.4069]]]}},{"type":"Feature","properties":{"depth":-20},"geometry":{"type":"MultiLineString","coordinates":[[[14.6344,44.4382],[14.6403,44.4385],[14.6396,44.4427],[14.6365,44.4445],[14.6327,44.4427],[14.6344,44.4382]]]}},{"type":"Feature","properties":{"depth":-20},"geometry":{"type":"MultiLineString","coordinates":[[[14.5573,44.4734],[14.5547,44.4781],[14.5573,44.4817],[14.5647,44.474],[14.5615,44.4721],[14.5573,44.4734]]]}},{"type":"Feature","properties":{"depth":-20},"geometry":{"type":"MultiLineString","coordinates":[[[14.301,44.4885],[14.3073,44.4876],[14.3177,44.4924],[14.326,44.5011],[14.3323,44.5052],[14.3358,44.5094],[14.3347,44.5135],[14.3281,44.5168],[14.3219,44.5159],[14.3031,44.5221],[14.2865,44.525],[14.2805,44.524],[14.2795,44.5219],[14.2846,44.5094],[14.2858,44.501],[14.2906,44.4953],[14.301,44.4885]]]}},{"type":"Feature","properties":{"depth":-20},"geometry":{"type":"MultiLineString","coordinates":[[[14.2719,44.5968],[14.276,44.5962],[14.2844,44.5979],[14.2874,44.601],[14.2891,44.6094],[14.2886,44.6135],[14.2844,44.6192],[14.2804,44.6219],[14.2732,44.6302],[14.2758,44.6448],[14.2906,44.6504],[14.2953,44.6573],[14.2972,44.6677],[14.2964,44.674],[14.2925,44.6823],[14.2823,44.691],[14.274,44.6913],[14.2594,44.685],[14.2531,44.681],[14.2441,44.6698],[14.2344,44.6663],[14.2302,44.6615],[14.233,44.649],[14.2316,44.6427],[14.2231,44.6344],[14.2221,44.6177],[14.226,44.6136],[14.2365,44.6123],[14.2552,44.6111],[14.2594,44.608],[14.2656,44.6003],[14.2719,44.5968]]]}},{"type":"Feature","properties":{"depth":-20},"geometry":{"type":"MultiLineString","coordinates":[[[14.5802,44.6593],[14.5844,44.658],[14.5887,44.6594],[14.5892,44.6656],[14.5823,44.6738],[14.574,44.6767],[14.5698,44.676],[14.5678,44.6698],[14.5698,44.6654],[14.5802,44.6593]]]}},{"type":"Feature","properties":{"depth":-20},"geometry":{"type":"MultiLineString","coordinates":[[[14.6823,44.684],[14.6885,44.6833],[14.6948,44.686],[14.6988,44.6906],[14.6981,44.6948],[14.693,44.699],[14.6823,44.702],[14.674,44.7063],[14.6677,44.7169],[14.6615,44.7228],[14.6573,44.7239],[14.6568,44.7198],[14.6635,44.7112],[14.6709,44.7073],[14.6773,44.699],[14.6799,44.6885],[14.6823,44.684]]]}},{"type":"Feature","properties":{"depth":-20},"geometry":{"type":"MultiLineString","coordinates":[[[14.8219,44.8185],[14.826,44.8177],[14.8302,44.8197],[14.8436,44.8323],[14.8459,44.8365],[14.846,44.8469],[14.8427,44.8507],[14.824,44.8539],[14.8156,44.8516],[14.8073,44.8547],[14.8031,44.8546],[14.7983,44.851],[14.7975,44.8469],[14.7999,44.8344],[14.8115,44.8268],[14.8219,44.8185]]]}},{"type":"Feature","properties":{"depth":-20},"geometry":{"type":"MultiLineString","coordinates":[[[13.674,44.9795],[13.6781,44.9794],[13.6816,44.9844],[13.6781,44.9875],[13.6735,44.9865],[13.6718,44.9823],[13.674,44.9795]]]}},{"type":"Feature","properties":{"depth":-20},"geometry":{"type":"MultiLineString","coordinates":[[[14.8323,44.9903],[14.8385,44.989],[14.8421,44.9927],[14.8409,44.9969],[14.8365,44.9992],[14.8323,44.9982],[14.8297,44.9948],[14.8323,44.9903]]]}},{"type":"Feature","properties":{"depth":-10},"geometry":{"type":"MultiLineString","coordinates":[[[13.5853,43.574],[13.576,43.5827],[13.5728,43.5885],[13.5677,43.5939],[13.5552,43.6037],[13.551,43.6058],[13.5473,43.6135],[13.5385,43.619],[13.5323,43.6198]]]}},{"type":"Feature","properties":{"depth":-10},"geometry":{"type":"MultiLineString","coordinates":[[[13.5015,43.6307],[13.4948,43.6305],[13.4885,43.6257],[13.4844,43.6251],[13.4677,43.6308],[13.4219,43.6436],[13.3865,43.6554],[13.376,43.6604],[13.3567,43.6677],[13.3302,43.6801],[13.3115,43.6893],[13.3031,43.6927],[13.2927,43.6998],[13.2668,43.7135],[13.2526,43.7219],[13.2344,43.7334],[13.2277,43.7365],[13.2135,43.7448],[13.201,43.7529],[13.1798,43.7656],[13.1677,43.7748],[13.1549,43.7823],[13.1448,43.7894],[13.1096,43.8115],[13.0976,43.8198],[13.0844,43.8312],[13.065,43.8406],[13.0573,43.8458],[13.0358,43.8573],[13.0177,43.8688],[13.0073,43.8747],[13.001,43.8792],[12.9909,43.8844],[12.976,43.8947],[12.9698,43.8999],[12.9573,43.9085],[12.9448,43.9162],[12.9281,43.925],[12.9199,43.9281],[12.9052,43.9361],[12.8914,43.9406],[12.8844,43.9442],[12.8763,43.9469],[12.857,43.9552],[12.8427,43.9628],[12.824,43.9705],[12.8115,43.9734],[12.7744,43.9802],[12.758,43.9865],[12.7427,43.9953],[12.7344,44.0025],[12.7156,44.0159],[12.6948,44.0322],[12.6854,44.0385],[12.6802,44.0438],[12.6562,44.0635],[12.6406,44.0742],[12.6344,44.0775],[12.626,44.0842],[12.6198,44.0879],[12.6135,44.0933],[12.6073,44.097],[12.5894,44.1115],[12.5802,44.1181],[12.5656,44.1303],[12.5594,44.1371],[12.5427,44.1514],[12.524,44.1705],[12.5156,44.1768],[12.5031,44.1889],[12.4969,44.1971],[12.4906,44.2028],[12.4802,44.2156],[12.474,44.2259],[12.4698,44.2302],[12.4573,44.2461],[12.451,44.2565],[12.4344,44.2814],[12.4221,44.301],[12.4094,44.3294],[12.4036,44.3385],[12.3918,44.3615],[12.3885,44.371],[12.3834,44.3823],[12.3781,44.396],[12.3677,44.4157],[12.3649,44.4198],[12.3573,44.4347],[12.3532,44.4406],[12.3422,44.4615],[12.3389,44.4802],[12.3344,44.4888],[12.3176,44.499],[12.3194,44.5031],[12.3327,44.5115],[12.3313,44.5615],[12.3365,44.5719],[12.3376,44.5906],[12.3364,44.6052],[12.3352,44.6094],[12.3254,44.624],[12.3135,44.6428],[12.3052,44.6573],[12.3021,44.6656],[12.3028,44.6844],[12.2983,44.6969],[12.2987,44.7031],[12.3044,44.7198],[12.3094,44.7285],[12.3156,44.7343],[12.3302,44.7405],[12.3365,44.7419],[12.3498,44.7469],[12.3781,44.7561],[12.3885,44.7589],[12.4135,44.7672],[12.4302,44.7761],[12.4577,44.799],[12.4665,44.8052],[12.4674,44.8135],[12.4719,44.8204],[12.4802,44.829],[12.4865,44.837],[12.4948,44.8454],[12.5026,44.851],[12.511,44.8719],[12.5219,44.8892],[12.5331,44.9031],[12.547,44.924],[12.5505,44.9302],[12.5551,44.9344],[12.5635,44.9394],[12.5661,44.9427],[12.5728,44.9573],[12.5731,44.9656],[12.569,44.9719],[12.5594,44.9754],[12.5427,44.9841],[12.5281,44.9948],[12.5219,44.9982],[12.4906,45.0105],[12.4824,45.0156],[12.473,45.024],[12.4642,45.0302],[12.449,45.039],[12.4421,45.0448],[12.4352,45.049],[12.401,45.0615],[12.3878,45.0719],[12.3771,45.0844],[12.3682,45.0969],[12.3642,45.1]]]}},{"type":"Feature","properties":{"depth":-10},"geometry":{"type":"MultiLineString","coordinates":[[[15.7073,43.631],[15.7135,43.6226],[15.7177,43.6231],[15.7228,43.6293]]]}},{"type":"Feature","properties":{"depth":-10},"geometry":{"type":"MultiLineString","coordinates":[[[15.6451,43.6466],[15.6494,43.6406],[15.6594,43.6363],[15.6719,43.6338],[15.675,43.6344]]]}},{"type":"Feature","properties":{"depth":-10},"geometry":{"type":"MultiLineString","coordinates":[[[15.7,43.6729],[15.7073,43.6726],[15.7198,43.6687],[15.7223,43.6702]]]}},{"type":"Feature","properties":{"depth":-10},"geometry":{"type":"MultiLineString","coordinates":[[[15.8833,43.6927],[15.8861,43.6885],[15.8927,43.6836],[15.9027,43.674],[15.9073,43.6676],[15.9156,43.6665],[15.9198,43.6691],[15.9281,43.6664],[15.9332,43.6615],[15.9385,43.6595]]]}},{"type":"Feature","properties":{"depth":-10},"geometry":{"type":"MultiLineString","coordinates":[[[15.8053,43.728],[15.8052,43.734],[15.824,43.7272],[15.8344,43.7226],[15.8427,43.7174],[15.851,43.7189],[15.8555,43.716]]]}},{"type":"Feature","properties":{"depth":-10},"geometry":{"type":"MultiLineString","coordinates":[[[15.7452,43.7514],[15.7531,43.7473],[15.7698,43.7488],[15.776,43.7526],[15.7859,43.7516]]]}},{"type":"Feature","properties":{"depth":-10},"geometry":{"type":"MultiLineString","coordinates":[[[15.7096,43.7654],[15.7055,43.7615],[15.7094,43.7574],[15.7198,43.7551],[15.726,43.7548],[15.7295,43.7573]]]}},{"type":"Feature","properties":{"depth":-10},"geometry":{"type":"MultiLineString","coordinates":[[[15.6146,43.8229],[15.5982,43.8344],[15.5959,43.8406],[15.6017,43.8441]]]}},{"type":"Feature","properties":{"depth":-10},"geometry":{"type":"MultiLineString","coordinates":[[[15.2726,43.9044],[15.2656,43.9064],[15.2654,43.9031],[15.2719,43.8993],[15.276,43.901],[15.2745,43.9037]]]}},{"type":"Feature","properties":{"depth":-10},"geometry":{"type":"MultiLineString","coordinates":[[[15.4444,43.9056],[15.4408,43.9115],[15.4302,43.9216],[15.4216,43.9281],[15.4207,43.9323],[15.4293,43.9311]]]}},{"type":"Feature","properties":{"depth":-10},"geometry":{"type":"MultiLineString","coordinates":[[[15.2198,43.9296],[15.221,43.9323],[15.2157,43.9427],[15.2115,43.949],[15.2073,43.9511],[15.2017,43.9463]]]}},{"type":"Feature","properties":{"depth":-10},"geometry":{"type":"MultiLineString","coordinates":[[[15.4312,43.9312],[15.4365,43.9323],[15.4448,43.9288],[15.451,43.922],[15.4552,43.9198],[15.4656,43.9113],[15.4719,43.9107],[15.4757,43.9135]]]}},{"type":"Feature","properties":{"depth":-10},"geometry":{"type":"MultiLineString","coordinates":[[[15.0348,44.0027],[15.0378,43.9948],[15.0469,43.9819],[15.0534,43.976],[15.0673,43.9573],[15.0775,43.9469],[15.0823,43.9431],[15.1013,43.924],[15.1284,43.9031],[15.1531,43.8879],[15.1635,43.8804],[15.1757,43.8757]]]}},{"type":"Feature","properties":{"depth":-10},"geometry":{"type":"MultiLineString","coordinates":[[[15.1792,44.0457],[15.1803,44.0406],[15.199,44.0304],[15.2006,44.0323]]]}},{"type":"Feature","properties":{"depth":-10},"geometry":{"type":"MultiLineString","coordinates":[[[15.2877,44.0561],[15.2944,44.0427],[15.3031,44.0335],[15.3135,44.0267],[15.3198,44.025],[15.3323,44.0238],[15.3446,44.0177],[15.3531,44.0124],[15.3573,44.0085],[15.3635,43.9964],[15.3729,43.9906],[15.3767,43.9865],[15.3772,43.9802],[15.3852,43.974],[15.3878,43.9698],[15.3844,43.9673],[15.3691,43.976],[15.3615,43.9814],[15.3427,43.9879],[15.3281,43.9982],[15.324,43.9999],[15.3052,44.0029],[15.2906,44.0113]]]}},{"type":"Feature","properties":{"depth":-10},"geometry":{"type":"MultiLineString","coordinates":[[[15.1491,44.0698],[15.1498,44.0677],[15.1573,44.0616],[15.1617,44.0552],[15.1656,44.0526],[15.174,44.0504],[15.1755,44.0516]]]}},{"type":"Feature","properties":{"depth":-10},"geometry":{"type":"MultiLineString","coordinates":[[[15.2139,44.0757],[15.2256,44.0802],[15.2264,44.0865],[15.224,44.09],[15.2198,44.0894],[15.2156,44.0851],[15.2125,44.0791]]]}},{"type":"Feature","properties":{"depth":-10},"geometry":{"type":"MultiLineString","coordinates":[[[15.2627,44.0885],[15.2698,44.0823],[15.2746,44.074],[15.2762,44.0677],[15.2814,44.0623]]]}},{"type":"Feature","properties":{"depth":-10},"geometry":{"type":"MultiLineString","coordinates":[[[14.9271,44.0958],[14.9177,44.0949],[14.9141,44.0927],[14.9144,44.0885],[14.9177,44.087],[14.926,44.0868],[14.9448,44.0761],[14.9552,44.0712],[14.9677,44.0637],[14.9865,44.0494],[14.9948,44.0424],[14.9997,44.042]]]}},{"type":"Feature","properties":{"depth":-10},"geometry":{"type":"MultiLineString","coordinates":[[[14.8106,44.2615],[14.8094,44.2656],[14.8026,44.2719],[14.7959,44.2729]]]}},{"type":"Feature","properties":{"depth":-10},"geometry":{"type":"MultiLineString","coordinates":[[[15.2588,44.2621],[15.2647,44.2719],[15.2633,44.276],[15.251,44.2806],[15.2448,44.2859],[15.2344,44.2888],[15.2242,44.2862]]]}},{"type":"Feature","properties":{"depth":-10},"geometry":{"type":"MultiLineString","coordinates":[[[14.7465,44.264],[14.7443,44.2615],[14.7469,44.2568],[14.7594,44.2559],[14.7554,44.2487]]]}},{"type":"Feature","properties":{"depth":-10},"geometry":{"type":"MultiLineString","coordinates":[[[14.7177,44.2739],[14.726,44.2717],[14.7298,44.2781],[14.7239,44.2823]]]}},{"type":"Feature","properties":{"depth":-10},"geometry":{"type":"MultiLineString","coordinates":[[[15.281,44.2773],[15.2802,44.2613],[15.276,44.2594],[15.2604,44.2604]]]}},{"type":"Feature","properties":{"depth":-10},"geometry":{"type":"MultiLineString","coordinates":[[[14.6936,44.2814],[14.6991,44.274],[14.7031,44.2713],[14.7096,44.2719]]]}},{"type":"Feature","properties":{"depth":-10},"geometry":{"type":"MultiLineString","coordinates":[[[15.3529,44.2823],[15.3398,44.2927],[15.3356,44.299],[15.3289,44.3024]]]}},{"type":"Feature","properties":{"depth":-10},"geometry":{"type":"MultiLineString","coordinates":[[[15.0991,44.2948],[15.1104,44.2885],[15.114,44.2781],[15.1178,44.274],[15.1135,44.2679],[15.1073,44.2647],[15.1077,44.2573],[15.1115,44.2541],[15.1177,44.2522],[15.1214,44.249],[15.1246,44.2427],[15.1302,44.2369],[15.1552,44.2255],[15.1574,44.2219],[15.1573,44.215]]]}},{"type":"Feature","properties":{"depth":-10},"geometry":{"type":"MultiLineString","coordinates":[[[15.4371,44.2941],[15.4393,44.2823],[15.4448,44.2754],[15.456,44.2698],[15.4513,44.2615]]]}},{"type":"Feature","properties":{"depth":-10},"geometry":{"type":"MultiLineString","coordinates":[[[15.2383,44.2972],[15.2385,44.3025],[15.2344,44.3046],[15.2321,44.3094],[15.2387,44.3156],[15.239,44.3177],[15.2344,44.3235],[15.2302,44.324]]]}},{"type":"Feature","properties":{"depth":-10},"geometry":{"type":"MultiLineString","coordinates":[[[15.2874,44.299],[15.2964,44.2885],[15.2948,44.2845],[15.2865,44.284],[15.2822,44.2802]]]}},{"type":"Feature","properties":{"depth":-10},"geometry":{"type":"MultiLineString","coordinates":[[[15.1859,44.3026],[15.176,44.3023],[15.1719,44.3037],[15.1652,44.3094],[15.1698,44.3131],[15.1823,44.3109],[15.1927,44.3116],[15.1969,44.3088],[15.201,44.2994],[15.2031,44.2979],[15.2115,44.2972],[15.2214,44.3016]]]}},{"type":"Feature","properties":{"depth":-10},"geometry":{"type":"MultiLineString","coordinates":[[[14.663,44.3078],[14.6642,44.3115],[14.6615,44.3183],[14.6573,44.3195],[14.6533,44.3175]]]}},{"type":"Feature","properties":{"depth":-10},"geometry":{"type":"MultiLineString","coordinates":[[[14.6148,44.3281],[14.6171,44.3198],[14.6262,44.3135],[14.6427,44.3047],[14.651,44.3035],[14.6571,44.301],[14.6624,44.3031],[14.6629,44.3066]]]}},{"type":"Feature","properties":{"depth":-10},"geometry":{"type":"MultiLineString","coordinates":[[[15.226,44.3262],[15.2344,44.3306],[15.2427,44.328],[15.2481,44.3198],[15.2552,44.3175],[15.2698,44.3092],[15.2727,44.3106]]]}},{"type":"Feature","properties":{"depth":-10},"geometry":{"type":"MultiLineString","coordinates":[[[14.6914,44.3294],[14.6923,44.326],[14.701,44.3177],[14.7052,44.3114],[14.7094,44.308],[14.7135,44.3086],[14.7176,44.3135],[14.7202,44.326],[14.7183,44.3302],[14.7115,44.3369],[14.7073,44.3369],[14.6927,44.3323]]]}},{"type":"Feature","properties":{"depth":-10},"geometry":{"type":"MultiLineString","coordinates":[[[15.3594,44.3302],[15.3668,44.3177],[15.376,44.3146],[15.3865,44.3158],[15.3948,44.3143],[15.4198,44.3027],[15.4281,44.3016]]]}},{"type":"Feature","properties":{"depth":-10},"geometry":{"type":"MultiLineString","coordinates":[[[14.5865,44.3364],[14.5889,44.3302],[14.5953,44.326],[14.6012,44.324],[14.6053,44.326],[14.6072,44.3302]]]}},{"type":"Feature","properties":{"depth":-10},"geometry":{"type":"MultiLineString","coordinates":[[[14.6092,44.3429],[14.6089,44.3469],[14.6058,44.351],[14.6,44.3552],[14.5932,44.3568]]]}},{"type":"Feature","properties":{"depth":-10},"geometry":{"type":"MultiLineString","coordinates":[[[15.3081,44.3503],[15.3094,44.335],[15.3115,44.3329],[15.3156,44.3357],[15.324,44.3448]]]}},{"type":"Feature","properties":{"depth":-10},"geometry":{"type":"MultiLineString","coordinates":[[[15.2241,44.3635],[15.2188,44.3698],[15.2135,44.3735],[15.2027,44.3781]]]}},{"type":"Feature","properties":{"depth":-10},"geometry":{"type":"MultiLineString","coordinates":[[[15.2614,44.3782],[15.2657,44.3698],[15.2698,44.3652],[15.2926,44.3552],[15.299,44.353],[15.3073,44.3524]]]}},{"type":"Feature","properties":{"depth":-10},"geometry":{"type":"MultiLineString","coordinates":[[[15.0939,44.3906],[15.108,44.3802],[15.1086,44.376],[15.1031,44.3721],[15.0948,44.3729],[15.0887,44.3698],[15.087,44.3635],[15.0906,44.353],[15.095,44.3469],[15.0906,44.3425],[15.0829,44.3281],[15.0785,44.324],[15.0656,44.3236],[15.0594,44.3225],[15.0539,44.3232]]]}},{"type":"Feature","properties":{"depth":-10},"geometry":{"type":"MultiLineString","coordinates":[[[15.1781,44.3902],[15.1806,44.3969],[15.176,44.4002],[15.1629,44.4073],[15.149,44.4121],[15.1448,44.4177],[15.1305,44.4323],[15.126,44.435],[15.1222,44.4344]]]}},{"type":"Feature","properties":{"depth":-10},"geometry":{"type":"MultiLineString","coordinates":[[[14.7578,44.4162],[14.7594,44.4092],[14.7656,44.4068],[14.7674,44.4031],[14.7674,44.3945]]]}},{"type":"Feature","properties":{"depth":-10},"geometry":{"type":"MultiLineString","coordinates":[[[14.9531,44.4157],[14.951,44.4211],[14.9448,44.4281],[14.9334,44.427]]]}},{"type":"Feature","properties":{"depth":-10},"geometry":{"type":"MultiLineString","coordinates":[[[14.9224,44.4198],[14.926,44.4134],[14.932,44.4094],[14.9401,44.4078]]]}},{"type":"Feature","properties":{"depth":-10},"geometry":{"type":"MultiLineString","coordinates":[[[15.2151,44.4245],[15.2111,44.4198],[15.2126,44.4156],[15.224,44.4095],[15.2276,44.4099]]]}},{"type":"Feature","properties":{"depth":-10},"geometry":{"type":"MultiLineString","coordinates":[[[14.5753,44.4441],[14.5752,44.4365],[14.5781,44.4341],[14.5844,44.4385],[14.5845,44.4448],[14.5823,44.4488],[14.5677,44.4667],[14.5598,44.4673]]]}},{"type":"Feature","properties":{"depth":-10},"geometry":{"type":"MultiLineString","coordinates":[[[14.5343,44.447],[14.5372,44.4406],[14.5469,44.4359],[14.551,44.4373],[14.5525,44.4406]]]}},{"type":"Feature","properties":{"depth":-10},"geometry":{"type":"MultiLineString","coordinates":[[[15.0469,44.4611],[15.0461,44.4531],[15.0427,44.452],[15.0302,44.4592],[15.0252,44.4635],[15.0182,44.4673]]]}},{"type":"Feature","properties":{"depth":-10},"geometry":{"type":"MultiLineString","coordinates":[[[14.5588,44.4671],[14.5521,44.474],[14.5493,44.4823],[14.5536,44.4943]]]}},{"type":"Feature","properties":{"depth":-10},"geometry":{"type":"MultiLineString","coordinates":[[[14.8729,44.4709],[14.8778,44.474],[14.882,44.4802],[14.881,44.4885],[14.8776,44.4927],[14.8719,44.4955],[14.8635,44.4949],[14.8573,44.4922],[14.8546,44.4885]]]}},{"type":"Feature","properties":{"depth":-10},"geometry":{"type":"MultiLineString","coordinates":[[[14.5155,44.4761],[14.5148,44.4719],[14.5198,44.4676],[14.5323,44.4667],[14.5365,44.4695],[14.5413,44.4788]]]}},{"type":"Feature","properties":{"depth":-10},"geometry":{"type":"MultiLineString","coordinates":[[[14.9986,44.4826],[14.9926,44.4927],[14.9844,44.5014],[14.9781,44.5132],[14.974,44.5174],[14.9656,44.5158],[14.9594,44.517],[14.9456,44.5281],[14.9344,44.5396],[14.9256,44.5427],[14.9281,44.5446],[14.9421,44.5391]]]}},{"type":"Feature","properties":{"depth":-10},"geometry":{"type":"MultiLineString","coordinates":[[[15.1193,44.489],[15.1193,44.4844],[15.1219,44.48],[15.1365,44.4679],[15.1427,44.4648],[15.1515,44.4573],[15.1635,44.4524],[15.1799,44.4427],[15.1788,44.4469]]]}},{"type":"Feature","properties":{"depth":-10},"geometry":{"type":"MultiLineString","coordinates":[[[15.0096,44.4987],[15.0052,44.4971],[15.0067,44.4885],[15.0115,44.4848],[15.0219,44.4838],[15.0275,44.4906],[15.0219,44.495]]]}},{"type":"Feature","properties":{"depth":-10},"geometry":{"type":"MultiLineString","coordinates":[[[14.551,44.5001],[14.5448,44.498],[14.5406,44.5018],[14.5312,44.5052],[14.5279,44.5135],[14.5219,44.5166],[14.5156,44.522],[14.5128,44.5219]]]}},{"type":"Feature","properties":{"depth":-10},"geometry":{"type":"MultiLineString","coordinates":[[[14.29,44.5079],[14.2899,44.5031],[14.2987,44.4948],[14.3031,44.4925],[14.3084,44.4927],[14.3177,44.4986],[14.3204,44.5031]]]}},{"type":"Feature","properties":{"depth":-10},"geometry":{"type":"MultiLineString","coordinates":[[[14.4631,44.5161],[14.4644,44.5115],[14.4715,44.5073],[14.4802,44.5041],[14.4839,44.501],[14.4863,44.4948],[14.4927,44.4889],[14.5019,44.4865]]]}},{"type":"Feature","properties":{"depth":-10},"geometry":{"type":"MultiLineString","coordinates":[[[14.8986,44.526],[14.9031,44.5218],[14.9145,44.5073],[14.9159,44.5031],[14.9115,44.4997],[14.897,44.5009]]]}},{"type":"Feature","properties":{"depth":-10},"geometry":{"type":"MultiLineString","coordinates":[[[14.4729,44.5375],[14.4698,44.5448],[14.4615,44.5506],[14.4573,44.5554],[14.451,44.5592],[14.446,44.5656],[14.4385,44.569],[14.4289,44.5844],[14.424,44.5979],[14.4219,44.6007],[14.4177,44.601],[14.4151,44.5974]]]}},{"type":"Feature","properties":{"depth":-10},"geometry":{"type":"MultiLineString","coordinates":[[[14.4214,44.5474],[14.4218,44.5448],[14.4302,44.5386],[14.4375,44.5406],[14.4365,44.5453]]]}},{"type":"Feature","properties":{"depth":-10},"geometry":{"type":"MultiLineString","coordinates":[[[14.8684,44.5615],[14.8673,44.549],[14.876,44.5414],[14.8813,44.5354]]]}},{"type":"Feature","properties":{"depth":-10},"geometry":{"type":"MultiLineString","coordinates":[[[14.9656,44.5607],[14.9656,44.57],[14.9635,44.5739],[14.9588,44.5767]]]}},{"type":"Feature","properties":{"depth":-10},"geometry":{"type":"MultiLineString","coordinates":[[[14.3248,44.5648],[14.3243,44.5615],[14.3271,44.5573],[14.3344,44.5547],[14.339,44.5573],[14.3392,44.56]]]}},{"type":"Feature","properties":{"depth":-10},"geometry":{"type":"MultiLineString","coordinates":[[[14.2983,44.5871],[14.2972,44.5844],[14.306,44.576],[14.3115,44.5746],[14.3132,44.5764]]]}},{"type":"Feature","properties":{"depth":-10},"geometry":{"type":"MultiLineString","coordinates":[[[14.8558,44.6005],[14.856,44.6052],[14.8531,44.6074],[14.8448,44.6097],[14.8408,44.6156],[14.8344,44.6195],[14.8226,44.6302],[14.8112,44.6385],[14.8072,44.6448],[14.797,44.6552],[14.7844,44.6665],[14.7698,44.6824],[14.7469,44.6978],[14.7406,44.7028],[14.736,44.7036]]]}},{"type":"Feature","properties":{"depth":-10},"geometry":{"type":"MultiLineString","coordinates":[[[14.4106,44.6019],[14.4098,44.6115],[14.4073,44.6168],[14.4031,44.6192],[14.4013,44.6177]]]}},{"type":"Feature","properties":{"depth":-10},"geometry":{"type":"MultiLineString","coordinates":[[[14.2669,44.6101],[14.2677,44.6052],[14.274,44.6009],[14.2781,44.6007],[14.2816,44.6031]]]}},{"type":"Feature","properties":{"depth":-10},"geometry":{"type":"MultiLineString","coordinates":[[[14.2469,44.6355],[14.2344,44.6341],[14.2307,44.6323],[14.2308,44.624],[14.2344,44.6204]]]}},{"type":"Feature","properties":{"depth":-10},"geometry":{"type":"MultiLineString","coordinates":[[[14.3549,44.6445],[14.3535,44.6406],[14.3554,44.6365],[14.3656,44.6279],[14.3698,44.6256],[14.3802,44.6232]]]}},{"type":"Feature","properties":{"depth":-10},"geometry":{"type":"MultiLineString","coordinates":[[[14.2716,44.6573],[14.2733,44.651],[14.2781,44.65],[14.2891,44.6552],[14.2901,44.6594],[14.2869,44.6635],[14.2906,44.6655],[14.2927,44.67],[14.2885,44.6789],[14.2847,44.6799]]]}},{"type":"Feature","properties":{"depth":-10},"geometry":{"type":"MultiLineString","coordinates":[[[14.7348,44.6882],[14.7365,44.6844],[14.7448,44.6757],[14.749,44.674]]]}},{"type":"Feature","properties":{"depth":-10},"geometry":{"type":"MultiLineString","coordinates":[[[14.8688,44.7125],[14.8694,44.7177],[14.8677,44.7231],[14.8635,44.7249],[14.8611,44.7319]]]}},{"type":"Feature","properties":{"depth":-10},"geometry":{"type":"MultiLineString","coordinates":[[[14.8159,44.7635],[14.8118,44.7698],[14.8031,44.7764],[14.7987,44.7763]]]}},{"type":"Feature","properties":{"depth":-10},"geometry":{"type":"MultiLineString","coordinates":[[[13.948,44.7885],[13.9537,44.7885],[13.9586,44.7969],[13.9656,44.7995],[13.976,44.798],[13.9802,44.7962],[13.9837,44.7975]]]}},{"type":"Feature","properties":{"depth":-10},"geometry":{"type":"MultiLineString","coordinates":[[[14.7794,44.7893],[14.7773,44.7948],[14.7594,44.8101],[14.7531,44.813],[14.7479,44.8125]]]}},{"type":"Feature","properties":{"depth":-10},"geometry":{"type":"MultiLineString","coordinates":[[[14.6948,44.7906],[14.6919,44.799],[14.6865,44.8019],[14.6833,44.7979]]]}},{"type":"Feature","properties":{"depth":-10},"geometry":{"type":"MultiLineString","coordinates":[[[13.9245,44.7933],[13.9323,44.803],[13.9365,44.8045],[13.9425,44.799],[13.9455,44.7899]]]}},{"type":"Feature","properties":{"depth":-10},"geometry":{"type":"MultiLineString","coordinates":[[[14.8031,44.8405],[14.805,44.8344],[14.8135,44.8297],[14.8198,44.8242],[14.826,44.8215],[14.8302,44.8237],[14.8398,44.8344],[14.8427,44.8406],[14.8427,44.8449],[14.839,44.8465]]]}},{"type":"Feature","properties":{"depth":-10},"geometry":{"type":"MultiLineString","coordinates":[[[14.6781,44.841],[14.6816,44.8281],[14.6952,44.8135]]]}},{"type":"Feature","properties":{"depth":-10},"geometry":{"type":"MultiLineString","coordinates":[[[14.7547,44.8573],[14.7552,44.852],[14.7698,44.8473],[14.7765,44.851],[14.7772,44.8543]]]}},{"type":"Feature","properties":{"depth":-10},"geometry":{"type":"MultiLineString","coordinates":[[[14.7825,44.8613],[14.776,44.872],[14.7677,44.8753],[14.751,44.8856],[14.749,44.8844]]]}},{"type":"Feature","properties":{"depth":-10},"geometry":{"type":"MultiLineString","coordinates":[[[14.7395,44.8689],[14.7356,44.8635],[14.7375,44.8594],[14.7427,44.8559],[14.7483,44.8573]]]}},{"type":"Feature","properties":{"depth":-10},"geometry":{"type":"MultiLineString","coordinates":[[[14.7926,44.9011],[14.797,44.8969],[14.8115,44.8916],[14.8198,44.8878],[14.824,44.8872],[14.8341,44.8823],[14.8385,44.8817],[14.841,44.8844],[14.8385,44.8932],[14.833,44.901],[14.8311,44.9073],[14.8281,44.9105],[14.8205,44.9129]]]}},{"type":"Feature","properties":{"depth":-10},"geometry":{"type":"MultiLineString","coordinates":[[[13.7819,44.9139],[13.7786,44.9198],[13.7719,44.9205],[13.7635,44.9255],[13.7556,44.9256]]]}},{"type":"Feature","properties":{"depth":-10},"geometry":{"type":"MultiLineString","coordinates":[[[14.8154,44.9158],[14.8146,44.9198],[14.8036,44.926],[14.798,44.9249]]]}},{"type":"Feature","properties":{"depth":-10},"geometry":{"type":"MultiLineString","coordinates":[[[13.7339,44.9402],[13.7302,44.9448],[13.7292,44.951],[13.726,44.9542],[13.7177,44.952],[13.7094,44.9521],[13.7052,44.9497],[13.7036,44.9448],[13.7054,44.9385],[13.7105,44.9323],[13.7132,44.926],[13.71,44.9177],[13.7113,44.9115],[13.7156,44.907],[13.726,44.9022],[13.7328,44.9031],[13.7339,44.9068]]]}},{"type":"Feature","properties":{"depth":-10},"geometry":{"type":"MultiLineString","coordinates":[[[14.7056,44.9423],[14.7094,44.9381],[14.726,44.9349],[14.7292,44.9353]]]}},{"type":"Feature","properties":{"depth":-10},"geometry":{"type":"MultiLineString","coordinates":[[[14.5775,44.9442],[14.5818,44.9469],[14.5802,44.9514],[14.574,44.9548],[14.5692,44.951],[14.5712,44.9483]]]}},{"type":"Feature","properties":{"depth":-10},"geometry":{"type":"MultiLineString","coordinates":[[[14.5537,44.9609],[14.5607,44.974],[14.5613,44.9823],[14.5596,44.9844],[14.5531,44.9859],[14.5427,44.984],[14.5385,44.988],[14.5323,44.9877],[14.526,44.9894],[14.5229,44.9875]]]}},{"type":"Feature","properties":{"depth":-10},"geometry":{"type":"MultiLineString","coordinates":[[[14.5096,44.9677],[14.5157,44.9635],[14.5205,44.9573],[14.5344,44.9509],[14.5393,44.9524]]]}},{"type":"Feature","properties":{"depth":-10},"geometry":{"type":"MultiLineString","coordinates":[[[14.7607,44.9677],[14.7625,44.9635],[14.7671,44.9615],[14.774,44.9608],[14.7823,44.9625],[14.7948,44.9605],[14.801,44.9609],[14.8087,44.9594],[14.8219,44.9673],[14.8245,44.974],[14.8219,44.9805],[14.8156,44.9908],[14.8105,44.9916]]]}},{"type":"Feature","properties":{"depth":-10},"geometry":{"type":"MultiLineString","coordinates":[[[14.6186,44.9772],[14.6219,44.9727],[14.6385,44.9677],[14.6531,44.9593],[14.6571,44.9634]]]}},{"type":"Feature","properties":{"depth":-10},"geometry":{"type":"MultiLineString","coordinates":[[[13.7509,44.9844],[13.7573,44.9791],[13.7626,44.9719],[13.7729,44.9615],[13.7794,44.949],[13.7897,44.9385],[13.7934,44.9302],[13.794,44.924],[13.7972,44.9135],[13.7975,44.9073],[13.7959,44.901],[13.8001,44.8948]]]}},{"type":"Feature","properties":{"depth":-10},"geometry":{"type":"MultiLineString","coordinates":[[[14.0469,45.0121],[14.0532,45.0156],[14.0555,45.0135],[14.0527,45.0073],[14.0552,45.0012],[14.0616,45.0009]]]}},{"type":"Feature","properties":{"depth":-10},"geometry":{"type":"MultiLineString","coordinates":[[[13.6541,45.0635],[13.6552,45.0573],[13.6552,45.0465],[13.659,45.0365],[13.6656,45.0265],[13.673,45.0219],[13.6725,45.0135],[13.676,45.0094],[13.6802,45.0085],[13.6906,45.0124],[13.7014,45.0115],[13.704,45.0052],[13.6977,44.9927],[13.6996,44.9885],[13.7073,44.9867],[13.7135,44.9938],[13.7239,44.9885],[13.7302,44.9878],[13.7358,44.985]]]}},{"type":"Feature","properties":{"depth":-10},"geometry":{"type":"MultiLineString","coordinates":[[[13.6287,45.065],[13.624,45.0622],[13.6156,45.0616],[13.6065,45.0531],[13.6054,45.049],[13.6071,45.0406],[13.6115,45.036],[13.6156,45.0352],[13.6281,45.0381],[13.6365,45.0423],[13.6442,45.0531],[13.6453,45.0594],[13.6405,45.0634]]]}},{"type":"Feature","properties":{"depth":-10},"geometry":{"type":"MultiLineString","coordinates":[[[15.6156,44.1384],[15.6081,44.1427],[15.6073,44.1469],[15.6115,44.1511],[15.6156,44.1509],[15.6202,44.1469],[15.6199,44.1406],[15.6156,44.1384]]]}},{"type":"Feature","properties":{"depth":-10},"geometry":{"type":"MultiLineString","coordinates":[[[15.5885,44.1821],[15.5844,44.1835],[15.5776,44.1885],[15.5698,44.1921],[15.5615,44.1975],[15.5552,44.1978],[15.5448,44.1948],[15.5344,44.19],[15.524,44.187],[15.5198,44.1868],[15.5052,44.1907],[15.501,44.1925],[15.496,44.199],[15.4961,44.2031],[15.5031,44.207],[15.526,44.2116],[15.5385,44.2118],[15.549,44.2102],[15.5594,44.2046],[15.574,44.2036],[15.5781,44.2021],[15.5915,44.1927],[15.5946,44.1885],[15.5943,44.1844],[15.5885,44.1821]]]}},{"type":"Feature","properties":{"depth":-10},"geometry":{"type":"MultiLineString","coordinates":[[[14.7385,44.2425],[14.7454,44.2469],[14.7427,44.25],[14.7385,44.2482],[14.7385,44.2425]]]}},{"type":"Feature","properties":{"depth":-10},"geometry":{"type":"MultiLineString","coordinates":[[[15.5156,44.2508],[15.5094,44.2526],[15.501,44.2527],[15.4911,44.2594],[15.4927,44.2637],[15.4969,44.2639],[15.5115,44.2688],[15.5219,44.2667],[15.5279,44.2573],[15.5273,44.2531],[15.5198,44.2502],[15.5156,44.2508]]]}},{"type":"Feature","properties":{"depth":-10},"geometry":{"type":"MultiLineString","coordinates":[[[15.4635,44.2612],[15.4594,44.2677],[15.4656,44.2713],[15.4698,44.2706],[15.4731,44.2656],[15.4731,44.2615],[15.4698,44.2597],[15.4635,44.2612]]]}},{"type":"Feature","properties":{"depth":-5},"geometry":{"type":"MultiLineString","coordinates":[[[13.5012,43.628],[13.4957,43.626],[13.4927,43.6213],[13.4843,43.6135],[13.476,43.6116],[13.4677,43.6129],[13.451,43.6185],[13.4052,43.6361],[13.3948,43.641],[13.3844,43.6443],[13.374,43.6493],[13.3529,43.6573],[13.3073,43.6787],[13.2989,43.6823],[13.2886,43.6885],[13.2799,43.6927],[13.274,43.697],[13.2594,43.7055],[13.2365,43.7182],[13.2281,43.7243],[13.2177,43.7294],[13.1898,43.7469],[13.176,43.7563],[13.151,43.7702],[13.1427,43.7766],[13.1323,43.782],[13.1135,43.7955],[13.1052,43.8003],[13.0927,43.8089],[13.0823,43.8183],[13.0677,43.8278],[13.0281,43.8498],[13.0238,43.8512]]]}},{"type":"Feature","properties":{"depth":-5},"geometry":{"type":"MultiLineString","coordinates":[[[15.9101,43.6768],[15.9031,43.6829],[15.901,43.6824],[15.9091,43.6737]]]}},{"type":"Feature","properties":{"depth":-5},"geometry":{"type":"MultiLineString","coordinates":[[[13.0166,43.8552],[13.0145,43.8573],[12.9906,43.8702],[12.9823,43.8764],[12.976,43.8796],[12.9677,43.8868],[12.9615,43.8904],[12.9427,43.9049],[12.924,43.9166],[12.9094,43.9232]]]}},{"type":"Feature","properties":{"depth":-5},"geometry":{"type":"MultiLineString","coordinates":[[[12.9032,43.9261],[12.8873,43.9323],[12.8677,43.941],[12.8615,43.9429],[12.8448,43.9504],[12.824,43.9608],[12.8073,43.9658],[12.799,43.9664],[12.7677,43.9714],[12.753,43.9719],[12.7344,43.9748],[12.716,43.9802],[12.6781,44.0012],[12.6566,44.0156],[12.6427,44.027],[12.626,44.0385],[12.6161,44.049],[12.5853,44.0781],[12.5781,44.0816],[12.5635,44.0844],[12.5573,44.0864],[12.5448,44.0931],[12.5139,44.1156],[12.5031,44.1261],[12.4969,44.1331],[12.451,44.1692],[12.4448,44.1752],[12.4354,44.1823],[12.426,44.1918],[12.4094,44.2182],[12.4046,44.224],[12.3962,44.2385],[12.3823,44.2535],[12.3698,44.268],[12.3677,44.2718],[12.3614,44.2906],[12.3581,44.3115],[12.3562,44.3177],[12.3484,44.3365],[12.3427,44.3455],[12.3344,44.363],[12.325,44.401],[12.3217,44.4115],[12.3159,44.4219],[12.3038,44.4531],[12.3051,44.4615],[12.302,44.4719],[12.2965,44.4823],[12.2959,44.4865],[12.2987,44.4927],[12.2985,44.4969],[12.2927,44.5052],[12.2904,44.5135],[12.2902,44.5385],[12.2923,44.5615],[12.2953,44.574],[12.2963,44.5948],[12.2952,44.6115],[12.2897,44.6281],[12.2855,44.6365],[12.2748,44.6448],[12.2635,44.6616],[12.2594,44.6695],[12.2531,44.6892],[12.2518,44.6969],[12.2506,44.7135],[12.2531,44.7289],[12.2573,44.7395],[12.2635,44.7482],[12.2781,44.7629],[12.2885,44.769],[12.3052,44.7754],[12.3135,44.7771],[12.3365,44.777],[12.3469,44.7756],[12.3698,44.7739],[12.3865,44.7743],[12.4073,44.7784],[12.424,44.7861],[12.4357,44.7948],[12.4406,44.8004],[12.4531,44.8118],[12.4629,44.8219],[12.4719,44.8338],[12.4834,44.8469],[12.499,44.8784],[12.5081,44.8906],[12.5132,44.899],[12.5177,44.9115],[12.5253,44.926],[12.5363,44.9385],[12.5401,44.9448],[12.5448,44.9495],[12.5552,44.9543],[12.5633,44.9615],[12.5649,44.9656],[12.5634,44.9698],[12.5448,44.9771],[12.524,44.9904],[12.5073,44.9989],[12.4878,45.001],[12.474,45.0069],[12.4656,45.0152],[12.4535,45.024],[12.4281,45.0394],[12.3969,45.0564],[12.3865,45.063],[12.374,45.0736],[12.3635,45.0837],[12.3541,45.0948],[12.3514,45.1]]]}},{"type":"Feature","properties":{"depth":-5},"geometry":{"type":"MultiLineString","coordinates":[[[15.079,43.9522],[15.0798,43.949],[15.0926,43.9365],[15.1024,43.926],[15.113,43.9183]]]}},{"type":"Feature","properties":{"depth":-5},"geometry":{"type":"MultiLineString","coordinates":[[[14.9171,44.0913],[14.9198,44.0896],[14.9281,44.0897],[14.9353,44.0844],[14.9461,44.0781],[14.9573,44.0729],[14.9677,44.0669],[14.9948,44.0454],[14.997,44.0447]]]}},{"type":"Feature","properties":{"depth":-5},"geometry":{"type":"MultiLineString","coordinates":[[[15.5674,44.1906],[15.5573,44.1947],[15.5469,44.1924],[15.5365,44.1872],[15.524,44.1828],[15.5177,44.1834],[15.5111,44.1865],[15.501,44.1892],[15.4917,44.199],[15.4907,44.2031],[15.4948,44.2069],[15.5052,44.2106],[15.5115,44.2112],[15.526,44.2152],[15.5406,44.2144],[15.551,44.2127],[15.5615,44.2076],[15.5757,44.2056]]]}},{"type":"Feature","properties":{"depth":-5},"geometry":{"type":"MultiLineString","coordinates":[[[15.2903,44.2635],[15.2918,44.2552],[15.2885,44.2516],[15.2817,44.2496]]]}},{"type":"Feature","properties":{"depth":-5},"geometry":{"type":"MultiLineString","coordinates":[[[15.2531,44.2656],[15.2563,44.2698],[15.2556,44.274],[15.249,44.2765],[15.2427,44.2825],[15.2365,44.2846],[15.23,44.2823]]]}},{"type":"Feature","properties":{"depth":-5},"geometry":{"type":"MultiLineString","coordinates":[[[15.1993,44.2723],[15.207,44.2635],[15.2054,44.2573],[15.199,44.2534],[15.1927,44.2525],[15.1802,44.2566],[15.1705,44.2615],[15.1552,44.2751],[15.1448,44.2804],[15.1401,44.2885],[15.1361,44.2909]]]}},{"type":"Feature","properties":{"depth":-5},"geometry":{"type":"MultiLineString","coordinates":[[[15.1576,44.324],[15.1569,44.3198],[15.1615,44.3176],[15.1777,44.3161]]]}},{"type":"Feature","properties":{"depth":-5},"geometry":{"type":"MultiLineString","coordinates":[[[15.3675,44.3283],[15.3719,44.3199],[15.376,44.3187],[15.3804,44.3219],[15.3786,44.326]]]}},{"type":"Feature","properties":{"depth":-5},"geometry":{"type":"MultiLineString","coordinates":[[[15.1419,44.4164],[15.1302,44.429],[15.1273,44.431]]]}},{"type":"Feature","properties":{"depth":-5},"geometry":{"type":"MultiLineString","coordinates":[[[14.5189,44.4727],[14.5219,44.4701],[14.5302,44.4706],[14.5343,44.474],[14.5333,44.477]]]}},{"type":"Feature","properties":{"depth":-5},"geometry":{"type":"MultiLineString","coordinates":[[[14.8704,44.4754],[14.874,44.476],[14.8762,44.4802],[14.8719,44.4875],[14.8615,44.4896],[14.8593,44.4845]]]}},{"type":"Feature","properties":{"depth":-5},"geometry":{"type":"MultiLineString","coordinates":[[[14.8063,44.6396],[14.804,44.6448],[14.796,44.6531],[14.7802,44.6676],[14.7719,44.6772],[14.7655,44.6824]]]}},{"type":"Feature","properties":{"depth":-5},"geometry":{"type":"MultiLineString","coordinates":[[[14.6834,44.8353],[14.6844,44.8307],[14.6884,44.8281],[14.6951,44.8198],[14.7023,44.8198]]]}},{"type":"Feature","properties":{"depth":-5},"geometry":{"type":"MultiLineString","coordinates":[[[13.7326,44.9365],[13.7274,44.9427],[13.724,44.9492],[13.7156,44.9468],[13.7079,44.9469],[13.7074,44.9427],[13.7113,44.9385],[13.7185,44.9281],[13.7201,44.924],[13.7136,44.9177],[13.7156,44.9106],[13.726,44.9054],[13.7298,44.9056]]]}},{"type":"Feature","properties":{"depth":-5},"geometry":{"type":"MultiLineString","coordinates":[[[14.5506,44.9736],[14.5532,44.9719],[14.5547,44.9781],[14.5509,44.9802],[14.5485,44.976]]]}},{"type":"Feature","properties":{"depth":-5},"geometry":{"type":"MultiLineString","coordinates":[[[13.6219,45.0594],[13.6158,45.0573],[13.6112,45.051],[13.6096,45.0448],[13.6111,45.0406],[13.6177,45.0387],[13.6254,45.0406],[13.6348,45.0448],[13.642,45.0552],[13.6409,45.0594],[13.6278,45.0597]]]}},{"type":"Feature","properties":{"depth":-5},"geometry":{"type":"MultiLineString","coordinates":[[[13.6598,45.0631],[13.6576,45.0531],[13.6579,45.049],[13.662,45.0427],[13.6656,45.0318],[13.6698,45.0284],[13.6806,45.026],[13.6813,45.024],[13.6781,45.0184],[13.678,45.0135],[13.6823,45.0121],[13.6927,45.0161],[13.7031,45.0153],[13.7066,45.0115],[13.7094,45.0021],[13.7177,44.9981],[13.7219,44.9939],[13.7302,44.9934]]]}},{"type":"Feature","properties":{"depth":-5},"geometry":{"type":"MultiLineString","coordinates":[[[15.6135,44.1359],[15.6064,44.1406],[15.6048,44.1448],[15.6073,44.1516],[15.6156,44.1535],[15.6198,44.1516],[15.623,44.1469],[15.6232,44.1406],[15.6198,44.1367],[15.6135,44.1359]]]}},{"type":"Feature","properties":{"depth":-5},"geometry":{"type":"MultiLineString","coordinates":[[[14.7115,44.3212],[14.7151,44.324],[14.7128,44.3281],[14.7052,44.3313],[14.701,44.3302],[14.7052,44.3253],[14.7115,44.3212]]]}},{"type":"Feature","properties":{"depth":-5},"geometry":{"type":"MultiLineString","coordinates":[[[13.7031,44.9906],[13.7073,44.9913],[13.7073,44.9969],[13.7031,44.9962],[13.7031,44.9906]]]}},{"type":"Feature","properties":{"depth":-200},"geometry":{"type":"MultiLineString","coordinates":[[[16.85,41.8107],[16.845,41.8219],[16.8371,41.8344],[16.8292,41.849],[16.8231,41.8573],[16.8156,41.8662],[16.8073,41.8798],[16.8031,41.8916],[16.7998,41.9031],[16.7951,41.9135],[16.7849,41.9302],[16.7781,41.9385],[16.7701,41.9531],[16.766,41.9594],[16.7531,41.9765],[16.7473,41.9865],[16.736,42.001],[16.7281,42.0094],[16.7198,42.0163],[16.7134,42.024],[16.7027,42.0448],[16.6961,42.0552],[16.683,42.074],[16.6791,42.0844],[16.6771,42.0969],[16.6781,42.1037],[16.6823,42.1098],[16.6906,42.1151],[16.698,42.1177],[16.7115,42.1198],[16.7302,42.1202],[16.7406,42.1187],[16.7677,42.1189],[16.774,42.1201],[16.783,42.124],[16.7919,42.1302],[16.7953,42.1344],[16.7977,42.1406],[16.7975,42.149],[16.7955,42.1531],[16.7897,42.1594],[16.7803,42.1656],[16.7635,42.174],[16.7547,42.1802],[16.7427,42.1864],[16.721,42.199],[16.7052,42.2125],[16.6969,42.2175],[16.6887,42.224],[16.6742,42.2385],[16.6675,42.2469],[16.6579,42.2615],[16.649,42.2791],[16.6384,42.2906],[16.6262,42.3094],[16.6228,42.3156],[16.6172,42.3302],[16.6165,42.3448],[16.6153,42.3573],[16.6115,42.3737],[16.6088,42.3802],[16.6011,42.3865],[16.5844,42.3927],[16.5656,42.4019],[16.5365,42.4115],[16.5198,42.4217],[16.5052,42.4344],[16.4906,42.449],[16.4823,42.4554],[16.4698,42.4618],[16.4615,42.4641],[16.4385,42.468],[16.4073,42.4782],[16.3964,42.4823],[16.3882,42.4865],[16.3823,42.4924],[16.378,42.501],[16.3767,42.5073],[16.3726,42.5198],[16.3693,42.526],[16.356,42.5406],[16.3533,42.5469],[16.3535,42.551],[16.3573,42.5578],[16.3615,42.5609],[16.3698,42.5621],[16.3781,42.5595],[16.3823,42.557],[16.3969,42.5448],[16.4088,42.5365],[16.4156,42.531],[16.4198,42.5292],[16.451,42.5219],[16.4594,42.5191],[16.4827,42.5094],[16.4927,42.5044],[16.5094,42.4939],[16.5219,42.4889],[16.5385,42.485],[16.5615,42.4781],[16.5698,42.4743],[16.5781,42.4695],[16.5927,42.4661],[16.6052,42.4667],[16.6448,42.4748],[16.651,42.4747],[16.6656,42.4712],[16.676,42.4663],[16.6844,42.4597],[16.6927,42.451],[16.7013,42.4365],[16.7039,42.4302],[16.7053,42.4198],[16.7082,42.4135],[16.7135,42.4112],[16.7323,42.4102],[16.7448,42.411],[16.7558,42.4135],[16.7701,42.4177],[16.7844,42.4211],[16.7924,42.4281],[16.799,42.4358],[16.8073,42.4413],[16.8135,42.4431],[16.8219,42.4441],[16.8302,42.4422],[16.8406,42.4339],[16.849,42.4306],[16.85,42.4304]]]}},{"type":"Feature","properties":{"depth":-200},"geometry":{"type":"MultiLineString","coordinates":[[[14.9573,42.6445],[14.9385,42.6473],[14.926,42.6483],[14.9094,42.6516],[14.901,42.6546],[14.8823,42.6639],[14.8698,42.6676],[14.8552,42.6759],[14.851,42.6791],[14.8424,42.6885],[14.8342,42.699],[14.8289,42.7073],[14.826,42.7091],[14.8177,42.7113],[14.8113,42.7156],[14.8086,42.7198],[14.8022,42.726],[14.7927,42.7397],[14.7824,42.751],[14.7716,42.7615],[14.7637,42.7677],[14.7492,42.776],[14.7365,42.7816],[14.726,42.7839],[14.6885,42.7897],[14.6781,42.7922],[14.6573,42.7984],[14.6469,42.7996],[14.624,42.801],[14.5927,42.8015],[14.5844,42.8023],[14.5635,42.8054],[14.5573,42.8047],[14.5337,42.8177],[14.5286,42.8219],[14.5255,42.826],[14.5246,42.8302],[14.5282,42.8406],[14.5341,42.849],[14.5427,42.8552],[14.5677,42.8665],[14.5813,42.874],[14.5952,42.8802],[14.6133,42.8865],[14.6365,42.8912],[14.6427,42.8929],[14.6635,42.9],[14.6948,42.9115],[14.7094,42.9166],[14.7281,42.9239],[14.7365,42.9282],[14.7531,42.9347],[14.7669,42.9385],[14.7823,42.9436],[14.7903,42.9469],[14.8031,42.9535],[14.824,42.963],[14.8365,42.9654],[14.8448,42.9656],[14.8531,42.962],[14.8573,42.9591],[14.8619,42.951],[14.8623,42.9406],[14.8677,42.9302],[14.8733,42.9281],[14.8739,42.9156],[14.8781,42.9104],[14.8865,42.9054],[14.8969,42.9019],[14.9052,42.9001],[14.9135,42.8996],[14.9199,42.901],[14.924,42.9037],[14.9291,42.9094],[14.9351,42.9177],[14.9448,42.9252],[14.9531,42.9275],[14.9635,42.9272],[14.9906,42.9162],[15.0121,42.9094],[15.024,42.9049],[15.0373,42.899],[15.0473,42.8927],[15.0532,42.8865],[15.0544,42.8823],[15.0545,42.874],[15.0535,42.8656],[15.0554,42.8552],[15.0608,42.8365],[15.0604,42.8281],[15.0576,42.8198],[15.057,42.8052],[15.0511,42.7781],[15.0448,42.764],[15.0373,42.7531],[15.0219,42.7384],[15.0184,42.7344],[15.0146,42.726],[15.0143,42.7156],[15.0204,42.6927],[15.0216,42.6844],[15.0203,42.6781],[15.014,42.6677],[15.0094,42.6628],[14.9948,42.6527],[14.9906,42.6504],[14.9781,42.6454],[14.9656,42.6437],[14.9573,42.6445]]]}},{"type":"Feature","properties":{"depth":-200},"geometry":{"type":"MultiLineString","coordinates":[[[15.1448,42.8906],[15.1323,42.893],[15.124,42.8935],[15.1177,42.8951],[15.1095,42.899],[15.101,42.904],[15.0906,42.9091],[15.0844,42.9139],[15.076,42.9183],[15.0694,42.924],[15.0573,42.9326],[15.0469,42.9381],[15.0377,42.9469],[15.0302,42.9598],[15.0228,42.9698],[15.0135,42.979],[15.0083,42.9865],[15.0052,42.9939],[14.999,43.0006],[14.9927,43.0025],[14.9885,43.0013],[14.9855,43.0073],[14.9868,43.0281],[14.9851,43.0323],[14.9781,43.0385],[14.9691,43.0448],[14.9639,43.051],[14.9605,43.0594],[14.9611,43.0677],[14.9656,43.0767],[14.9699,43.0823],[14.9844,43.0962],[14.9948,43.1043],[15.001,43.1051],[15.0093,43.101],[15.0198,43.0939],[15.0427,43.0802],[15.0573,43.0727],[15.0698,43.0692],[15.074,43.0712],[15.076,43.0749],[15.0873,43.101],[15.0899,43.1094],[15.0901,43.1177],[15.0861,43.1281],[15.0786,43.1385],[15.0722,43.1531],[15.0704,43.1615],[15.0711,43.1698],[15.0746,43.1781],[15.0779,43.1823],[15.0844,43.187],[15.0914,43.1906],[15.0946,43.1969],[15.099,43.1989],[15.1115,43.1957],[15.1179,43.199],[15.1219,43.2066],[15.124,43.2072],[15.1265,43.1969],[15.125,43.1865],[15.1267,43.1823],[15.1344,43.1773],[15.1427,43.1742],[15.151,43.1678],[15.1594,43.1661],[15.1698,43.1614],[15.1804,43.1635],[15.1969,43.1698],[15.2052,43.1749],[15.2219,43.18],[15.2323,43.1786],[15.2365,43.1801],[15.236,43.1865],[15.2247,43.1948],[15.2166,43.2073],[15.2081,43.2135],[15.2031,43.2215],[15.1951,43.2323],[15.1905,43.2427],[15.1853,43.249],[15.1804,43.2594],[15.1802,43.2665],[15.1885,43.2646],[15.2013,43.2531],[15.2052,43.2459],[15.2084,43.2469],[15.2089,43.251],[15.2075,43.2615],[15.1998,43.274],[15.1923,43.2823],[15.1901,43.2865],[15.1881,43.299],[15.1895,43.3031],[15.1927,43.307],[15.1987,43.3115],[15.2052,43.3179],[15.2078,43.3219],[15.2133,43.3344],[15.2171,43.351],[15.2157,43.3552],[15.2101,43.3615],[15.2109,43.3635],[15.2177,43.368],[15.2241,43.374],[15.2409,43.3927],[15.2469,43.4019],[15.2612,43.4198],[15.2628,43.424],[15.2625,43.4302],[15.2656,43.4341],[15.274,43.4355],[15.2796,43.4385],[15.2912,43.449],[15.304,43.4594],[15.319,43.4698],[15.3279,43.4781],[15.3323,43.4808],[15.345,43.4865],[15.356,43.499],[15.3615,43.5018],[15.3781,43.5036],[15.3948,43.5069],[15.4115,43.5113],[15.426,43.5181],[15.4323,43.5187],[15.4573,43.5188],[15.4635,43.5202],[15.4719,43.5256],[15.4781,43.5278],[15.4844,43.5281],[15.4865,43.5318],[15.4885,43.5304],[15.4888,43.524],[15.4913,43.5156],[15.4918,43.5052],[15.4948,43.4993],[15.5009,43.4948],[15.5073,43.4884],[15.5131,43.4802],[15.5138,43.476],[15.5116,43.4719],[15.5052,43.4654],[15.4989,43.4573],[15.4863,43.4448],[15.484,43.4406],[15.4817,43.4281],[15.4798,43.4135],[15.4802,43.4094],[15.4841,43.401],[15.4844,43.3927],[15.4817,43.3823],[15.4834,43.3719],[15.4782,43.3656],[15.4708,43.3615],[15.4682,43.3531],[15.4655,43.349],[15.4594,43.3438],[15.4469,43.3365],[15.4365,43.3292],[15.4275,43.3219],[15.4073,43.304],[15.401,43.3013],[15.399,43.299],[15.3948,43.2868],[15.3906,43.2826],[15.3719,43.2702],[15.3573,43.2659],[15.349,43.264],[15.3302,43.2561],[15.3177,43.2517],[15.3094,43.25],[15.2969,43.2496],[15.2885,43.2524],[15.276,43.2591],[15.2707,43.2573],[15.266,43.251],[15.261,43.2406],[15.26,43.2323],[15.2575,43.2281],[15.249,43.2213],[15.2365,43.2176],[15.2345,43.2094],[15.2361,43.2052],[15.2431,43.1969],[15.2468,43.1865],[15.2549,43.1719],[15.2561,43.1635],[15.2698,43.1551],[15.276,43.152],[15.2823,43.1475],[15.2948,43.1406],[15.3159,43.124],[15.3241,43.1135],[15.3344,43.1079],[15.3448,43.1037],[15.3635,43.0937],[15.3865,43.0868],[15.3969,43.0796],[15.401,43.0775],[15.4135,43.074],[15.4219,43.0742],[15.4254,43.0719],[15.4257,43.0677],[15.4239,43.0594],[15.4198,43.0547],[15.4094,43.0518],[15.4052,43.0524],[15.401,43.0556],[15.3948,43.0641],[15.3885,43.0679],[15.3802,43.0689],[15.3716,43.0656],[15.3687,43.0615],[15.3651,43.051],[15.3649,43.0448],[15.3677,43.0385],[15.371,43.024],[15.3695,43.0198],[15.3656,43.0181],[15.3632,43.0135],[15.3643,43.001],[15.3631,42.9885],[15.3645,42.9781],[15.3645,42.9698],[15.3615,42.9657],[15.3552,42.9658],[15.3344,42.9702],[15.3317,42.9698],[15.3321,42.9656],[15.3427,42.9527],[15.3503,42.949],[15.3533,42.9448],[15.3511,42.9406],[15.3427,42.9327],[15.3385,42.9314],[15.3281,42.9312],[15.3177,42.9325],[15.3052,42.937],[15.299,42.9449],[15.2948,42.9487],[15.276,42.9552],[15.2698,42.9553],[15.2469,42.9491],[15.2428,42.9448],[15.2438,42.9406],[15.2486,42.9302],[15.2406,42.9273],[15.2281,42.92],[15.2219,42.9178],[15.2147,42.9115],[15.2094,42.9024],[15.2073,42.9006],[15.1969,42.8976],[15.1844,42.8955],[15.1698,42.8919],[15.1552,42.8903],[15.1448,42.8906]]]}},{"type":"Feature","properties":{"depth":-200},"geometry":{"type":"MultiLineString","coordinates":[[[15.47,43.5781],[15.4844,43.5851],[15.4948,43.5939],[15.5115,43.6121],[15.5156,43.6157],[15.5198,43.6169],[15.524,43.6158],[15.5323,43.6102],[15.5365,43.6088],[15.549,43.6086],[15.5552,43.6076],[15.5615,43.6043],[15.5865,43.5962],[15.601,43.5941],[15.6052,43.5927],[15.6135,43.5877],[15.6198,43.5858],[15.626,43.5853],[15.6385,43.5864],[15.6414,43.5823],[15.6403,43.576],[15.6325,43.5635],[15.624,43.5563],[15.6156,43.5521],[15.6031,43.5487],[15.5885,43.5479],[15.5677,43.5476],[15.5535,43.5448],[15.5427,43.54],[15.5323,43.5376],[15.501,43.5375],[15.4932,43.5365],[15.4844,43.5329],[15.4823,43.5333],[15.4802,43.5391],[15.4787,43.549],[15.4703,43.5615],[15.4674,43.574],[15.47,43.5781]]]}},{"type":"Feature","properties":{"depth":-100},"geometry":{"type":"MultiLineString","coordinates":[[[16.6937,41.4781],[16.6931,41.4823],[16.6853,41.5115],[16.6806,41.524],[16.6717,41.5427],[16.6679,41.5531],[16.6666,41.5635],[16.6667,41.5781],[16.664,41.5927],[16.6615,41.6009],[16.6595,41.6115],[16.6586,41.626],[16.6554,41.6344],[16.6448,41.6493],[16.6385,41.6555],[16.6344,41.6615],[16.6327,41.6677],[16.6347,41.6802],[16.6382,41.6906],[16.643,41.701],[16.649,41.7091],[16.6522,41.7198],[16.6518,41.724],[16.649,41.7341],[16.6427,41.7481],[16.6309,41.7635],[16.6221,41.7802],[16.6155,41.7885],[16.6034,41.801],[16.5781,41.8203],[16.574,41.8246],[16.5615,41.8397],[16.549,41.851],[16.5365,41.8635],[16.5189,41.8781],[16.5096,41.8885],[16.4906,41.9037],[16.4635,41.927],[16.4573,41.9333],[16.4392,41.949],[16.426,41.9587],[16.4125,41.9719],[16.3885,41.988],[16.3742,41.9969],[16.3677,42.0027],[16.3594,42.0073],[16.3495,42.0115],[16.3385,42.017],[16.3281,42.0211],[16.3115,42.0305],[16.2948,42.0371],[16.2844,42.0399],[16.276,42.0408],[16.251,42.0474],[16.2365,42.0494],[16.226,42.0502],[16.2198,42.0496],[16.201,42.0517],[16.1723,42.0531],[16.1631,42.0552],[16.151,42.0603],[16.1302,42.0665],[16.1198,42.069],[16.099,42.0723],[16.0823,42.0778],[16.0571,42.0844],[16.0448,42.0883],[16.0277,42.0927],[16.0031,42.0982],[15.9635,42.1024],[15.9385,42.1069],[15.9198,42.1122],[15.9093,42.1135],[15.8927,42.1175],[15.874,42.1245],[15.8573,42.1297],[15.8385,42.1351],[15.8073,42.1408],[15.7719,42.1494],[15.7542,42.1531],[15.7441,42.1573],[15.7323,42.1642],[15.7252,42.1677],[15.7135,42.1747],[15.6927,42.1823],[15.6781,42.1849],[15.6656,42.1845],[15.6469,42.1831],[15.626,42.1824],[15.5927,42.1735],[15.5781,42.1706],[15.5656,42.1658],[15.553,42.1594],[15.5373,42.1531],[15.526,42.1501],[15.5176,42.1469],[15.5031,42.1444],[15.4886,42.1406],[15.474,42.139],[15.4677,42.1391],[15.4531,42.1434],[15.4469,42.1444],[15.4219,42.1461],[15.399,42.1495],[15.3906,42.1501],[15.374,42.1485],[15.3552,42.1484],[15.3385,42.1488],[15.326,42.1497],[15.3052,42.1522],[15.2948,42.154],[15.2844,42.1569],[15.2719,42.1626],[15.2535,42.1698],[15.2406,42.1735],[15.2219,42.1799],[15.201,42.188],[15.1906,42.1951],[15.1719,42.2045],[15.1533,42.2115],[15.1198,42.2299],[15.1113,42.2365],[15.099,42.2418],[15.0844,42.249],[15.0677,42.2562],[15.0536,42.2615],[15.0408,42.2656],[15.0302,42.2698],[15.0156,42.2746],[15.001,42.2808],[14.9823,42.2904],[14.9656,42.2994],[14.9554,42.3031],[14.9427,42.3064],[14.9219,42.3124],[14.9052,42.3176],[14.901,42.3196],[14.8906,42.3267],[14.8823,42.3307],[14.8743,42.3365],[14.851,42.3499],[14.8358,42.3573],[14.826,42.3604],[14.7979,42.3719],[14.776,42.3829],[14.7656,42.3874],[14.7552,42.3938],[14.7406,42.4012],[14.7281,42.4054],[14.7198,42.4091],[14.7073,42.4135],[14.6698,42.4305],[14.6531,42.44],[14.6448,42.4456],[14.626,42.4573],[14.6096,42.4656],[14.5927,42.4757],[14.5742,42.4885],[14.5656,42.4961],[14.549,42.5087],[14.524,42.5253],[14.5031,42.5426],[14.4917,42.5573],[14.4823,42.5657],[14.4761,42.576],[14.4594,42.5998],[14.4475,42.6135],[14.4437,42.6198],[14.4344,42.6316],[14.426,42.6434],[14.4177,42.6521],[14.4058,42.6698],[14.401,42.6784],[14.3957,42.6906],[14.3888,42.7094],[14.3853,42.7302],[14.383,42.7365],[14.3734,42.7552],[14.3698,42.7677],[14.3691,42.7781],[14.3672,42.7927],[14.3635,42.8135],[14.3573,42.8384],[14.3546,42.8615],[14.3549,42.901],[14.3531,42.9119],[14.351,42.918],[14.3462,42.9281],[14.3433,42.9365],[14.3413,42.9448],[14.3383,42.9656],[14.3375,42.976],[14.3378,43.0073],[14.3361,43.0135],[14.3295,43.024],[14.324,43.0356],[14.3198,43.0427],[14.3176,43.049],[14.3187,43.0573],[14.3238,43.0615],[14.3406,43.0675],[14.3531,43.0698],[14.3615,43.0693],[14.3677,43.0672],[14.3802,43.0665],[14.4177,43.0706],[14.4323,43.0725],[14.4594,43.0804],[14.4805,43.0906],[14.4865,43.0961],[14.4906,43.0982],[14.5052,43.1011],[14.5094,43.1033],[14.5135,43.1076],[14.5186,43.1156],[14.5245,43.1281],[14.5302,43.1342],[14.5344,43.136],[14.5448,43.1375],[14.549,43.1403],[14.5552,43.1501],[14.5628,43.1573],[14.5671,43.1635],[14.5821,43.1781],[14.5827,43.1865],[14.581,43.1906],[14.5719,43.2001],[14.5615,43.2046],[14.5573,43.2083],[14.5536,43.2177],[14.5594,43.2298],[14.5635,43.2346],[14.5677,43.2368],[14.576,43.238],[14.5906,43.2349],[14.6031,43.2355],[14.6073,43.2368],[14.6086,43.2427],[14.6066,43.251],[14.6087,43.2594],[14.6177,43.2662],[14.6302,43.2695],[14.6428,43.274],[14.6443,43.2781],[14.6397,43.2844],[14.6397,43.2885],[14.6549,43.2969],[14.6656,43.3074],[14.6676,43.3115],[14.6679,43.3177],[14.6698,43.3221],[14.6781,43.3186],[14.6847,43.3135],[14.6906,43.311],[14.699,43.3103],[14.7073,43.313],[14.7135,43.3165],[14.7198,43.3254],[14.7281,43.3227],[14.7344,43.3222],[14.7456,43.326],[14.7494,43.3281],[14.7573,43.335],[14.7636,43.3385],[14.7668,43.3427],[14.7687,43.351],[14.7656,43.3568],[14.7502,43.3635],[14.7527,43.374],[14.7474,43.3906],[14.7479,43.3948],[14.7571,43.4115],[14.7596,43.4198],[14.7623,43.424],[14.7698,43.4285],[14.7781,43.4296],[14.7885,43.4282],[14.799,43.4285],[14.8219,43.4303],[14.8302,43.4383],[14.8323,43.4425],[14.8357,43.4573],[14.8426,43.4698],[14.8421,43.4802],[14.846,43.4865],[14.8556,43.4948],[14.8656,43.5011],[14.8757,43.5052],[14.8902,43.5073],[14.901,43.5074],[14.9115,43.5059],[14.9219,43.5083],[14.9385,43.514],[14.951,43.5203],[14.9552,43.5266],[14.9575,43.5385],[14.9548,43.5448],[14.946,43.551],[14.9438,43.5573],[14.949,43.5607],[14.9531,43.5595],[14.9615,43.552],[14.9656,43.5501],[14.9728,43.551],[14.9764,43.5552],[14.9844,43.559],[14.9927,43.561],[14.9967,43.5635],[15.0045,43.5719],[15.0104,43.5865],[15.0117,43.5948],[15.0139,43.599],[15.0219,43.6073],[15.0338,43.6219],[15.0422,43.6365],[15.0435,43.6406],[15.0439,43.6677],[15.0452,43.6719],[15.0531,43.6798],[15.0635,43.6849],[15.0719,43.686],[15.0781,43.6906]]]}},{"type":"Feature","properties":{"depth":-100},"geometry":{"type":"MultiLineString","coordinates":[[[15.4641,43.6906],[15.4635,43.688],[15.4582,43.6823],[15.458,43.6719],[15.4615,43.6667],[15.4677,43.6641],[15.476,43.6662],[15.4823,43.6701],[15.4885,43.6689],[15.4948,43.6581],[15.499,43.6557],[15.5052,43.6548],[15.5156,43.6485],[15.5281,43.644],[15.5385,43.641],[15.5448,43.6367],[15.5531,43.6337],[15.5552,43.6319],[15.5596,43.624],[15.5677,43.6157],[15.574,43.6135],[15.5823,43.6138],[15.5885,43.6182],[15.5927,43.6179],[15.601,43.612],[15.6135,43.6073],[15.6385,43.6052],[15.649,43.6051],[15.6573,43.6029],[15.6615,43.6029],[15.6719,43.6057],[15.6844,43.6063],[15.6948,43.6078],[15.7115,43.6038],[15.7198,43.6041],[15.7302,43.6066],[15.7406,43.6109],[15.7469,43.6094],[15.7573,43.6022],[15.7615,43.6029],[15.7677,43.6067],[15.774,43.6075],[15.7802,43.6061],[15.7843,43.6094],[15.7888,43.6219],[15.7927,43.6235],[15.7969,43.6215],[15.7982,43.6177],[15.8003,43.5969],[15.7993,43.5927],[15.795,43.5865],[15.7973,43.576],[15.8004,43.5719],[15.8094,43.5675],[15.8198,43.564],[15.824,43.5616],[15.8344,43.5519],[15.8404,43.5427],[15.8446,43.5385],[15.849,43.5368],[15.8656,43.5346],[15.8698,43.5326],[15.8754,43.526],[15.8906,43.5138],[15.901,43.5089],[15.9094,43.4971],[15.9135,43.4923],[15.9177,43.4894],[15.926,43.4875],[15.9344,43.4892],[15.9432,43.4865],[15.9529,43.4802],[15.9568,43.474],[15.949,43.4705],[15.9456,43.4677],[15.945,43.4635],[15.951,43.4545],[15.9594,43.4508],[15.9656,43.4515],[15.974,43.4543],[15.9781,43.4543],[15.9885,43.4496],[15.9948,43.4491],[16.0031,43.452],[16.0115,43.452],[16.0198,43.4493],[16.026,43.4451],[16.0413,43.4385],[16.0435,43.4365],[16.0499,43.426],[16.0503,43.4198],[16.0531,43.4141],[16.0573,43.4124],[16.0698,43.414],[16.0844,43.4147],[16.0939,43.4135],[16.1104,43.4073],[16.1165,43.401],[16.1206,43.3948],[16.1253,43.3906],[16.1406,43.383],[16.1469,43.3812],[16.1528,43.3781],[16.1594,43.3724],[16.1677,43.3695],[16.179,43.3615],[16.1848,43.3469],[16.1832,43.3344],[16.1842,43.326],[16.1868,43.3177],[16.1948,43.3053],[16.2017,43.2969],[16.2035,43.2885],[16.2015,43.274],[16.198,43.2656],[16.1973,43.2531],[16.1869,43.2365],[16.1776,43.2177],[16.1705,43.2115],[16.1671,43.2052],[16.1609,43.1969],[16.1531,43.1908],[16.1465,43.1823],[16.1453,43.176],[16.1427,43.17],[16.1365,43.1638],[16.1281,43.1628],[16.1114,43.1656],[16.099,43.1711],[16.0906,43.1712],[16.0823,43.1662],[16.0786,43.1594],[16.0766,43.1469],[16.0775,43.1385],[16.0844,43.1291],[16.0973,43.1219],[16.0997,43.1177],[16.1005,43.1115],[16.106,43.1031],[16.1029,43.099],[16.0969,43.0973],[16.0865,43.0996],[16.0823,43.099],[16.0739,43.0906],[16.066,43.0844],[16.0615,43.0821],[16.0531,43.0808],[16.0323,43.0807],[16.024,43.0794],[16.0135,43.0788],[16.0073,43.0756],[16.0019,43.0698],[15.9997,43.0656],[15.9986,43.0594],[16.0002,43.0531],[16.0041,43.0469],[16.0048,43.0427],[16.001,43.0389],[15.9948,43.0395],[15.9781,43.0396],[15.9719,43.0379],[15.9688,43.0302],[15.968,43.0115],[15.9685,43.0073],[15.9727,42.9969],[15.9736,42.9865],[15.9775,42.974],[15.9779,42.9698],[15.976,42.965],[15.9698,42.9592],[15.9656,42.9599],[15.9556,42.9656],[15.9516,42.9698],[15.9469,42.9789],[15.9427,42.9839],[15.9344,42.9901],[15.9302,42.992],[15.9115,42.9984],[15.9025,43.0052],[15.8984,43.0156],[15.8995,43.0198],[15.9079,43.0344],[15.91,43.0406],[15.9094,43.0497],[15.9052,43.0519],[15.8927,43.0527],[15.8823,43.0526],[15.8552,43.0414],[15.849,43.0402],[15.8281,43.0427],[15.8198,43.0427],[15.8115,43.0414],[15.7969,43.0342],[15.7927,43.0348],[15.7878,43.0427],[15.7824,43.049],[15.774,43.0543],[15.7656,43.0568],[15.7448,43.0592],[15.7365,43.0583],[15.7258,43.0469],[15.7156,43.039],[15.7031,43.0352],[15.699,43.0331],[15.6937,43.0281],[15.6905,43.0198],[15.6916,43.0115],[15.6938,43.0073],[15.699,43.0028],[15.7031,43.0012],[15.7115,43.0001],[15.7177,43.0008],[15.7365,42.9983],[15.7531,42.9977],[15.7599,42.9969],[15.7638,42.9948],[15.7733,42.9844],[15.7823,42.977],[15.7906,42.9733],[15.799,42.9721],[15.8073,42.9726],[15.8156,42.9754],[15.824,42.9806],[15.8281,42.9817],[15.8448,42.9828],[15.8531,42.9807],[15.8568,42.9781],[15.8662,42.9615],[15.8693,42.951],[15.8763,42.9385],[15.8902,42.924],[15.8987,42.9177],[15.9052,42.914],[15.9193,42.9094],[15.9344,42.9059],[15.9427,42.9049],[15.9531,42.9059],[15.9635,42.9094],[15.9767,42.9177],[15.9865,42.9268],[15.9906,42.9281],[16.0115,42.9298],[16.026,42.9329],[16.0344,42.9353],[16.0385,42.935],[16.0448,42.9322],[16.0573,42.9307],[16.0609,42.926],[16.0588,42.9219],[16.051,42.9158],[16.0406,42.9058],[16.0344,42.8978],[16.0321,42.8927],[16.0302,42.8844],[16.0314,42.876],[16.0339,42.8719],[16.0385,42.8675],[16.0469,42.8638],[16.0531,42.8627],[16.0615,42.8635],[16.0681,42.8656],[16.0763,42.8698],[16.0814,42.874],[16.0857,42.8802],[16.0895,42.9031],[16.0898,42.9156],[16.0972,42.9219],[16.1052,42.9265],[16.115,42.9344],[16.1174,42.9385],[16.1164,42.9427],[16.1099,42.9469],[16.1031,42.9483],[16.0934,42.9469],[16.0802,42.9435],[16.076,42.9433],[16.0697,42.9469],[16.0688,42.951],[16.0758,42.9677],[16.0755,42.9781],[16.078,42.9823],[16.0834,42.9844],[16.0932,42.9865],[16.1115,42.9895],[16.1281,42.9954],[16.1531,42.9965],[16.1698,42.9936],[16.176,42.9936],[16.1865,42.9969],[16.1969,42.9983],[16.2198,42.9945],[16.2302,42.9945],[16.2365,42.9959],[16.2469,43.0009],[16.2594,43.0047],[16.2678,43.0094],[16.2828,43.026],[16.2906,43.0357],[16.2948,43.0382],[16.2996,43.0344],[16.3006,43.0281],[16.3012,43.0135],[16.3058,43.001],[16.3115,42.9934],[16.3198,42.9896],[16.3302,42.9883],[16.3469,42.9918],[16.3698,42.9979],[16.3823,43.0026],[16.3903,43.001],[16.399,42.9955],[16.4177,42.9861],[16.426,42.9798],[16.4323,42.9771],[16.4448,42.9745],[16.451,42.9749],[16.4615,42.9779],[16.4749,42.9844],[16.4802,42.9877],[16.4844,42.9886],[16.5052,42.9832],[16.5135,42.9766],[16.5219,42.9717],[16.5281,42.9691],[16.5531,42.9617],[16.5677,42.9545],[16.574,42.9489],[16.5821,42.9448],[16.5906,42.9388],[16.599,42.936],[16.6073,42.9363],[16.6105,42.9323],[16.6124,42.9198],[16.6177,42.9115],[16.626,42.9064],[16.6412,42.901],[16.649,42.8959],[16.6594,42.8922],[16.6677,42.891],[16.6729,42.8885],[16.681,42.8823],[16.6865,42.8768],[16.6952,42.8698],[16.6962,42.8677],[16.6935,42.8635],[16.6885,42.8596],[16.6781,42.8545],[16.6698,42.8516],[16.6616,42.8469],[16.6576,42.8427],[16.6547,42.8365],[16.6469,42.8282],[16.6406,42.825],[16.6323,42.8237],[16.6302,42.8191],[16.6292,42.8115],[16.6298,42.8073],[16.6335,42.8031],[16.6422,42.7969],[16.6476,42.7844],[16.6552,42.7748],[16.6574,42.7698],[16.6577,42.7615],[16.6601,42.751],[16.6628,42.7448],[16.6656,42.7413],[16.6698,42.7399],[16.6823,42.7401],[16.6927,42.7321],[16.7031,42.7293],[16.7115,42.7294],[16.7198,42.7308],[16.7448,42.7338],[16.7531,42.7323],[16.7677,42.7419],[16.7719,42.7408],[16.7795,42.7302],[16.7909,42.724],[16.7932,42.7198],[16.785,42.7094],[16.7841,42.7052],[16.7856,42.6969],[16.7906,42.6914],[16.799,42.6892],[16.8031,42.6899],[16.8114,42.6969],[16.8133,42.701],[16.8143,42.7115],[16.8219,42.7127],[16.8344,42.706],[16.8427,42.7042],[16.85,42.7049]]]}},{"type":"Feature","properties":{"depth":-100},"geometry":{"type":"MultiLineString","coordinates":[[[16.2615,42.3613],[16.274,42.3609],[16.2844,42.3644],[16.2948,42.372],[16.299,42.3742],[16.3052,42.3744],[16.3094,42.3726],[16.3198,42.365],[16.3281,42.3607],[16.3365,42.3597],[16.3427,42.3605],[16.3573,42.3657],[16.376,42.3702],[16.385,42.376],[16.3869,42.3802],[16.3867,42.3844],[16.3812,42.3927],[16.3703,42.401],[16.3615,42.4056],[16.3531,42.4079],[16.3448,42.409],[16.3219,42.4098],[16.2948,42.4137],[16.274,42.4162],[16.2635,42.4168],[16.2552,42.4162],[16.2427,42.4128],[16.2365,42.4098],[16.2312,42.4052],[16.2273,42.3969],[16.2267,42.3885],[16.2286,42.3802],[16.2365,42.3712],[16.2448,42.3659],[16.2615,42.3613]]]}},{"type":"Feature","properties":{"depth":-100},"geometry":{"type":"MultiLineString","coordinates":[[[16.524,42.7218],[16.5281,42.7216],[16.5344,42.724],[16.5385,42.7279],[16.5427,42.7299],[16.5531,42.7317],[16.557,42.7344],[16.5606,42.7406],[16.5603,42.749],[16.5536,42.7594],[16.5501,42.7719],[16.5478,42.776],[16.5427,42.7817],[16.5344,42.7873],[16.5135,42.7922],[16.5031,42.7923],[16.4948,42.787],[16.4862,42.7781],[16.4781,42.7716],[16.4686,42.7656],[16.4619,42.7594],[16.4588,42.7552],[16.4575,42.749],[16.474,42.7364],[16.4802,42.7334],[16.4885,42.7325],[16.5031,42.7347],[16.5094,42.7336],[16.5156,42.7261],[16.524,42.7218]]]}},{"type":"Feature","properties":{"depth":-100},"geometry":{"type":"MultiLineString","coordinates":[[[15.4885,43.0677],[15.4948,43.067],[15.5031,43.0692],[15.5081,43.074],[15.5095,43.0781],[15.5088,43.0823],[15.5058,43.0865],[15.4969,43.09],[15.4865,43.0884],[15.4844,43.0891],[15.4808,43.0948],[15.4766,43.1052],[15.4698,43.1102],[15.4552,43.1138],[15.453,43.1156],[15.4503,43.126],[15.4469,43.1297],[15.4427,43.1313],[15.4344,43.1305],[15.4299,43.1281],[15.4266,43.124],[15.4255,43.1198],[15.4261,43.1094],[15.4259,43.099],[15.4305,43.0927],[15.4385,43.0879],[15.451,43.0773],[15.4594,43.0733],[15.4781,43.0714],[15.4885,43.0677]]]}},{"type":"Feature","properties":{"depth":-50},"geometry":{"type":"MultiLineString","coordinates":[[[16.4139,41.4781],[16.4073,41.4949],[16.4052,41.5031],[16.4026,41.526],[16.4019,41.5385],[16.402,41.5677],[16.4011,41.5802],[16.3959,41.6177],[16.3939,41.6406],[16.3931,41.6573],[16.3891,41.6927],[16.3877,41.7094],[16.3855,41.7302],[16.3818,41.7448],[16.376,41.7599],[16.374,41.7681],[16.3704,41.7885],[16.3672,41.801],[16.3632,41.8115],[16.3531,41.831],[16.3406,41.8506],[16.3303,41.8719],[16.324,41.8865],[16.3198,41.8925],[16.3039,41.9073],[16.2927,41.9197],[16.2815,41.9302],[16.2677,41.9483],[16.2552,41.9586],[16.2452,41.9698],[16.2427,41.9758],[16.2323,41.9886],[16.2282,41.9927],[16.2156,42.0017],[16.2073,42.0062],[16.201,42.0064],[16.1906,42.0015],[16.1895,42.0073],[16.1844,42.0141],[16.1781,42.0159],[16.174,42.0154],[16.1635,42.0102],[16.1573,42.0099],[16.1281,42.0112],[16.0719,42.0155],[16.0594,42.0157],[16.0448,42.017],[16.0073,42.0194],[15.9948,42.0198],[15.9698,42.0222],[15.9573,42.0226],[15.9365,42.0223],[15.8802,42.0274],[15.849,42.0278],[15.8302,42.0295],[15.801,42.0296],[15.7719,42.0303],[15.7448,42.0297],[15.7219,42.0309],[15.6969,42.031],[15.676,42.0305],[15.6635,42.0318],[15.6531,42.0316],[15.6365,42.0296],[15.624,42.0275],[15.599,42.0244],[15.5906,42.0228],[15.5406,42.0176],[15.526,42.0175],[15.5115,42.0166],[15.499,42.0151],[15.474,42.0129],[15.4615,42.0125],[15.4323,42.0132],[15.4094,42.0121],[15.3885,42.012],[15.3635,42.0133],[15.349,42.0129],[15.3385,42.014],[15.2823,42.0177],[15.2615,42.0206],[15.2445,42.024],[15.2281,42.0282],[15.2135,42.0335],[15.2006,42.0365],[15.1802,42.0428],[15.1656,42.046],[15.1469,42.0518],[15.1115,42.0679],[15.0906,42.0756],[15.0823,42.0782],[15.0635,42.0861],[15.024,42.1046],[15.0094,42.1125],[14.999,42.1172],[14.9885,42.124],[14.9635,42.1368],[14.951,42.1441],[14.9427,42.148],[14.9344,42.1534],[14.9217,42.1594],[14.901,42.17],[14.8927,42.1756],[14.8802,42.1824],[14.8676,42.1906],[14.8365,42.2096],[14.8219,42.2166],[14.8115,42.2227],[14.7948,42.2304],[14.774,42.2442],[14.751,42.2551],[14.7385,42.2602],[14.7135,42.2729],[14.7031,42.2772],[14.6844,42.2864],[14.676,42.2921],[14.6573,42.3034],[14.649,42.307],[14.6212,42.324],[14.6094,42.3305],[14.5969,42.3395],[14.5906,42.343],[14.5781,42.354],[14.5635,42.3596],[14.549,42.3677],[14.5406,42.3744],[14.5344,42.3779],[14.5219,42.389],[14.5094,42.3968],[14.4927,42.4049],[14.4865,42.4094],[14.476,42.4185],[14.4469,42.4373],[14.4152,42.4594],[14.3948,42.4743],[14.3587,42.5031],[14.3281,42.53],[14.3172,42.5406],[14.295,42.5635],[14.2762,42.5844],[14.2643,42.599],[14.251,42.617],[14.2427,42.6257],[14.2365,42.6369],[14.2177,42.6647],[14.2115,42.6725],[14.2031,42.6886],[14.194,42.7031],[14.1865,42.7182],[14.1823,42.725],[14.1698,42.7482],[14.1656,42.7548],[14.1568,42.774],[14.151,42.7839],[14.1449,42.799],[14.1398,42.8135],[14.124,42.847],[14.1154,42.8615],[14.1014,42.8927],[14.0928,42.9219],[14.0905,42.9281],[14.0876,42.949],[14.0866,42.9635],[14.0831,42.9885],[14.0781,43.0096],[14.074,43.0331],[14.0706,43.0448],[14.0661,43.0656],[14.0645,43.0802],[14.0615,43.097],[14.0585,43.1073],[14.0566,43.1219],[14.0555,43.1344],[14.0533,43.1469],[14.0477,43.1656],[14.0465,43.174],[14.0459,43.1969],[14.0449,43.2094],[14.0427,43.2171],[14.0368,43.2281],[14.0344,43.2354],[14.0294,43.2635],[14.022,43.2823],[14.0192,43.2969],[14.0131,43.324],[14.0031,43.348],[13.9969,43.3598],[13.9948,43.3655],[13.9914,43.3802],[13.9873,43.3927],[13.9795,43.4135],[13.9719,43.4263],[13.9677,43.4378],[13.9637,43.4531],[13.951,43.4783],[13.9387,43.499],[13.927,43.5135],[13.9232,43.5198],[13.9115,43.5325],[13.9072,43.5385],[13.9012,43.5448],[13.8971,43.551],[13.8802,43.5725],[13.8732,43.5802],[13.8615,43.5906],[13.853,43.5969],[13.8448,43.6044],[13.824,43.6207],[13.8135,43.6302],[13.8009,43.6406],[13.7844,43.6507],[13.776,43.6547],[13.7635,43.6621],[13.7526,43.6698],[13.7448,43.6735],[13.7385,43.6781],[13.7281,43.6839],[13.7198,43.6906]]]}},{"type":"Feature","properties":{"depth":-50},"geometry":{"type":"MultiLineString","coordinates":[[[15.5105,42.1376],[15.5073,42.1369],[15.501,42.1324],[15.4948,42.1295],[15.4823,42.1266],[15.4758,42.1219],[15.4748,42.1198],[15.4729,42.101],[15.476,42.0971],[15.4802,42.0982],[15.4842,42.1031]]]}},{"type":"Feature","properties":{"depth":-50},"geometry":{"type":"MultiLineString","coordinates":[[[16.0122,43.4726],[16.0177,43.4712],[16.0281,43.4667],[16.0344,43.4679],[16.0406,43.4677],[16.0469,43.4637],[16.0531,43.4616],[16.0573,43.4619],[16.0624,43.4656],[16.069,43.476],[16.0719,43.4768],[16.0802,43.4741],[16.0885,43.4696],[16.099,43.4686],[16.1073,43.4665],[16.1135,43.468],[16.1219,43.468],[16.1281,43.4712],[16.1365,43.4714],[16.1427,43.4738],[16.149,43.4683],[16.1514,43.4677],[16.1573,43.4715],[16.1615,43.4687],[16.1677,43.468],[16.1694,43.4635],[16.1656,43.4622],[16.151,43.4654],[16.1448,43.4632],[16.1385,43.4641],[16.1323,43.4631],[16.1281,43.4593],[16.1198,43.4572],[16.1073,43.4602],[16.101,43.4594],[16.0948,43.4565],[16.0865,43.46],[16.0823,43.4605],[16.0677,43.4593],[16.0615,43.4577],[16.0552,43.4588],[16.0476,43.4552],[16.0459,43.4531],[16.0502,43.4448],[16.0573,43.4413],[16.0677,43.4419],[16.0781,43.4333],[16.0885,43.4295],[16.101,43.441],[16.1073,43.4436],[16.1091,43.4427],[16.1063,43.4365],[16.1061,43.4302],[16.1138,43.424],[16.1156,43.4177],[16.124,43.4113],[16.1302,43.4103],[16.1348,43.4073],[16.1385,43.4027],[16.1427,43.4002],[16.1532,43.401],[16.1533,43.4115],[16.1552,43.4156],[16.1567,43.426],[16.159,43.4281],[16.1698,43.4287],[16.1844,43.4308],[16.1906,43.429],[16.1941,43.4302],[16.195,43.4344],[16.1896,43.4406],[16.1862,43.4469],[16.1781,43.4573],[16.1731,43.4615],[16.1741,43.4635],[16.1823,43.4663],[16.1885,43.4654],[16.1948,43.463],[16.1993,43.4635],[16.2073,43.4739],[16.2177,43.4733],[16.226,43.4704],[16.2365,43.4709],[16.2469,43.4731],[16.2594,43.4785],[16.2781,43.4805],[16.2948,43.4802],[16.301,43.4786],[16.3198,43.477],[16.326,43.4777],[16.3365,43.4764],[16.3531,43.4751],[16.3656,43.477],[16.3719,43.4788],[16.3844,43.4801],[16.3906,43.48],[16.3948,43.482],[16.401,43.4904],[16.4031,43.4904],[16.4094,43.4855],[16.4177,43.4806],[16.4279,43.476],[16.4296,43.4677],[16.4281,43.465],[16.4219,43.46],[16.4156,43.4533],[16.4084,43.449],[16.4053,43.4406],[16.4135,43.4336],[16.4198,43.4313],[16.4281,43.4329],[16.4323,43.4323],[16.4486,43.426],[16.4484,43.4198],[16.4573,43.4165],[16.4635,43.4168],[16.4671,43.4135],[16.4648,43.4094],[16.4541,43.4052],[16.4344,43.4021],[16.4281,43.3973],[16.4224,43.3948],[16.4205,43.3885],[16.4255,43.3656],[16.4259,43.3615],[16.4207,43.3469],[16.4177,43.3448],[16.4094,43.3438],[16.4031,43.3389],[16.401,43.3393],[16.3926,43.349],[16.3948,43.354],[16.401,43.3525],[16.4052,43.3533],[16.41,43.3594],[16.4073,43.3636],[16.4031,43.3635],[16.3948,43.3574],[16.3906,43.3582],[16.3875,43.3615],[16.3862,43.3719],[16.3802,43.3783],[16.376,43.3799],[16.3698,43.3781],[16.3609,43.3823],[16.3429,43.3969],[16.3469,43.4002],[16.3489,43.4052],[16.3478,43.4094],[16.3448,43.4117],[16.3406,43.4117],[16.334,43.4031],[16.324,43.4022],[16.3212,43.4031],[16.3198,43.4074],[16.3156,43.4088],[16.3094,43.4066],[16.3031,43.4059],[16.2865,43.4129],[16.2802,43.4162],[16.2615,43.4199],[16.2469,43.4215],[16.2385,43.4193],[16.2198,43.4195],[16.2115,43.4201],[16.199,43.4146],[16.1906,43.409],[16.1865,43.4085],[16.176,43.4115],[16.167,43.4094],[16.1652,43.4052],[16.1691,43.3948],[16.176,43.383],[16.1885,43.3748],[16.1948,43.3728],[16.201,43.3725],[16.2073,43.3708],[16.226,43.3695],[16.2573,43.3623],[16.2781,43.3558],[16.2844,43.3533],[16.2948,43.3479],[16.3044,43.3406],[16.3135,43.3353],[16.3198,43.3329],[16.3385,43.328],[16.349,43.3233],[16.3677,43.316],[16.3719,43.3155],[16.3802,43.317],[16.3927,43.3227],[16.3969,43.3238],[16.4031,43.3215],[16.4094,43.3143],[16.4177,43.2995],[16.4219,43.297],[16.4323,43.2927],[16.4427,43.2898],[16.451,43.2861],[16.4615,43.285],[16.4781,43.2775],[16.4844,43.2721],[16.4927,43.2665],[16.5198,43.258],[16.5281,43.2562],[16.5448,43.2552],[16.5531,43.2541],[16.574,43.2537],[16.5823,43.252],[16.5927,43.2484],[16.6073,43.2486],[16.6156,43.2473],[16.624,43.2439],[16.6281,43.2433],[16.649,43.2455],[16.6656,43.2459],[16.676,43.2454],[16.6885,43.2431],[16.701,43.2445],[16.7115,43.2479],[16.7281,43.2493],[16.7552,43.2493],[16.7802,43.2487],[16.7885,43.2494],[16.8031,43.2519],[16.8135,43.2531],[16.826,43.2524],[16.8427,43.2542],[16.85,43.2546]],[[16.85,43.3451],[16.8448,43.3475],[16.8344,43.3479],[16.8285,43.349],[16.8177,43.3533],[16.8115,43.3569],[16.8052,43.357],[16.7969,43.3599],[16.7865,43.3624],[16.7677,43.363],[16.7603,43.3656],[16.7577,43.374],[16.7531,43.3764],[16.7448,43.3759],[16.7381,43.3698],[16.7323,43.3677],[16.7156,43.371],[16.7052,43.3724],[16.6969,43.3749],[16.6885,43.3753],[16.6768,43.3781],[16.6698,43.3812],[16.6552,43.386],[16.6219,43.3914],[16.5969,43.3947],[16.5844,43.3937],[16.5698,43.3963],[16.5615,43.4019],[16.5458,43.4031],[16.5406,43.4087],[16.5365,43.4086],[16.5332,43.4052],[16.524,43.4072],[16.5156,43.4033],[16.5115,43.4035],[16.499,43.4104],[16.4855,43.4135],[16.4776,43.4198],[16.4871,43.4302],[16.4918,43.4344],[16.499,43.4379],[16.5073,43.4451],[16.5135,43.4447],[16.526,43.4396],[16.5344,43.4392],[16.551,43.4451],[16.5594,43.4465],[16.5719,43.4449],[16.5802,43.4414],[16.5885,43.4397],[16.6094,43.4384],[16.6177,43.4389],[16.6271,43.4344],[16.6257,43.4323],[16.6188,43.4302],[16.62,43.426],[16.626,43.4216],[16.6323,43.4205],[16.6406,43.4276],[16.6469,43.4278],[16.6531,43.4239],[16.6656,43.4203],[16.6698,43.4202],[16.6743,43.424],[16.6745,43.4281],[16.6844,43.4297],[16.6907,43.4281],[16.6948,43.4216],[16.701,43.4208],[16.7094,43.4117],[16.7198,43.4095],[16.724,43.4075],[16.7302,43.4074],[16.7348,43.4052],[16.7361,43.401],[16.7427,43.3999],[16.751,43.4021],[16.7573,43.401],[16.7698,43.4009],[16.776,43.3964],[16.7844,43.3962],[16.7906,43.3989],[16.7969,43.399],[16.8135,43.3903],[16.8177,43.3889],[16.8208,43.3906],[16.8209,43.3948],[16.824,43.3965],[16.8278,43.3948],[16.8289,43.3906],[16.8323,43.3892],[16.8469,43.3878],[16.85,43.3892]],[[16.85,43.1721],[16.8469,43.172],[16.8406,43.1748],[16.8344,43.1754],[16.8073,43.1742],[16.7948,43.1745],[16.7865,43.1754],[16.7677,43.1758],[16.7594,43.1777],[16.7448,43.179],[16.7365,43.1763],[16.7302,43.1757],[16.724,43.1775],[16.7206,43.1802],[16.7162,43.1927],[16.7128,43.199],[16.7073,43.2034],[16.701,43.2058],[16.6927,43.2063],[16.6846,43.2115],[16.6791,43.2198],[16.674,43.2244],[16.6552,43.2306],[16.6448,43.2295],[16.6323,43.2297],[16.626,43.2321],[16.6177,43.2313],[16.599,43.2334],[16.5906,43.238],[16.576,43.2433],[16.5677,43.2454],[16.5552,43.2457],[16.5427,43.2422],[16.5365,43.2416],[16.526,43.2419],[16.5177,43.2401],[16.5091,43.2344],[16.5052,43.2256],[16.5031,43.2231],[16.4906,43.2217],[16.4802,43.2232],[16.4677,43.2236],[16.449,43.22],[16.4198,43.2116],[16.4052,43.2101],[16.3823,43.2122],[16.3698,43.2109],[16.3635,43.2086],[16.3563,43.2031],[16.3507,43.1927],[16.349,43.1916],[16.3323,43.1883],[16.3281,43.1883],[16.3177,43.1905],[16.3115,43.19],[16.3031,43.1857],[16.2989,43.1823],[16.2951,43.174],[16.2974,43.1656],[16.3017,43.1594],[16.3094,43.1553],[16.3198,43.154],[16.3405,43.149],[16.3448,43.1466],[16.3552,43.1377],[16.3677,43.1348],[16.3781,43.1314],[16.3865,43.1315],[16.399,43.1364],[16.4073,43.1375],[16.4176,43.1365],[16.4238,43.1344],[16.4283,43.1281],[16.4323,43.1255],[16.4385,43.1255],[16.4423,43.1281],[16.4471,43.1385],[16.451,43.1422],[16.4552,43.1435],[16.4719,43.1441],[16.4885,43.1455],[16.499,43.1411],[16.5094,43.1358],[16.5198,43.1331],[16.5406,43.1253],[16.549,43.1251],[16.5594,43.1265],[16.5698,43.125],[16.5823,43.1203],[16.5927,43.1203],[16.5969,43.1193],[16.6156,43.1123],[16.6323,43.1098],[16.6427,43.1065],[16.6552,43.1061],[16.6582,43.1052],[16.6578,43.101],[16.6469,43.0941],[16.6447,43.0906],[16.6455,43.0823],[16.6493,43.076],[16.6531,43.073],[16.6615,43.0695],[16.6781,43.0682],[16.6885,43.0692],[16.699,43.0686],[16.7156,43.0658],[16.7281,43.0671],[16.7406,43.0674],[16.749,43.0699],[16.7571,43.076],[16.7599,43.0844],[16.7586,43.0906],[16.7523,43.1031],[16.7527,43.1094],[16.7573,43.1112],[16.776,43.1126],[16.7929,43.1094],[16.8073,43.1078],[16.8198,43.1048],[16.849,43.1018],[16.85,43.1017]],[[16.85,42.9737],[16.8396,42.9781],[16.8323,42.9825],[16.824,42.9851],[16.8115,42.9866],[16.8031,42.9863],[16.7927,42.9869],[16.776,42.9894],[16.7698,42.992],[16.7573,42.9935],[16.7469,42.9962],[16.7385,43.0018],[16.7281,43.0058],[16.7135,43.0052],[16.7073,43.0061],[16.699,43.0088],[16.6823,43.0097],[16.6635,43.0072],[16.6367,43.0094],[16.6281,43.012],[16.6198,43.012],[16.6115,43.0094],[16.6052,43.006],[16.5948,42.9982],[16.5902,42.9906],[16.5891,42.9865],[16.5908,42.9823],[16.601,42.9725],[16.6052,42.971],[16.6219,42.9695],[16.626,42.9684],[16.6323,42.9642],[16.6443,42.9594],[16.646,42.9573],[16.6449,42.9531],[16.6344,42.9477],[16.629,42.9406],[16.6263,42.9323],[16.6268,42.924],[16.6314,42.9177],[16.6365,42.914],[16.6552,42.9052],[16.6618,42.9031],[16.674,42.9006],[16.6844,42.8931],[16.6969,42.8856],[16.701,42.8845],[16.7094,42.8867],[16.7139,42.8906],[16.7177,42.896],[16.7219,42.8963],[16.7323,42.8941],[16.7406,42.8939],[16.7635,42.8873],[16.774,42.8867],[16.7823,42.8821],[16.7927,42.8788],[16.799,42.8786],[16.8198,42.8802],[16.8365,42.885],[16.8406,42.8844],[16.85,42.8806]]]}},{"type":"Feature","properties":{"depth":-50},"geometry":{"type":"MultiLineString","coordinates":[[[15.7453,43.6276],[15.7401,43.6365],[15.7431,43.6469],[15.7426,43.6531],[15.7552,43.663],[15.7615,43.6602],[15.7677,43.6603],[15.7726,43.6635],[15.7717,43.6677],[15.7654,43.674],[15.7665,43.676],[15.776,43.6774],[15.7822,43.674],[15.784,43.6656],[15.7865,43.6613],[15.7906,43.6586],[15.7927,43.6603],[15.7938,43.6656],[15.7969,43.668],[15.801,43.6679],[15.8094,43.6603],[15.8198,43.6574],[15.8261,43.6531],[15.824,43.6484],[15.8177,43.652],[15.8135,43.6517],[15.8114,43.649],[15.8131,43.6448],[15.8183,43.6421]]]}},{"type":"Feature","properties":{"depth":-50},"geometry":{"type":"MultiLineString","coordinates":[[[15.8215,43.6424],[15.8344,43.645],[15.8427,43.6427],[15.8461,43.6448],[15.8467,43.651],[15.8448,43.6543],[15.8406,43.6567],[15.8344,43.658],[15.8285,43.6635],[15.8263,43.6677],[15.8266,43.674],[15.8224,43.6802],[15.8236,43.6865],[15.8302,43.6838],[15.8365,43.6785],[15.8502,43.6698],[15.8594,43.6612],[15.8719,43.6566],[15.8781,43.6502],[15.8844,43.6476],[15.8951,43.6448],[15.8993,43.6406],[15.8937,43.6344],[15.8929,43.6302],[15.8969,43.6248],[15.9052,43.6247],[15.9085,43.6219],[15.9086,43.6177],[15.9031,43.6101],[15.8972,43.6052],[15.893,43.5948],[15.8865,43.5895],[15.8719,43.5907],[15.8635,43.5896],[15.8585,43.5865],[15.8561,43.5823],[15.853,43.5677],[15.8475,43.5615],[15.8461,43.5573],[15.8467,43.5531],[15.8503,43.5469],[15.8552,43.5446],[15.8594,43.5447],[15.876,43.5475],[15.878,43.551],[15.8885,43.5543],[15.8906,43.5503],[15.8781,43.5461],[15.8764,43.5448],[15.8778,43.5385],[15.8812,43.5323],[15.8927,43.5237],[15.9031,43.5224],[15.9052,43.5209],[15.9135,43.5066],[15.9198,43.5002],[15.924,43.4994],[15.9302,43.5036],[15.9427,43.4985],[15.9573,43.4905],[15.9635,43.4841],[15.9677,43.4821],[15.9865,43.4797],[15.9948,43.4739],[15.999,43.4728],[16.0106,43.4727]]]}},{"type":"Feature","properties":{"depth":-50},"geometry":{"type":"MultiLineString","coordinates":[[[15.4711,43.6906],[15.474,43.6859],[15.4844,43.68],[15.4901,43.6823],[15.4882,43.6865],[15.4841,43.6906]]]}},{"type":"Feature","properties":{"depth":-50},"geometry":{"type":"MultiLineString","coordinates":[[[15.4996,43.6906],[15.51,43.6844],[15.5098,43.6781],[15.5115,43.6742],[15.5167,43.6677],[15.5183,43.6615],[15.5208,43.6573],[15.526,43.6543],[15.5323,43.6533],[15.5385,43.654],[15.5448,43.6526],[15.5531,43.6469],[15.5573,43.6466],[15.5677,43.65],[15.5802,43.6534],[15.5865,43.6532],[15.599,43.6564],[15.6031,43.6563],[15.6135,43.6534],[15.6281,43.647],[15.6383,43.6365],[15.6448,43.632],[15.6637,43.624],[15.6701,43.6177],[15.6802,43.615],[15.6948,43.6177],[15.699,43.6176],[15.7115,43.6123],[15.7198,43.6126],[15.7365,43.619],[15.7441,43.624]]]}},{"type":"Feature","properties":{"depth":-50},"geometry":{"type":"MultiLineString","coordinates":[[[15.5447,43.6906],[15.551,43.6831],[15.5561,43.6802],[15.5568,43.6781],[15.549,43.6745],[15.5406,43.6678],[15.526,43.671],[15.524,43.6729],[15.5208,43.6802],[15.5215,43.6882]]]}},{"type":"Feature","properties":{"depth":-50},"geometry":{"type":"MultiLineString","coordinates":[[[15.6559,43.6906],[15.6615,43.687],[15.6646,43.6823],[15.6654,43.674],[15.6615,43.6709],[15.6573,43.6705],[15.651,43.672],[15.6448,43.6764],[15.6406,43.6769],[15.6302,43.6748],[15.624,43.6763],[15.6177,43.6808],[15.6094,43.6828],[15.6052,43.6855],[15.601,43.6847],[15.5948,43.6803],[15.5885,43.6846],[15.5843,43.6844],[15.5823,43.6823],[15.5852,43.676],[15.5841,43.6698],[15.5781,43.6599],[15.574,43.6609],[15.5671,43.674],[15.562,43.6802],[15.5622,43.6865],[15.56,43.6906]]]}},{"type":"Feature","properties":{"depth":-50},"geometry":{"type":"MultiLineString","coordinates":[[[15.8091,43.6906],[15.8064,43.6865],[15.8065,43.6823],[15.8104,43.676],[15.8052,43.6757],[15.803,43.6802],[15.799,43.6839],[15.7885,43.6906]]]}},{"type":"Feature","properties":{"depth":-50},"geometry":{"type":"MultiLineString","coordinates":[[[16.2635,42.376],[16.2719,42.3747],[16.2802,42.3767],[16.2844,42.3798],[16.2899,42.3865],[16.2912,42.3906],[16.2903,42.3948],[16.2865,42.3984],[16.2802,42.4014],[16.2698,42.4042],[16.2573,42.4054],[16.2448,42.4037],[16.2401,42.401],[16.2368,42.3948],[16.2385,42.3865],[16.2427,42.3826],[16.251,42.3792],[16.2635,42.376]]]}},{"type":"Feature","properties":{"depth":-50},"geometry":{"type":"MultiLineString","coordinates":[[[16.8406,42.7134],[16.849,42.7141],[16.85,42.7145]],[[16.85,42.7887],[16.849,42.7885],[16.8448,42.7886],[16.8302,42.7922],[16.8177,42.7884],[16.8052,42.7863],[16.7969,42.7893],[16.7802,42.7921],[16.7719,42.7914],[16.7677,42.7892],[16.7598,42.7823],[16.7532,42.774],[16.751,42.7734],[16.7448,42.7756],[16.7365,42.776],[16.7219,42.7745],[16.7135,42.7718],[16.701,42.7635],[16.6948,42.7624],[16.6865,42.7708],[16.6781,42.7716],[16.6719,42.768],[16.6692,42.7635],[16.6692,42.7552],[16.6719,42.7508],[16.6802,42.7488],[16.6927,42.7519],[16.6961,42.7427],[16.699,42.7404],[16.7115,42.7382],[16.7281,42.74],[16.7385,42.7432],[16.751,42.7446],[16.7545,42.7469],[16.7594,42.7573],[16.7635,42.7617],[16.7677,42.7621],[16.7719,42.759],[16.7759,42.7531],[16.7819,42.7469],[16.7874,42.7385],[16.7906,42.736],[16.801,42.7307],[16.8073,42.7263],[16.8135,42.7238],[16.8281,42.7202],[16.8406,42.7134]]]}},{"type":"Feature","properties":{"depth":-50},"geometry":{"type":"MultiLineString","coordinates":[[[16.524,42.7312],[16.5302,42.7321],[16.5365,42.7358],[16.549,42.7406],[16.5512,42.7448],[16.5464,42.7573],[16.5436,42.7677],[16.5385,42.7745],[16.5323,42.779],[16.5198,42.7822],[16.5073,42.7831],[16.5009,42.7802],[16.4856,42.7656],[16.4776,42.7552],[16.4784,42.7469],[16.4814,42.7427],[16.4885,42.7401],[16.499,42.7407],[16.5115,42.7431],[16.5156,42.7417],[16.5204,42.7344],[16.524,42.7312]]]}},{"type":"Feature","properties":{"depth":-50},"geometry":{"type":"MultiLineString","coordinates":[[[15.9927,42.9423],[15.999,42.9415],[16.0094,42.9449],[16.0219,42.9478],[16.0296,42.9531],[16.0337,42.9594],[16.038,42.9698],[16.0391,42.9781],[16.0382,42.9823],[16.0326,42.9927],[16.026,42.9991],[16.0135,43.0048],[16.0052,43.0062],[15.9969,43.0034],[15.9927,42.999],[15.9902,42.9927],[15.9878,42.9802],[15.9893,42.9677],[15.9865,42.9594],[15.9857,42.951],[15.9887,42.9448],[15.9927,42.9423]]]}},{"type":"Feature","properties":{"depth":-50},"geometry":{"type":"MultiLineString","coordinates":[[[16.0677,42.9926],[16.0781,42.9942],[16.101,42.9957],[16.1135,42.9976],[16.126,43.002],[16.1406,43.0028],[16.151,43.0041],[16.1719,43.0037],[16.1865,43.0068],[16.199,43.0072],[16.2281,43.004],[16.2344,43.0056],[16.2406,43.0091],[16.2531,43.0141],[16.2579,43.0177],[16.2654,43.026],[16.2763,43.0406],[16.2798,43.049],[16.2796,43.0552],[16.2781,43.0594],[16.2713,43.0719],[16.2658,43.0802],[16.2615,43.0844],[16.2469,43.0907],[16.2427,43.0948],[16.2395,43.101],[16.2414,43.1094],[16.2414,43.1135],[16.2385,43.1184],[16.2344,43.1206],[16.2302,43.1202],[16.2262,43.1177],[16.2237,43.1135],[16.2239,43.1031],[16.2222,43.0969],[16.2135,43.0919],[16.2073,43.0922],[16.201,43.0961],[16.1948,43.0971],[16.1823,43.0935],[16.1656,43.0917],[16.1469,43.0913],[16.126,43.089],[16.1177,43.0885],[16.0885,43.0837],[16.0802,43.0813],[16.0635,43.0726],[16.0427,43.0651],[16.0365,43.065],[16.024,43.0698],[16.0177,43.0696],[16.0128,43.0656],[16.0134,43.0615],[16.0223,43.0552],[16.0267,43.051],[16.0323,43.0423],[16.0365,43.0399],[16.0427,43.0391],[16.0469,43.037],[16.0517,43.0323],[16.0594,43.0296],[16.0677,43.0307],[16.076,43.0332],[16.0802,43.0323],[16.0801,43.0281],[16.0774,43.026],[16.0677,43.0228],[16.0596,43.0177],[16.0573,43.0135],[16.0564,43.0073],[16.0594,42.9969],[16.0635,42.9933],[16.0677,42.9926]]]}},{"type":"Feature","properties":{"depth":-50},"geometry":{"type":"MultiLineString","coordinates":[[[16.8448,43.0031],[16.85,43.0041]],[[16.85,43.0208],[16.8484,43.026],[16.8436,43.0344],[16.8365,43.0402],[16.826,43.0457],[16.8177,43.0486],[16.8135,43.049],[16.8052,43.047],[16.7982,43.0406],[16.7965,43.0323],[16.7982,43.024],[16.8029,43.0156],[16.8115,43.0103],[16.8177,43.008],[16.8448,43.0031]]]}},{"type":"Feature","properties":{"depth":-50},"geometry":{"type":"MultiLineString","coordinates":[[[15.7344,43.0072],[15.7448,43.0061],[15.7594,43.0082],[15.7677,43.0102],[15.7719,43.0125],[15.7766,43.0177],[15.7799,43.0281],[15.7802,43.0323],[15.776,43.0399],[15.7719,43.043],[15.7635,43.0458],[15.7573,43.0463],[15.749,43.045],[15.7344,43.0397],[15.724,43.0339],[15.7177,43.0275],[15.7073,43.0279],[15.7022,43.024],[15.7006,43.0198],[15.7031,43.0121],[15.7073,43.0095],[15.7115,43.0093],[15.7198,43.0125],[15.726,43.0093],[15.7344,43.0072]]]}},{"type":"Feature","properties":{"depth":-50},"geometry":{"type":"MultiLineString","coordinates":[[[16.5802,43.0676],[16.5865,43.0682],[16.5969,43.0719],[16.6029,43.076],[16.605,43.0802],[16.6046,43.0885],[16.6023,43.0927],[16.5948,43.0969],[16.5781,43.1016],[16.5677,43.1022],[16.5594,43.1011],[16.5552,43.0984],[16.5527,43.0948],[16.5522,43.0885],[16.5573,43.0803],[16.5624,43.076],[16.5719,43.07],[16.5802,43.0676]]]}},{"type":"Feature","properties":{"depth":-20},"geometry":{"type":"MultiLineString","coordinates":[[[16.1819,41.4781],[16.1864,41.4865],[16.1948,41.4972],[16.2005,41.5115],[16.2053,41.5302],[16.2107,41.549],[16.2144,41.5573],[16.2198,41.5655],[16.2286,41.576],[16.2427,41.5966],[16.249,41.6118],[16.2528,41.624],[16.2596,41.6385],[16.267,41.6635],[16.274,41.6814],[16.2761,41.6906],[16.2769,41.7135],[16.2762,41.7406],[16.2742,41.7635],[16.2728,41.776],[16.2687,41.801],[16.2652,41.8156],[16.2594,41.8328],[16.249,41.8616],[16.2448,41.8721],[16.2385,41.8851],[16.226,41.8991],[16.2115,41.9166],[16.2073,41.9201],[16.201,41.9232],[16.1927,41.9241],[16.1833,41.9281],[16.1712,41.9344],[16.1635,41.9393],[16.1573,41.9413],[16.1531,41.9444],[16.1427,41.9484],[16.1323,41.9516],[16.126,41.9525],[16.1198,41.9552],[16.0969,41.9604],[16.0865,41.9621],[16.076,41.96],[16.0656,41.9602],[16.0576,41.9615],[16.051,41.9635],[16.0426,41.9677],[16.0302,41.975],[16.0219,41.9785],[15.9947,41.9865],[15.9698,41.9911],[15.9573,41.9923],[15.9365,41.9924],[15.9135,41.9932],[15.8844,41.9929],[15.8448,41.9954],[15.824,41.996],[15.8094,41.9972],[15.7969,41.9976],[15.7865,41.9969],[15.7781,41.9973],[15.7573,41.9972],[15.7198,41.9947],[15.6927,41.9913],[15.6719,41.9897],[15.6531,41.9896],[15.6406,41.9885],[15.626,41.985],[15.6031,41.9804],[15.5927,41.9797],[15.5635,41.9759],[15.5385,41.9733],[15.5198,41.9703],[15.4876,41.9656],[15.4635,41.9636],[15.4385,41.9635],[15.4302,41.9627],[15.4198,41.9607],[15.4052,41.9589],[15.3827,41.9573],[15.3677,41.9566],[15.3469,41.9567],[15.301,41.9616],[15.2927,41.9622],[15.276,41.9615],[15.2594,41.9623],[15.2469,41.964],[15.2198,41.9699],[15.2052,41.9714],[15.1719,41.9797],[15.1448,41.9848],[15.1344,41.9877],[15.1156,41.9913],[15.1048,41.9948],[15.096,42.001],[15.0719,42.0117],[15.0448,42.0211],[15.0344,42.0256],[15.0171,42.0344],[14.999,42.0414],[14.9635,42.0575],[14.951,42.0656],[14.9427,42.0689],[14.9302,42.0758],[14.9198,42.0801],[14.9096,42.0865],[14.899,42.092],[14.8885,42.0986],[14.8823,42.1013],[14.8698,42.1099],[14.8594,42.115],[14.849,42.122],[14.8406,42.126],[14.824,42.135],[14.8131,42.1427],[14.7885,42.1587],[14.774,42.1671],[14.7594,42.174],[14.7469,42.182],[14.7378,42.1865],[14.7302,42.1914],[14.7201,42.1969],[14.7115,42.2029],[14.6906,42.215],[14.6802,42.2192],[14.6719,42.2245],[14.6611,42.2302],[14.6524,42.2365],[14.6448,42.2405],[14.6323,42.2501],[14.6219,42.2569],[14.6115,42.2656],[14.6073,42.2682],[14.5948,42.2783],[14.5865,42.2837],[14.5719,42.2948],[14.549,42.308],[14.5323,42.3182],[14.5177,42.3299],[14.5101,42.3344],[14.4927,42.3464],[14.4802,42.3564],[14.4719,42.3607],[14.4385,42.3795],[14.424,42.39],[14.4177,42.3933],[14.4052,42.4036],[14.3921,42.4135],[14.3823,42.4188],[14.3698,42.4283],[14.3615,42.4333],[14.3448,42.4452],[14.3344,42.4538],[14.324,42.4612],[14.3135,42.4721],[14.2969,42.4854],[14.2885,42.4906],[14.2819,42.4969],[14.276,42.5048],[14.2647,42.5156],[14.2595,42.5219],[14.2528,42.5281],[14.2403,42.5427],[14.2338,42.549],[14.2255,42.5594],[14.2168,42.5677],[14.2052,42.5803],[14.1927,42.5949],[14.1885,42.599],[14.1772,42.6135],[14.1721,42.6219],[14.161,42.6385],[14.1519,42.6531],[14.1471,42.6594],[14.1406,42.672],[14.1331,42.6844],[14.1281,42.6958],[14.1194,42.7115],[14.1115,42.728],[14.102,42.7406],[14.0885,42.7626],[14.0823,42.7739],[14.0727,42.7865],[14.0656,42.7995],[14.0561,42.8156],[14.049,42.8314],[14.0444,42.8385],[14.0365,42.8558],[14.0282,42.8719],[14.0173,42.9052],[14.0132,42.924],[14.0115,42.9403],[14.0087,42.9552],[14.0064,42.9719],[14.0043,42.9802],[13.9921,43.0198],[13.9883,43.0385],[13.9865,43.0526],[13.9843,43.0635],[13.9797,43.0719],[13.9775,43.0802],[13.974,43.1005],[13.9624,43.1344],[13.9594,43.1452],[13.9439,43.1781],[13.9394,43.1885],[13.9347,43.2052],[13.9306,43.2177],[13.9272,43.226],[13.9175,43.2573],[13.9148,43.2635],[13.905,43.2906],[13.9011,43.299],[13.8948,43.3179],[13.8885,43.3298],[13.8852,43.3385],[13.8802,43.355],[13.8739,43.3677],[13.8677,43.3832],[13.8615,43.3955],[13.8567,43.4073],[13.8531,43.4139],[13.8468,43.4219],[13.8388,43.4385],[13.8344,43.4449],[13.826,43.4597],[13.8219,43.4648],[13.8135,43.4772],[13.8076,43.4844],[13.7997,43.499],[13.7844,43.5155],[13.774,43.5254],[13.7629,43.5385],[13.7571,43.549],[13.7531,43.553],[13.7427,43.5594],[13.7336,43.5698],[13.724,43.5778],[13.7135,43.5838],[13.701,43.5943],[13.6948,43.6009],[13.6865,43.6066],[13.681,43.6115],[13.6656,43.6193],[13.6552,43.6234],[13.6344,43.6359],[13.6177,43.6426],[13.6073,43.6452],[13.5905,43.6531],[13.5844,43.6568],[13.574,43.6614],[13.5573,43.6717],[13.5323,43.6851],[13.5245,43.6906]]]}},{"type":"Feature","properties":{"depth":-20},"geometry":{"type":"MultiLineString","coordinates":[[[15.7242,43.0216],[15.7266,43.0156],[15.7385,43.0117],[15.7448,43.0114],[15.7594,43.0147],[15.7677,43.018],[15.7714,43.0219],[15.7741,43.0302],[15.7719,43.0351],[15.7656,43.0386],[15.7615,43.0395],[15.7534,43.0385],[15.7427,43.0343],[15.734,43.0323],[15.7281,43.0294],[15.7248,43.026],[15.7242,43.0221]]]}},{"type":"Feature","properties":{"depth":-20},"geometry":{"type":"MultiLineString","coordinates":[[[16.85,42.9613],[16.849,42.9613],[16.8406,42.9653],[16.8281,42.9696],[16.8156,42.9714],[16.8095,42.974],[16.801,42.9743],[16.7948,42.9761],[16.7885,42.9758],[16.776,42.9774],[16.7677,42.9827],[16.7635,42.9828],[16.7573,42.9811],[16.749,42.9838],[16.7406,42.9841],[16.7365,42.9901],[16.7281,42.9948],[16.7198,42.9953],[16.7031,42.995],[16.6969,42.9978],[16.6865,42.9988],[16.6698,42.9973],[16.6594,42.9954],[16.6531,42.9972],[16.6469,42.9959],[16.6323,42.9972],[16.626,42.9997],[16.6219,42.999],[16.6135,42.9923],[16.6042,42.9865],[16.6041,42.9823],[16.6073,42.9796],[16.6177,42.978],[16.624,42.9787],[16.6344,42.9748],[16.6411,42.9698],[16.65,42.9656],[16.6573,42.9644],[16.6635,42.9672],[16.6677,42.9663],[16.6703,42.9635],[16.67,42.9594],[16.6656,42.9567],[16.6594,42.9551],[16.6469,42.944],[16.6385,42.9404],[16.6352,42.9344],[16.6344,42.9281],[16.6391,42.9198],[16.6531,42.9132],[16.6638,42.9094],[16.676,42.9075],[16.6823,42.9041],[16.6906,42.8967],[16.701,42.8924],[16.7052,42.8931],[16.7078,42.8969],[16.7069,42.9031],[16.7035,42.9094],[16.7094,42.9104],[16.7177,42.9083],[16.7259,42.9031],[16.7323,42.901],[16.7427,42.9025],[16.749,42.899],[16.7552,42.8978],[16.7635,42.8941],[16.7719,42.8954],[16.7781,42.8953],[16.7846,42.8906],[16.7927,42.8866],[16.799,42.8859],[16.8177,42.8876],[16.8214,42.8885],[16.8385,42.8965],[16.8427,42.896],[16.8485,42.8906],[16.85,42.8901]]]}},{"type":"Feature","properties":{"depth":-20},"geometry":{"type":"MultiLineString","coordinates":[[[16.7487,43.1654],[16.7365,43.1616],[16.7219,43.1629],[16.7112,43.1677],[16.708,43.1719],[16.7068,43.1781],[16.7032,43.1844],[16.7029,43.1906],[16.699,43.1944],[16.6885,43.1947],[16.6844,43.1958],[16.6755,43.201],[16.6728,43.2052],[16.6726,43.2115],[16.6705,43.2156],[16.6615,43.2182],[16.6531,43.2226],[16.6469,43.2205],[16.6365,43.2207],[16.6302,43.2182],[16.6156,43.2188],[16.6115,43.2234],[16.6052,43.2242],[16.5969,43.2208],[16.5844,43.2226],[16.5823,43.2249],[16.5776,43.2344],[16.5698,43.2376],[16.5552,43.2371],[16.5385,43.2322],[16.5302,43.2338],[16.524,43.2339],[16.5198,43.2324],[16.5149,43.2281],[16.5139,43.224],[16.5156,43.2201],[16.5218,43.2135],[16.5223,43.2115],[16.5156,43.2099],[16.5052,43.2112],[16.499,43.2136],[16.4885,43.211],[16.4802,43.214],[16.4698,43.2147],[16.4573,43.2115],[16.449,43.2079],[16.4406,43.2057],[16.4094,43.1992],[16.401,43.1988],[16.3948,43.2009],[16.3885,43.2016],[16.3823,43.2037],[16.3676,43.201],[16.3642,43.1969],[16.3638,43.1927],[16.3663,43.1885],[16.3745,43.1844],[16.3927,43.1808],[16.4041,43.176],[16.4071,43.1719],[16.3969,43.1688],[16.3865,43.1689],[16.376,43.1706],[16.3656,43.1738],[16.3573,43.1787],[16.3531,43.1801],[16.3427,43.1808],[16.3344,43.1779],[16.3281,43.1773],[16.3156,43.181],[16.3115,43.1796],[16.3053,43.1719],[16.3055,43.1677],[16.3082,43.1635],[16.3156,43.162],[16.3219,43.164],[16.3323,43.1594],[16.3385,43.1585],[16.349,43.1529],[16.3594,43.1439],[16.3698,43.143],[16.3802,43.1388],[16.3884,43.1406],[16.3927,43.1444],[16.4052,43.1476],[16.4198,43.144],[16.424,43.1439],[16.4344,43.147],[16.4385,43.1503],[16.4448,43.1531],[16.4615,43.1541],[16.476,43.152],[16.4885,43.1549],[16.4927,43.1544],[16.5073,43.145],[16.5177,43.142],[16.5406,43.1331],[16.549,43.1325],[16.5594,43.1342],[16.5677,43.1336],[16.5823,43.1292],[16.5865,43.1287],[16.5948,43.1302],[16.6031,43.1265],[16.6115,43.1264],[16.6177,43.1228],[16.6281,43.1204],[16.6406,43.1225],[16.6448,43.1203],[16.649,43.1159],[16.6552,43.1151],[16.6615,43.116],[16.6677,43.1136],[16.6823,43.1174],[16.6927,43.1183],[16.6969,43.1174],[16.7115,43.1176],[16.724,43.1206],[16.7406,43.1206],[16.751,43.1215],[16.7552,43.1227],[16.7635,43.1204],[16.774,43.1247],[16.7782,43.1219],[16.7844,43.1199],[16.7906,43.1198],[16.7969,43.1181],[16.8094,43.1179],[16.8198,43.115],[16.849,43.1113],[16.85,43.1115]],[[16.85,43.1616],[16.8385,43.1637],[16.8281,43.1643],[16.8177,43.1634],[16.8115,43.1613],[16.8073,43.1617],[16.799,43.1651],[16.7927,43.1634],[16.7865,43.1652],[16.7802,43.1641],[16.7656,43.1643],[16.7552,43.1664],[16.7491,43.1655]]]}},{"type":"Feature","properties":{"depth":-20},"geometry":{"type":"MultiLineString","coordinates":[[[16.4143,43.3156],[16.4198,43.3069],[16.424,43.304],[16.4385,43.2992],[16.4448,43.2995],[16.4531,43.2948],[16.4594,43.2954],[16.4656,43.293],[16.474,43.2881],[16.4844,43.2841],[16.4876,43.2802],[16.4969,43.2732],[16.501,43.2712],[16.5156,43.2681],[16.5281,43.2638],[16.5344,43.2628],[16.549,43.262],[16.5573,43.2609],[16.5677,43.2608],[16.5823,43.2586],[16.5927,43.2552],[16.6031,43.2575],[16.6177,43.2538],[16.626,43.2555],[16.6365,43.2519],[16.6448,43.2544],[16.6552,43.2544],[16.6635,43.2561],[16.6718,43.2531],[16.6865,43.2513],[16.6969,43.2517],[16.7024,43.2531],[16.7094,43.2567],[16.7219,43.2557],[16.7406,43.2565],[16.7844,43.2558],[16.8094,43.2599],[16.8281,43.2601],[16.85,43.2627]]]}},{"type":"Feature","properties":{"depth":-20},"geometry":{"type":"MultiLineString","coordinates":[[[16.3864,43.3447],[16.3823,43.3512],[16.3677,43.3618],[16.3635,43.3692]]]}},{"type":"Feature","properties":{"depth":-20},"geometry":{"type":"MultiLineString","coordinates":[[[16.3561,43.374],[16.349,43.379],[16.3434,43.3844],[16.3344,43.3904]]]}},{"type":"Feature","properties":{"depth":-20},"geometry":{"type":"MultiLineString","coordinates":[[[16.6349,43.3781],[16.6302,43.3795],[16.6198,43.3798],[16.6076,43.382]]]}},{"type":"Feature","properties":{"depth":-20},"geometry":{"type":"MultiLineString","coordinates":[[[16.4312,43.3813],[16.4313,43.374],[16.4344,43.3674],[16.4388,43.3656],[16.4412,43.3615],[16.4375,43.3531],[16.4323,43.3472],[16.4288,43.3406],[16.4262,43.3385],[16.4198,43.3371],[16.4135,43.3376],[16.4091,43.3341]]]}},{"type":"Feature","properties":{"depth":-20},"geometry":{"type":"MultiLineString","coordinates":[[[16.5979,43.3823],[16.5885,43.3832],[16.5677,43.3873],[16.5573,43.3924],[16.5427,43.3889],[16.526,43.3899],[16.5135,43.3886],[16.4844,43.3892],[16.4698,43.3914],[16.4573,43.3911],[16.451,43.3928],[16.4447,43.3927]]]}},{"type":"Feature","properties":{"depth":-20},"geometry":{"type":"MultiLineString","coordinates":[[[16.1725,43.3983],[16.174,43.3954],[16.1802,43.3888],[16.1885,43.3847],[16.1927,43.3812],[16.1969,43.3799],[16.2031,43.3808],[16.2115,43.3769],[16.226,43.3762],[16.2406,43.3728],[16.2469,43.3721],[16.2729,43.3635],[16.2823,43.361],[16.2927,43.3567],[16.301,43.3522],[16.3108,43.3448],[16.3156,43.3421],[16.3406,43.335],[16.3531,43.3293],[16.3635,43.3257],[16.3719,43.3216],[16.3816,43.3219],[16.3931,43.3278]]]}},{"type":"Feature","properties":{"depth":-20},"geometry":{"type":"MultiLineString","coordinates":[[[16.2,43.4083],[16.1906,43.4019],[16.1865,43.4014],[16.1809,43.4045]]]}},{"type":"Feature","properties":{"depth":-20},"geometry":{"type":"MultiLineString","coordinates":[[[16.6764,43.4368],[16.6823,43.4358],[16.6906,43.4362],[16.6948,43.4354],[16.7073,43.4262]]]}},{"type":"Feature","properties":{"depth":-20},"geometry":{"type":"MultiLineString","coordinates":[[[16.5881,43.4631],[16.5943,43.4573],[16.6031,43.4554],[16.6094,43.4526],[16.6177,43.452],[16.624,43.4493],[16.6303,43.4427],[16.6389,43.4382]]]}},{"type":"Feature","properties":{"depth":-20},"geometry":{"type":"MultiLineString","coordinates":[[[16.3627,43.4927],[16.3573,43.4942],[16.351,43.4977],[16.3427,43.5039],[16.3328,43.5073],[16.3414,43.5156],[16.3429,43.526],[16.3369,43.5302],[16.3368,43.5323],[16.3427,43.5367],[16.3531,43.5403],[16.3615,43.5407],[16.374,43.538],[16.3844,43.5412],[16.3948,43.5413],[16.4135,43.5403],[16.426,43.5387],[16.4308,43.5365],[16.4281,43.5344],[16.4219,43.5359],[16.4094,43.5339],[16.4077,43.5302],[16.4093,43.526],[16.4085,43.5219],[16.4031,43.5174],[16.3948,43.5141],[16.3917,43.5104]]]}},{"type":"Feature","properties":{"depth":-20},"geometry":{"type":"MultiLineString","coordinates":[[[16.4644,43.499],[16.474,43.4971],[16.4792,43.4948],[16.4816,43.4906],[16.476,43.4839],[16.4719,43.4741],[16.4731,43.4719],[16.4774,43.474],[16.4849,43.4885],[16.4885,43.49],[16.501,43.4914],[16.5156,43.4942],[16.5281,43.4912],[16.5324,43.4885],[16.539,43.4823],[16.554,43.474],[16.5635,43.4698],[16.5697,43.4656],[16.5781,43.4625],[16.5829,43.4629]]]}},{"type":"Feature","properties":{"depth":-20},"geometry":{"type":"MultiLineString","coordinates":[[[16.2116,43.5095],[16.2219,43.5137],[16.226,43.5127],[16.2344,43.5085],[16.2469,43.507],[16.2502,43.5052],[16.2514,43.501],[16.2494,43.499],[16.2427,43.4973],[16.2316,43.4976]]]}},{"type":"Feature","properties":{"depth":-20},"geometry":{"type":"MultiLineString","coordinates":[[[15.9169,43.6185],[15.9166,43.6115],[15.9132,43.601],[15.9073,43.5946],[15.9051,43.5906],[15.9061,43.5865],[15.9103,43.5823],[15.9115,43.5752],[15.9073,43.5737],[15.901,43.5794],[15.8906,43.5755],[15.8867,43.5698],[15.8927,43.5637],[15.8966,43.5573],[15.9031,43.5549],[15.9094,43.5593],[15.9135,43.5607],[15.92,43.5573],[15.9217,43.5531],[15.9212,43.5448],[15.9229,43.5406],[15.9344,43.5346],[15.9427,43.5362],[15.946,43.5281],[15.9448,43.5248],[15.9365,43.5221],[15.9351,43.5177],[15.9366,43.5115],[15.9406,43.5061],[15.9469,43.5044],[15.9552,43.4988],[15.9631,43.4948],[15.9661,43.4906],[15.9698,43.4882],[15.976,43.488],[15.9823,43.4863],[15.9885,43.4886],[15.9948,43.4857],[16.001,43.4797],[16.004,43.4802],[16.0094,43.487],[16.0135,43.4873]]]}},{"type":"Feature","properties":{"depth":-20},"geometry":{"type":"MultiLineString","coordinates":[[[15.738,43.6296],[15.7302,43.6369],[15.7219,43.6418],[15.7177,43.6481],[15.7135,43.6493],[15.7094,43.6479],[15.6969,43.6476],[15.6927,43.6483],[15.6899,43.651],[15.6885,43.6573],[15.6865,43.6588],[15.6802,43.6587],[15.6719,43.6654],[15.6677,43.667],[15.6623,43.6656]]]}},{"type":"Feature","properties":{"depth":-20},"geometry":{"type":"MultiLineString","coordinates":[[[15.7455,43.6711],[15.7448,43.6781],[15.7409,43.6865],[15.7447,43.6886]]]}},{"type":"Feature","properties":{"depth":-20},"geometry":{"type":"MultiLineString","coordinates":[[[15.6037,43.674],[15.599,43.67],[15.5906,43.6688],[15.59,43.6635],[15.5927,43.6616],[15.601,43.6629],[15.6177,43.6585],[15.6302,43.6546],[15.6344,43.6518],[15.6436,43.6406],[15.6554,43.6344],[15.6656,43.6314],[15.6731,43.6281],[15.6775,43.6219],[15.6823,43.6211],[15.699,43.6265],[15.7073,43.6232],[15.7135,43.6177],[15.7177,43.6184],[15.724,43.6232],[15.7281,43.6242],[15.7344,43.6232],[15.7379,43.6246]]]}},{"type":"Feature","properties":{"depth":-20},"geometry":{"type":"MultiLineString","coordinates":[[[15.6695,43.6844],[15.6719,43.6759],[15.676,43.6733],[15.6844,43.6713],[15.6885,43.667],[15.6948,43.6653],[15.7115,43.6668],[15.7177,43.6651],[15.726,43.6649],[15.7284,43.6635],[15.7308,43.6573],[15.7344,43.6545],[15.7388,43.6573]]]}},{"type":"Feature","properties":{"depth":-20},"geometry":{"type":"MultiLineString","coordinates":[[[15.8676,43.6845],[15.8698,43.6872],[15.874,43.6879],[15.8844,43.6812],[15.8892,43.676],[15.8896,43.6719],[15.8865,43.6692],[15.8799,43.6695]]]}},{"type":"Feature","properties":{"depth":-20},"geometry":{"type":"MultiLineString","coordinates":[[[16.3365,42.375],[16.3406,42.3742],[16.3442,42.376],[16.3456,42.3802],[16.3406,42.3839],[16.3356,42.3823],[16.3342,42.3781],[16.3365,42.375]]]}},{"type":"Feature","properties":{"depth":-20},"geometry":{"type":"MultiLineString","coordinates":[[[16.2677,42.3822],[16.276,42.3821],[16.2797,42.3844],[16.282,42.3885],[16.2807,42.3927],[16.2781,42.3943],[16.2635,42.3984],[16.2531,42.399],[16.2469,42.3982],[16.243,42.3948],[16.2435,42.3906],[16.251,42.3862],[16.2677,42.3822]]]}},{"type":"Feature","properties":{"depth":-20},"geometry":{"type":"MultiLineString","coordinates":[[[16.8406,42.7196],[16.8472,42.7198],[16.85,42.7216]],[[16.85,42.78],[16.8427,42.7805],[16.8344,42.7837],[16.8302,42.7839],[16.824,42.7806],[16.8073,42.7771],[16.8031,42.7777],[16.7948,42.7813],[16.7865,42.7821],[16.7781,42.7846],[16.774,42.7841],[16.7692,42.7781],[16.7693,42.774],[16.7776,42.7677],[16.7823,42.7561],[16.788,42.751],[16.7909,42.7448],[16.7947,42.7406],[16.8073,42.7348],[16.8135,42.7338],[16.8216,42.7281],[16.8344,42.7246],[16.8406,42.7196]]]}},{"type":"Feature","properties":{"depth":-20},"geometry":{"type":"MultiLineString","coordinates":[[[16.7094,42.7443],[16.7135,42.7438],[16.726,42.745],[16.7406,42.7508],[16.7469,42.7499],[16.751,42.7531],[16.749,42.759],[16.7385,42.7617],[16.7323,42.7672],[16.7219,42.7662],[16.7177,42.7639],[16.7096,42.7573],[16.7069,42.7531],[16.7059,42.7469],[16.7094,42.7443]]]}},{"type":"Feature","properties":{"depth":-20},"geometry":{"type":"MultiLineString","coordinates":[[[16.4865,42.7468],[16.4906,42.7451],[16.4969,42.7453],[16.5003,42.7469],[16.5052,42.7525],[16.5094,42.7538],[16.526,42.7477],[16.5323,42.7512],[16.5385,42.7523],[16.5406,42.7545],[16.5404,42.7615],[16.5365,42.7693],[16.5302,42.7739],[16.5177,42.7768],[16.5073,42.7769],[16.5031,42.7744],[16.4907,42.7615],[16.4854,42.751],[16.4865,42.7468]]]}},{"type":"Feature","properties":{"depth":-20},"geometry":{"type":"MultiLineString","coordinates":[[[16.6781,42.7541],[16.6844,42.7552],[16.6858,42.7594],[16.6823,42.7639],[16.6781,42.7637],[16.6748,42.7594],[16.6781,42.7541]]]}},{"type":"Feature","properties":{"depth":-20},"geometry":{"type":"MultiLineString","coordinates":[[[15.9969,42.9486],[16.001,42.9491],[16.0094,42.9532],[16.0198,42.954],[16.024,42.9565],[16.0285,42.9635],[16.0312,42.974],[16.0302,42.9823],[16.0256,42.9906],[16.0219,42.9933],[16.0073,42.9988],[16.0012,42.9969],[15.9948,42.9802],[15.9979,42.9656],[15.9944,42.9594],[15.9939,42.9531],[15.9969,42.9486]]]}},{"type":"Feature","properties":{"depth":-20},"geometry":{"type":"MultiLineString","coordinates":[[[15.801,42.9983],[15.8052,42.9984],[15.8087,43.001],[15.8103,43.0052],[15.8094,43.0086],[15.8052,43.01],[15.799,43.0093],[15.7969,43.0073],[15.7968,43.0031],[15.801,42.9983]]]}},{"type":"Feature","properties":{"depth":-20},"geometry":{"type":"MultiLineString","coordinates":[[[16.0677,43.0005],[16.0719,42.9997],[16.1052,43.0013],[16.1156,43.0031],[16.1281,43.0075],[16.1385,43.0075],[16.151,43.0092],[16.1635,43.0092],[16.176,43.0106],[16.1844,43.0131],[16.199,43.0129],[16.2177,43.0114],[16.2281,43.0097],[16.2331,43.0115],[16.2385,43.0157],[16.2469,43.0177],[16.2503,43.0198],[16.2545,43.026],[16.2588,43.0302],[16.2628,43.0365],[16.2677,43.0407],[16.272,43.0469],[16.2719,43.0547],[16.267,43.0594],[16.2659,43.0656],[16.2594,43.0762],[16.2552,43.0787],[16.2448,43.0821],[16.2385,43.0868],[16.2344,43.0868],[16.2302,43.0842],[16.224,43.0857],[16.2177,43.0818],[16.2073,43.08],[16.201,43.0806],[16.1987,43.0865],[16.1948,43.0883],[16.1844,43.0838],[16.1781,43.0855],[16.1677,43.0837],[16.1573,43.0851],[16.1385,43.0838],[16.124,43.08],[16.1156,43.0808],[16.099,43.0789],[16.0823,43.0751],[16.0698,43.0686],[16.0619,43.0656],[16.0448,43.0562],[16.0377,43.0531],[16.0385,43.0485],[16.0469,43.0482],[16.0529,43.0448],[16.0573,43.0379],[16.0635,43.0357],[16.076,43.0391],[16.0844,43.0401],[16.0889,43.0365],[16.0904,43.0323],[16.0896,43.026],[16.0865,43.0231],[16.0685,43.0156],[16.067,43.0135],[16.0656,43.0031],[16.0677,43.0005]]]}},{"type":"Feature","properties":{"depth":-20},"geometry":{"type":"MultiLineString","coordinates":[[[15.7094,43.0153],[15.7135,43.0171],[15.714,43.0198],[15.7094,43.0223],[15.7072,43.0177],[15.7094,43.0153]]]}},{"type":"Feature","properties":{"depth":-20},"geometry":{"type":"MultiLineString","coordinates":[[[16.8156,43.0212],[16.8198,43.0205],[16.8283,43.024],[16.8285,43.0281],[16.8177,43.0344],[16.8135,43.035],[16.8115,43.033],[16.8113,43.026],[16.8156,43.0212]]]}},{"type":"Feature","properties":{"depth":-20},"geometry":{"type":"MultiLineString","coordinates":[[[16.7094,43.0738],[16.7177,43.0742],[16.7281,43.079],[16.7406,43.0818],[16.745,43.0865],[16.7438,43.0969],[16.7427,43.0989],[16.724,43.0971],[16.7156,43.0992],[16.7031,43.0993],[16.6906,43.1003],[16.6719,43.0988],[16.6677,43.0969],[16.6594,43.0902],[16.6569,43.0865],[16.6575,43.0823],[16.6635,43.0781],[16.6802,43.0761],[16.6927,43.0762],[16.7094,43.0738]]]}},{"type":"Feature","properties":{"depth":-20},"geometry":{"type":"MultiLineString","coordinates":[[[16.5781,43.077],[16.5823,43.0765],[16.5886,43.0823],[16.5882,43.0865],[16.5802,43.0902],[16.576,43.0908],[16.5692,43.0885],[16.5713,43.0823],[16.5781,43.077]]]}},{"type":"Feature","properties":{"depth":-20},"geometry":{"type":"MultiLineString","coordinates":[[[15.4573,43.0883],[15.4615,43.0866],[15.4656,43.0885],[15.4658,43.0927],[15.4635,43.0955],[15.4594,43.0963],[15.455,43.0927],[15.4573,43.0883]]]}},{"type":"Feature","properties":{"depth":-20},"geometry":{"type":"MultiLineString","coordinates":[[[16.5552,43.1904],[16.549,43.1918],[16.5449,43.1948],[16.5431,43.199],[16.5439,43.2031],[16.5469,43.2056],[16.551,43.206],[16.5543,43.2031],[16.5573,43.1973],[16.562,43.1927],[16.56,43.1906],[16.5552,43.1904]]]}},{"type":"Feature","properties":{"depth":-20},"geometry":{"type":"MultiLineString","coordinates":[[[16.4885,43.4634],[16.4942,43.4656],[16.4976,43.4698],[16.4948,43.4718],[16.487,43.4677],[16.4885,43.4634]]]}},{"type":"Feature","properties":{"depth":-20},"geometry":{"type":"MultiLineString","coordinates":[[[15.8885,43.5343],[15.8969,43.5332],[15.8988,43.5344],[15.8951,43.5406],[15.8885,43.542],[15.8862,43.5406],[15.886,43.5365],[15.8885,43.5343]]]}},{"type":"Feature","properties":{"depth":-20},"geometry":{"type":"MultiLineString","coordinates":[[[15.8719,43.5799],[15.8677,43.5783],[15.8651,43.5719],[15.8642,43.5635],[15.8618,43.5573],[15.8635,43.5565],[15.8698,43.5569],[15.8802,43.5591],[15.8847,43.5635],[15.8858,43.5698],[15.8781,43.5781],[15.8719,43.5799]]]}},{"type":"Feature","properties":{"depth":-20},"geometry":{"type":"MultiLineString","coordinates":[[[15.6226,43.6219],[15.6156,43.6285],[15.6108,43.6344],[15.6031,43.6377],[15.5995,43.6344],[15.601,43.6297],[15.6054,43.624],[15.6115,43.6198],[15.6156,43.6188],[15.6226,43.6219]]]}},{"type":"Feature","properties":{"depth":-20},"geometry":{"type":"MultiLineString","coordinates":[[[15.574,43.6237],[15.5781,43.6235],[15.5781,43.6291],[15.574,43.6292],[15.574,43.6237]]]}},{"type":"Feature","properties":{"depth":-20},"geometry":{"type":"MultiLineString","coordinates":[[[15.5573,43.653],[15.5615,43.6536],[15.5644,43.6573],[15.5638,43.6615],[15.5594,43.6686],[15.5495,43.6635],[15.549,43.6615],[15.5573,43.653]]]}},{"type":"Feature","properties":{"depth":-10},"geometry":{"type":"MultiLineString","coordinates":[[[15.9624,41.4781],[15.9603,41.4844],[15.9603,41.4885],[15.9635,41.4913],[15.9698,41.4921],[15.9844,41.4918],[15.9865,41.4924],[15.9871,41.4969],[15.9852,41.5052],[15.9826,41.5094],[15.9778,41.5135],[15.9577,41.524],[15.9504,41.5302],[15.9494,41.5365],[15.9385,41.5405],[15.9352,41.5427],[15.9334,41.5469],[15.935,41.5573],[15.9342,41.5615],[15.9298,41.5677],[15.9302,41.5698],[15.9365,41.5712],[15.9382,41.574],[15.9367,41.5781],[15.9376,41.5865],[15.9434,41.5969],[15.9432,41.599],[15.9384,41.6031],[15.9401,41.6115],[15.9455,41.6177],[15.9485,41.624],[15.9552,41.6299],[15.9615,41.6314],[15.9719,41.6314],[15.9906,41.6281],[15.9927,41.6287],[15.9997,41.6406],[16.0047,41.6469],[16.0079,41.649],[16.0177,41.6525],[16.026,41.657],[16.0427,41.6623],[16.0615,41.6707],[16.0719,41.678],[16.0781,41.681],[16.0937,41.6927],[16.1115,41.7099],[16.1198,41.7149],[16.1323,41.7244],[16.1406,41.7298],[16.1463,41.7365],[16.1518,41.7406],[16.1615,41.7458],[16.1671,41.751],[16.1686,41.7573],[16.176,41.7609],[16.1831,41.7656],[16.1865,41.7697],[16.1927,41.7732],[16.1962,41.7802],[16.2,41.7927],[16.1988,41.8008]]]}},{"type":"Feature","properties":{"depth":-10},"geometry":{"type":"MultiLineString","coordinates":[[[16.199,41.8043],[16.2023,41.8115],[16.2017,41.8198],[16.2022,41.826],[16.1967,41.8365],[16.1956,41.849],[16.1988,41.8615],[16.1973,41.8719],[16.1935,41.8823],[16.1899,41.8885],[16.1656,41.9035],[16.1579,41.9115],[16.151,41.9164],[16.1406,41.92],[16.129,41.926],[16.1156,41.9341],[16.099,41.9418],[16.0885,41.9459],[16.074,41.9497],[16.0594,41.952],[16.0427,41.9535],[16.0094,41.9545],[15.9948,41.9535],[15.9802,41.9504],[15.951,41.947],[15.9281,41.9436],[15.899,41.9406],[15.8719,41.9389],[15.8573,41.9368],[15.8406,41.9357],[15.8302,41.9343],[15.7948,41.9321],[15.776,41.9313],[15.751,41.9297],[15.724,41.9291],[15.702,41.9302],[15.6844,41.932],[15.674,41.9337],[15.6573,41.9356],[15.6385,41.9363],[15.6219,41.9358],[15.5948,41.9334],[15.5781,41.9315],[15.5656,41.9295],[15.5427,41.9271],[15.526,41.9248],[15.4865,41.9204],[15.4635,41.9184],[15.4365,41.9168],[15.4094,41.9159],[15.3927,41.9167],[15.3719,41.9196],[15.3635,41.9214],[15.3298,41.926],[15.3156,41.9285],[15.2969,41.9305],[15.2823,41.9312],[15.2656,41.9304],[15.2385,41.9304],[15.2156,41.9319],[15.201,41.9325],[15.1677,41.9356],[15.1469,41.9391],[15.126,41.9445],[15.1052,41.952],[15.0885,41.9591],[15.0719,41.9724],[15.051,41.9839],[15.0281,41.9957],[15.0073,42.0052]]]}},{"type":"Feature","properties":{"depth":-10},"geometry":{"type":"MultiLineString","coordinates":[[[15.0016,42.0073],[14.9969,42.0105],[14.9865,42.0139],[14.9677,42.0183],[14.9531,42.0209],[14.9385,42.0262],[14.9197,42.0281],[14.9073,42.0331],[14.8767,42.0427],[14.8656,42.0482],[14.8529,42.0531],[14.8406,42.0611],[14.8302,42.069],[14.8115,42.081],[14.799,42.0846],[14.7775,42.0927],[14.764,42.101],[14.7552,42.1094],[14.753,42.1135],[14.7505,42.124],[14.7492,42.1385],[14.7464,42.1427],[14.7385,42.1515],[14.7295,42.1635],[14.7213,42.1719],[14.7156,42.1764],[14.7094,42.1785],[14.6927,42.186],[14.6838,42.1885],[14.6719,42.1932],[14.6602,42.1969],[14.6426,42.2031],[14.6323,42.2084],[14.6219,42.2116],[14.6038,42.2198],[14.5865,42.2281],[14.5781,42.2343],[14.5552,42.2463],[14.5448,42.2501],[14.5314,42.2615],[14.5198,42.2728],[14.5153,42.2781],[14.5053,42.2844],[14.4906,42.2944],[14.4823,42.3015],[14.4719,42.3081],[14.4514,42.324],[14.4469,42.3295],[14.4372,42.3469],[14.4338,42.351],[14.4185,42.3635],[14.4031,42.3721],[14.3944,42.376],[14.3844,42.3827],[14.3754,42.3865],[14.3656,42.3921],[14.3594,42.3947],[14.3469,42.4025],[14.3411,42.4052],[14.3324,42.4115],[14.3219,42.4175],[14.3115,42.4252],[14.3054,42.4281],[14.2927,42.4373],[14.2698,42.4511],[14.2552,42.4652],[14.2435,42.474],[14.2323,42.4801],[14.2115,42.4937],[14.2026,42.5052],[14.1916,42.5156],[14.1765,42.5281],[14.1677,42.5365],[14.1448,42.553],[14.1406,42.5567],[14.126,42.5714],[14.115,42.5865],[14.1094,42.5928],[14.099,42.6066],[14.0927,42.6122],[14.0823,42.6268],[14.076,42.6328],[14.0688,42.6427],[14.0635,42.6514],[14.049,42.6698],[14.0406,42.6794],[14.0336,42.6906],[14.0281,42.6969],[14.0198,42.7144],[14.0115,42.7285],[14.0031,42.7451],[13.9929,42.7594],[13.9865,42.7718],[13.9823,42.7774],[13.9781,42.7853],[13.9746,42.7948],[13.9692,42.8052],[13.9647,42.8219],[13.9593,42.8385],[13.952,42.8677],[13.9459,42.8844],[13.9365,42.9001],[13.932,42.9094],[13.924,42.9194],[13.9198,42.9264],[13.9115,42.9431],[13.9094,42.949],[13.9091,42.9677],[13.9052,42.9784],[13.8978,42.9885],[13.8924,43.001],[13.8882,43.0198],[13.8823,43.0355],[13.8802,43.0427],[13.8786,43.0531],[13.8733,43.0677],[13.8682,43.0844],[13.8645,43.0927],[13.8594,43.1015],[13.8538,43.1156],[13.8469,43.1273],[13.8427,43.136],[13.8387,43.1469],[13.8323,43.1576],[13.824,43.178],[13.8177,43.1914],[13.8125,43.2073],[13.8052,43.2201],[13.8001,43.2344],[13.7968,43.2406],[13.7906,43.2485],[13.7844,43.2615],[13.771,43.2823],[13.7635,43.2923],[13.7552,43.3053],[13.749,43.3116],[13.7419,43.3219],[13.7302,43.3368],[13.7177,43.3561],[13.7143,43.3656],[13.7073,43.379],[13.7031,43.3897],[13.6982,43.4073],[13.6906,43.4211],[13.6854,43.4323],[13.676,43.446],[13.672,43.4531],[13.6631,43.474],[13.6586,43.4802],[13.6531,43.4858],[13.6456,43.4969],[13.6427,43.5025],[13.6401,43.5115],[13.6355,43.524],[13.6313,43.5323],[13.6315,43.5385],[13.6359,43.5448],[13.636,43.551],[13.6334,43.5552],[13.6281,43.5588],[13.6052,43.5684],[13.5925,43.5719],[13.5816,43.5781],[13.5764,43.5823],[13.5728,43.5885],[13.5677,43.5939],[13.5552,43.6037],[13.551,43.6058],[13.5473,43.6135],[13.5385,43.619],[13.5323,43.6198]]]}},{"type":"Feature","properties":{"depth":-10},"geometry":{"type":"MultiLineString","coordinates":[[[16.7244,42.7473],[16.7329,42.751],[16.7351,42.7531],[16.7351,42.7573],[16.7323,42.7622],[16.7279,42.7638]]]}},{"type":"Feature","properties":{"depth":-10},"geometry":{"type":"MultiLineString","coordinates":[[[16.785,42.7594],[16.7923,42.7531],[16.7946,42.7448],[16.801,42.741],[16.8073,42.7405],[16.8181,42.7365],[16.8211,42.7323],[16.8302,42.7285],[16.8358,42.7317]]]}},{"type":"Feature","properties":{"depth":-10},"geometry":{"type":"MultiLineString","coordinates":[[[16.5135,42.7594],[16.5173,42.7552],[16.526,42.7529],[16.5365,42.7567],[16.5378,42.7594],[16.5365,42.7649],[16.529,42.771]]]}},{"type":"Feature","properties":{"depth":-10},"geometry":{"type":"MultiLineString","coordinates":[[[16.7893,42.7768],[16.7844,42.7775],[16.7781,42.7805],[16.774,42.7782],[16.7744,42.776],[16.7823,42.7733]]]}},{"type":"Feature","properties":{"depth":-10},"geometry":{"type":"MultiLineString","coordinates":[[[16.793,42.8924],[16.7969,42.8891],[16.8156,42.8908],[16.8198,42.8927]]]}},{"type":"Feature","properties":{"depth":-10},"geometry":{"type":"MultiLineString","coordinates":[[[16.7675,42.8992],[16.7719,42.9],[16.7823,42.8991],[16.7865,42.9002],[16.7913,42.9052]]]}},{"type":"Feature","properties":{"depth":-10},"geometry":{"type":"MultiLineString","coordinates":[[[16.8051,42.9033],[16.8073,42.9017],[16.8198,42.9021],[16.824,42.8984],[16.8302,42.8979],[16.8345,42.901]]]}},{"type":"Feature","properties":{"depth":-10},"geometry":{"type":"MultiLineString","coordinates":[[[16.6957,42.921],[16.6965,42.9177],[16.701,42.9151],[16.7156,42.914],[16.7175,42.9175]]]}},{"type":"Feature","properties":{"depth":-10},"geometry":{"type":"MultiLineString","coordinates":[[[16.0034,42.9555],[16.0094,42.9567],[16.0198,42.9571],[16.024,42.9609],[16.0262,42.9656],[16.0282,42.9781],[16.024,42.9875],[16.0219,42.9896],[16.0094,42.995],[16.006,42.9948]]]}},{"type":"Feature","properties":{"depth":-10},"geometry":{"type":"MultiLineString","coordinates":[[[16.0708,43.0042],[16.074,43.0029],[16.0802,43.0038],[16.0885,43.0031],[16.1025,43.0037]]]}},{"type":"Feature","properties":{"depth":-10},"geometry":{"type":"MultiLineString","coordinates":[[[16.1581,43.0123],[16.1615,43.0119],[16.1764,43.0135],[16.1813,43.0177]]]}},{"type":"Feature","properties":{"depth":-10},"geometry":{"type":"MultiLineString","coordinates":[[[15.7411,43.014],[15.7448,43.0141],[15.7596,43.0177],[15.7656,43.0204],[15.7693,43.024],[15.771,43.0281],[15.77,43.0323],[15.7635,43.0355],[15.76,43.0358]]]}},{"type":"Feature","properties":{"depth":-10},"geometry":{"type":"MultiLineString","coordinates":[[[16.1944,43.0156],[16.2094,43.0149],[16.2219,43.0149],[16.2281,43.0126],[16.2311,43.0135],[16.2347,43.0177],[16.2344,43.0214],[16.2248,43.024],[16.2242,43.0198]]]}},{"type":"Feature","properties":{"depth":-10},"geometry":{"type":"MultiLineString","coordinates":[[[16.2323,43.0344],[16.2365,43.034],[16.2406,43.0381],[16.2448,43.0384],[16.251,43.0457],[16.2552,43.048],[16.2616,43.0552],[16.2621,43.0656],[16.2584,43.0719],[16.2552,43.0744],[16.2432,43.0776]]]}},{"type":"Feature","properties":{"depth":-10},"geometry":{"type":"MultiLineString","coordinates":[[[16.0884,43.0719],[16.0823,43.0719],[16.0719,43.0666],[16.0641,43.0635],[16.0609,43.0609]]]}},{"type":"Feature","properties":{"depth":-10},"geometry":{"type":"MultiLineString","coordinates":[[[16.231,43.0748],[16.226,43.0792],[16.2215,43.0781],[16.215,43.074],[16.214,43.0719]]]}},{"type":"Feature","properties":{"depth":-10},"geometry":{"type":"MultiLineString","coordinates":[[[16.1652,43.0802],[16.1615,43.0817],[16.151,43.0822],[16.1368,43.0802],[16.1334,43.076]]]}},{"type":"Feature","properties":{"depth":-10},"geometry":{"type":"MultiLineString","coordinates":[[[16.662,43.0859],[16.6629,43.0823],[16.6656,43.0812],[16.6802,43.0794],[16.6948,43.0794],[16.7094,43.0771],[16.7156,43.0772],[16.72,43.0802]]]}},{"type":"Feature","properties":{"depth":-10},"geometry":{"type":"MultiLineString","coordinates":[[[16.8141,43.1234],[16.8174,43.1198],[16.8255,43.1177],[16.8344,43.1169],[16.8406,43.1177],[16.85,43.1152]]]}},{"type":"Feature","properties":{"depth":-10},"geometry":{"type":"MultiLineString","coordinates":[[[16.3576,43.151],[16.3614,43.1469],[16.374,43.1476],[16.3828,43.1531],[16.3842,43.1552]]]}},{"type":"Feature","properties":{"depth":-10},"geometry":{"type":"MultiLineString","coordinates":[[[16.4138,43.1529],[16.4162,43.149],[16.4219,43.1478],[16.4281,43.151],[16.4298,43.1548]]]}},{"type":"Feature","properties":{"depth":-10},"geometry":{"type":"MultiLineString","coordinates":[[[16.5076,43.1529],[16.5087,43.149],[16.5403,43.1365],[16.5469,43.1354],[16.5615,43.1377],[16.5677,43.137],[16.5781,43.1344],[16.5842,43.1365]]]}},{"type":"Feature","properties":{"depth":-10},"geometry":{"type":"MultiLineString","coordinates":[[[16.3882,43.1844],[16.3948,43.1831],[16.4156,43.1756],[16.4196,43.1762]]]}},{"type":"Feature","properties":{"depth":-10},"geometry":{"type":"MultiLineString","coordinates":[[[16.5274,43.2295],[16.5198,43.2282],[16.5175,43.224],[16.5198,43.2204],[16.5338,43.2094],[16.5365,43.2046],[16.5427,43.2073],[16.5457,43.2115]]]}},{"type":"Feature","properties":{"depth":-10},"geometry":{"type":"MultiLineString","coordinates":[[[16.6694,43.2594],[16.6719,43.2574],[16.6802,43.2576],[16.6906,43.2545],[16.6977,43.2552],[16.7022,43.2594]]]}},{"type":"Feature","properties":{"depth":-10},"geometry":{"type":"MultiLineString","coordinates":[[[16.7229,43.2594],[16.7344,43.2591],[16.7406,43.2597],[16.7719,43.2591],[16.7781,43.2603],[16.7823,43.259],[16.7898,43.2594],[16.8052,43.2625],[16.8156,43.2634],[16.8313,43.2635],[16.85,43.2658]]]}},{"type":"Feature","properties":{"depth":-10},"geometry":{"type":"MultiLineString","coordinates":[[[16.5744,43.2635],[16.5925,43.2594],[16.5972,43.2615]]]}},{"type":"Feature","properties":{"depth":-10},"geometry":{"type":"MultiLineString","coordinates":[[[16.5196,43.274],[16.5223,43.2698],[16.5344,43.2662],[16.5448,43.2655],[16.5479,43.2667]]]}},{"type":"Feature","properties":{"depth":-10},"geometry":{"type":"MultiLineString","coordinates":[[[16.3094,43.3531],[16.3133,43.3469],[16.3177,43.3448],[16.3427,43.3375],[16.3531,43.3325],[16.3656,43.3289],[16.3751,43.324],[16.3804,43.324]]]}},{"type":"Feature","properties":{"depth":-10},"geometry":{"type":"MultiLineString","coordinates":[[[16.2787,43.3656],[16.289,43.3615],[16.2948,43.3601],[16.3056,43.3549]]]}},{"type":"Feature","properties":{"depth":-10},"geometry":{"type":"MultiLineString","coordinates":[[[16.2527,43.376],[16.2584,43.3719],[16.27,43.3677],[16.2777,43.366]]]}},{"type":"Feature","properties":{"depth":-10},"geometry":{"type":"MultiLineString","coordinates":[[[16.2067,43.385],[16.2115,43.3799],[16.224,43.3797],[16.2427,43.3764],[16.2475,43.3775]]]}},{"type":"Feature","properties":{"depth":-10},"geometry":{"type":"MultiLineString","coordinates":[[[16.3121,43.5115],[16.3052,43.5139],[16.3034,43.5177],[16.3073,43.5225],[16.3135,43.5253],[16.3207,43.5344],[16.324,43.5367],[16.3344,43.5403],[16.3427,43.5441],[16.3552,43.5479],[16.3594,43.5479],[16.3698,43.5457],[16.3844,43.5466],[16.3954,43.5463]]]}},{"type":"Feature","properties":{"depth":-10},"geometry":{"type":"MultiLineString","coordinates":[[[15.9686,43.5147],[15.974,43.516],[15.9778,43.5198],[15.9801,43.526],[15.9747,43.5253]]]}},{"type":"Feature","properties":{"depth":-10},"geometry":{"type":"MultiLineString","coordinates":[[[16.4311,43.527],[16.424,43.5262],[16.4198,43.5242],[16.4134,43.5156]]]}},{"type":"Feature","properties":{"depth":-10},"geometry":{"type":"MultiLineString","coordinates":[[[15.8766,43.5677],[15.874,43.5681],[15.8721,43.5635],[15.8781,43.5617],[15.8805,43.5635],[15.8794,43.5665]]]}},{"type":"Feature","properties":{"depth":-10},"geometry":{"type":"MultiLineString","coordinates":[[[15.8953,43.5693],[15.895,43.5677],[15.899,43.5592],[15.9036,43.5594],[15.904,43.5635],[15.9017,43.5677]]]}},{"type":"Feature","properties":{"depth":-10},"geometry":{"type":"MultiLineString","coordinates":[[[13.5015,43.6307],[13.4948,43.6305],[13.4885,43.6257],[13.4844,43.6251],[13.4677,43.6308],[13.4427,43.638],[13.4219,43.6436],[13.3865,43.6554],[13.376,43.6604],[13.3567,43.6677],[13.3406,43.6755],[13.317,43.6865],[13.3108,43.6906]]]}},{"type":"Feature","properties":{"depth":-10},"geometry":{"type":"MultiLineString","coordinates":[[[15.7073,43.631],[15.7135,43.6226],[15.7177,43.6231],[15.7228,43.6293]]]}},{"type":"Feature","properties":{"depth":-10},"geometry":{"type":"MultiLineString","coordinates":[[[15.6451,43.6466],[15.6494,43.6406],[15.6594,43.6363],[15.6719,43.6338],[15.675,43.6344]]]}},{"type":"Feature","properties":{"depth":-10},"geometry":{"type":"MultiLineString","coordinates":[[[15.7,43.6729],[15.7073,43.6726],[15.7198,43.6687],[15.7223,43.6702]]]}},{"type":"Feature","properties":{"depth":-10},"geometry":{"type":"MultiLineString","coordinates":[[[15.8853,43.6906],[15.8885,43.6865],[15.8927,43.6836],[15.9027,43.674],[15.9073,43.6676],[15.9156,43.6665],[15.9198,43.6691],[15.9281,43.6664],[15.9332,43.6615],[15.9385,43.6595]]]}},{"type":"Feature","properties":{"depth":-10},"geometry":{"type":"MultiLineString","coordinates":[[[16.2719,42.3843],[16.2778,42.3865],[16.278,42.3906],[16.2677,42.3947],[16.2552,42.3963],[16.2464,42.3948],[16.2474,42.3906],[16.2527,42.3885],[16.2719,42.3843]]]}},{"type":"Feature","properties":{"depth":-5},"geometry":{"type":"MultiLineString","coordinates":[[[15.9443,41.4781],[15.939,41.4906],[15.9281,41.501],[15.924,41.5065],[15.9156,41.5219],[15.9116,41.5281],[15.9071,41.5385],[15.9045,41.549],[15.9026,41.5635],[15.899,41.574],[15.8999,41.5885],[15.9045,41.6052],[15.9065,41.6094],[15.9115,41.6138],[15.9245,41.6213]]]}},{"type":"Feature","properties":{"depth":-5},"geometry":{"type":"MultiLineString","coordinates":[[[15.9494,41.6411],[15.9552,41.6404],[15.9594,41.6413],[15.976,41.6487],[15.9885,41.6573],[16.001,41.6615],[16.0198,41.6687],[16.0385,41.6734],[16.049,41.6813],[16.0573,41.6853],[16.0906,41.7128],[16.0969,41.7163],[16.1161,41.7298]]]}},{"type":"Feature","properties":{"depth":-5},"geometry":{"type":"MultiLineString","coordinates":[[[16.1898,41.8385],[16.1867,41.8531],[16.1859,41.874],[16.1873,41.8802],[16.1849,41.887]]]}},{"type":"Feature","properties":{"depth":-5},"geometry":{"type":"MultiLineString","coordinates":[[[16.1779,41.8904],[16.1698,41.8938],[16.1615,41.9008],[16.1552,41.9086],[16.1469,41.9139],[16.1415,41.9148]]]}},{"type":"Feature","properties":{"depth":-5},"geometry":{"type":"MultiLineString","coordinates":[[[16.14,41.915],[16.1302,41.9184],[16.1219,41.9227],[16.1156,41.9281],[16.0948,41.9389],[16.0865,41.9424],[16.074,41.9458],[16.0623,41.9481]]]}},{"type":"Feature","properties":{"depth":-5},"geometry":{"type":"MultiLineString","coordinates":[[[15.6212,41.9296],[15.6073,41.928],[15.5823,41.9259],[15.5677,41.9229],[15.5281,41.9185],[15.5156,41.9175],[15.5073,41.9154],[15.4885,41.9125],[15.4635,41.9096],[15.4448,41.9079],[15.4052,41.9059],[15.3969,41.9059],[15.3781,41.9074],[15.3552,41.9132],[15.3448,41.9182],[15.3198,41.9228],[15.299,41.9255],[15.2802,41.9264],[15.2552,41.9248],[15.2365,41.9239],[15.1885,41.925],[15.1656,41.9271],[15.1469,41.9299],[15.1302,41.9335],[15.1135,41.9378],[15.0986,41.9406],[15.0863,41.9469],[15.0698,41.96],[15.0635,41.9635],[15.0564,41.9698],[15.049,41.975],[15.0344,41.9835],[15.0219,41.9881],[15.0146,41.9927],[15.0052,42.001]]]}},{"type":"Feature","properties":{"depth":-5},"geometry":{"type":"MultiLineString","coordinates":[[[16.0609,41.9484],[16.0573,41.949],[16.0198,41.9511],[16.0157,41.951]]]}},{"type":"Feature","properties":{"depth":-5},"geometry":{"type":"MultiLineString","coordinates":[[[16.0113,41.9509],[15.9948,41.9498],[15.9802,41.946],[15.9635,41.9444],[15.9528,41.9427],[15.9281,41.9377],[15.9094,41.937],[15.899,41.9357],[15.8823,41.9348],[15.8573,41.9307],[15.8448,41.9306],[15.8323,41.9286],[15.8031,41.9264],[15.7969,41.9254],[15.776,41.924],[15.7344,41.922],[15.699,41.9222],[15.6823,41.9237],[15.6698,41.9267],[15.6552,41.9289],[15.626,41.9301],[15.6224,41.9297]]]}},{"type":"Feature","properties":{"depth":-5},"geometry":{"type":"MultiLineString","coordinates":[[[14.9976,42.0059],[14.9885,42.0095],[14.976,42.0116],[14.9573,42.014],[14.9448,42.0162],[14.9385,42.0163],[14.9281,42.0196],[14.9135,42.0224],[14.8969,42.0271],[14.8865,42.0315],[14.8677,42.0374],[14.8573,42.0402],[14.8448,42.0457],[14.8355,42.049],[14.8177,42.0585],[14.8052,42.0671],[14.7948,42.071],[14.7677,42.0797],[14.7594,42.0835],[14.7406,42.094],[14.7367,42.099],[14.7323,42.1094],[14.7302,42.1175],[14.7278,42.1365],[14.7259,42.1469],[14.7219,42.1537]]]}},{"type":"Feature","properties":{"depth":-5},"geometry":{"type":"MultiLineString","coordinates":[[[14.7052,42.174],[14.6906,42.1816],[14.6635,42.1893],[14.6552,42.1928],[14.6365,42.1976],[14.6281,42.2019],[14.6219,42.2035],[14.5864,42.2177],[14.574,42.225],[14.5635,42.2281],[14.551,42.2368],[14.5448,42.239],[14.5323,42.2462],[14.5225,42.251],[14.5087,42.2615],[14.5057,42.2677],[14.5068,42.274],[14.5057,42.276],[14.4944,42.2802],[14.4838,42.287]]]}},{"type":"Feature","properties":{"depth":-5},"geometry":{"type":"MultiLineString","coordinates":[[[14.4817,42.2885],[14.4761,42.2948],[14.4635,42.3028],[14.4573,42.3077],[14.4448,42.3154],[14.4344,42.3243],[14.4277,42.3318]]]}},{"type":"Feature","properties":{"depth":-5},"geometry":{"type":"MultiLineString","coordinates":[[[14.4252,42.3352],[14.4227,42.3427],[14.4228,42.349],[14.4208,42.3531]]]}},{"type":"Feature","properties":{"depth":-5},"geometry":{"type":"MultiLineString","coordinates":[[[14.3872,42.374],[14.3781,42.3798],[14.3592,42.3866]]]}},{"type":"Feature","properties":{"depth":-5},"geometry":{"type":"MultiLineString","coordinates":[[[14.3524,42.3906],[14.3365,42.4007],[14.324,42.4057],[14.3135,42.4144],[14.3052,42.4185],[14.2885,42.429],[14.2787,42.4344],[14.2719,42.4393],[14.2593,42.4469],[14.2469,42.4565],[14.2364,42.4655]]]}},{"type":"Feature","properties":{"depth":-5},"geometry":{"type":"MultiLineString","coordinates":[[[16.2523,42.394],[16.249,42.3927],[16.2528,42.3906],[16.2693,42.387]]]}},{"type":"Feature","properties":{"depth":-5},"geometry":{"type":"MultiLineString","coordinates":[[[14.2309,42.4684],[14.2238,42.474],[14.2135,42.479],[14.2094,42.4819],[14.1969,42.4932],[14.1844,42.5051],[14.1787,42.5094],[14.1666,42.5219],[14.1517,42.5344],[14.1427,42.5402],[14.1365,42.5466],[14.1204,42.5594],[14.1155,42.5656],[14.109,42.5719],[14.0948,42.5894],[14.0906,42.593],[14.0802,42.6066],[14.0731,42.6135],[14.0635,42.6277],[14.0573,42.636],[14.0496,42.649],[14.0406,42.6573],[14.0323,42.6693],[14.0263,42.676],[14.0171,42.6906],[14.0118,42.6969],[14.0073,42.7039],[14.0038,42.7115],[13.9948,42.726],[13.987,42.7427],[13.9796,42.7525]]]}},{"type":"Feature","properties":{"depth":-5},"geometry":{"type":"MultiLineString","coordinates":[[[13.9776,42.7547],[13.9674,42.774],[13.9583,42.7885],[13.9552,42.7972],[13.9487,42.8094],[13.9422,42.8323],[13.9391,42.849],[13.9365,42.8573],[13.9316,42.8802],[13.9281,42.8906],[13.9214,42.8969],[13.9143,42.9115],[13.908,42.9198],[13.8932,42.951],[13.8895,42.9635],[13.8821,42.9802],[13.8783,42.9927],[13.8773,43.0073],[13.8695,43.0302],[13.8626,43.0448],[13.8573,43.0653],[13.8533,43.0865],[13.8485,43.101],[13.8432,43.1094],[13.8374,43.124],[13.8281,43.1382],[13.8212,43.1552],[13.8144,43.1644]]]}},{"type":"Feature","properties":{"depth":-5},"geometry":{"type":"MultiLineString","coordinates":[[[13.8131,43.1682],[13.8094,43.1785],[13.801,43.1935],[13.7917,43.2198],[13.7853,43.2344],[13.7802,43.2428],[13.7734,43.251],[13.7667,43.2677],[13.7539,43.2906],[13.7448,43.2997],[13.7365,43.3112]]]}},{"type":"Feature","properties":{"depth":-5},"geometry":{"type":"MultiLineString","coordinates":[[[13.7322,43.3155],[13.7216,43.3302],[13.7155,43.3365],[13.7088,43.351],[13.7052,43.3573],[13.6964,43.3802],[13.6927,43.3856],[13.6865,43.3911]]]}},{"type":"Feature","properties":{"depth":-5},"geometry":{"type":"MultiLineString","coordinates":[[[13.6848,43.3965],[13.6827,43.4073],[13.6772,43.4135],[13.6722,43.4281],[13.6674,43.4365],[13.6628,43.4427],[13.6552,43.4559],[13.6511,43.4593]]]}},{"type":"Feature","properties":{"depth":-5},"geometry":{"type":"MultiLineString","coordinates":[[[13.6502,43.4623],[13.6484,43.4698],[13.6427,43.4798],[13.6365,43.4823]]]}},{"type":"Feature","properties":{"depth":-5},"geometry":{"type":"MultiLineString","coordinates":[[[13.6281,43.4969],[13.6291,43.5052],[13.632,43.5115],[13.6301,43.5177],[13.6243,43.5236]]]}},{"type":"Feature","properties":{"depth":-5},"geometry":{"type":"MultiLineString","coordinates":[[[13.5933,43.5656],[13.5865,43.567],[13.574,43.5732],[13.5698,43.5767]]]}},{"type":"Feature","properties":{"depth":-5},"geometry":{"type":"MultiLineString","coordinates":[[[13.5012,43.628],[13.4957,43.626],[13.4927,43.6213],[13.4843,43.6135],[13.476,43.6116],[13.4677,43.6129],[13.451,43.6185],[13.4365,43.6244],[13.4281,43.6271],[13.4052,43.6361],[13.3948,43.641],[13.3844,43.6443],[13.374,43.6493],[13.3529,43.6573],[13.3073,43.6787],[13.2989,43.6823],[13.287,43.6906]]]}},{"type":"Feature","properties":{"depth":-5},"geometry":{"type":"MultiLineString","coordinates":[[[15.9101,43.6768],[15.9031,43.6829],[15.901,43.6823],[15.9091,43.6737]]]}},{"type":"Feature","properties":{"depth":-100},"geometry":{"type":"MultiLineString","coordinates":[[[16.7564,41.35],[16.7531,41.3542],[16.7469,41.3644],[16.7384,41.3833],[16.7335,41.3979],[16.7302,41.4046],[16.7075,41.4396],[16.701,41.4542],[16.6969,41.466],[16.6917,41.4875],[16.685,41.5125],[16.6823,41.5201],[16.6769,41.5312],[16.6698,41.5476],[16.6676,41.5542],[16.6666,41.5625],[16.6665,41.5812],[16.6623,41.5979],[16.6597,41.6104],[16.6588,41.625],[16.6559,41.6333],[16.6448,41.6493],[16.6385,41.6555],[16.6344,41.6615],[16.6326,41.6688],[16.6344,41.6792],[16.6385,41.6917],[16.6424,41.7],[16.649,41.7091],[16.6513,41.7146],[16.652,41.7229],[16.6482,41.7375]]]}},{"type":"Feature","properties":{"depth":-50},"geometry":{"type":"MultiLineString","coordinates":[[[16.5064,41.35],[16.5031,41.3528],[16.4976,41.3583],[16.476,41.3766],[16.4656,41.3878],[16.4487,41.4083],[16.4351,41.4312],[16.4299,41.4417],[16.4198,41.4664],[16.4094,41.4893],[16.4051,41.5042],[16.4029,41.5229],[16.4019,41.5375],[16.4022,41.5542],[16.4017,41.5729],[16.3993,41.5938],[16.3958,41.6187],[16.394,41.6396],[16.3933,41.6542],[16.389,41.6938],[16.3866,41.7208],[16.3839,41.7375]]]}},{"type":"Feature","properties":{"depth":-20},"geometry":{"type":"MultiLineString","coordinates":[[[16.359,41.35],[16.3552,41.3512],[16.3439,41.3542],[16.3116,41.3667],[16.2948,41.3759],[16.2673,41.3896],[16.2478,41.4021],[16.2385,41.4095],[16.2323,41.4131],[16.2168,41.4188],[16.2073,41.425],[16.2062,41.4292],[16.2064,41.4396],[16.202,41.4479],[16.1879,41.4604],[16.1844,41.4643],[16.1809,41.4708],[16.182,41.4792],[16.1865,41.4866],[16.1927,41.494],[16.1963,41.5],[16.2009,41.5125],[16.205,41.5292],[16.2119,41.5521],[16.2162,41.5604],[16.2278,41.575],[16.2427,41.5966],[16.2469,41.6063],[16.2524,41.6229],[16.2592,41.6375],[16.268,41.6667],[16.2739,41.6812],[16.2764,41.6938],[16.2769,41.7146],[16.2762,41.7375]]]}},{"type":"Feature","properties":{"depth":-10},"geometry":{"type":"MultiLineString","coordinates":[[[16.2612,41.35],[16.249,41.3565],[16.239,41.3625],[16.2198,41.372],[16.2135,41.3742],[16.1948,41.3777],[16.1802,41.3791],[16.1719,41.3812],[16.1608,41.3854],[16.1469,41.3931],[16.1357,41.3979],[16.124,41.4071],[16.1094,41.4138],[16.1003,41.4167],[16.0929,41.4208],[16.0787,41.4271],[16.0677,41.4302],[16.0573,41.4317],[16.046,41.4354],[16.0344,41.4426],[16.0219,41.448],[16.0115,41.4567],[16.0052,41.4683],[16.001,41.4712],[15.999,41.4703],[15.9973,41.4646],[15.9927,41.4594],[15.9885,41.4587],[15.9844,41.4602],[15.974,41.4662],[15.9685,41.4708],[15.9615,41.4813],[15.9601,41.4854],[15.9608,41.4896],[15.9635,41.4913],[15.9719,41.4921],[15.9844,41.4918],[15.9871,41.4937],[15.9855,41.5042],[15.9834,41.5083],[15.976,41.5147],[15.9594,41.523],[15.951,41.5291],[15.9499,41.5354],[15.9469,41.5379],[15.9385,41.5405],[15.9335,41.5458],[15.9348,41.5604],[15.9298,41.5688],[15.9383,41.5729],[15.9365,41.5792],[15.9389,41.5896],[15.943,41.5958],[15.9422,41.6],[15.9393,41.6021],[15.9381,41.6063],[15.9407,41.6125],[15.9448,41.6168],[15.9478,41.6229],[15.9538,41.6292],[15.9615,41.6315],[15.9732,41.6313],[15.9906,41.6278],[15.9948,41.6315],[16.0018,41.6437],[16.0061,41.6479],[16.0198,41.6535],[16.0296,41.6583],[16.0406,41.6616],[16.0635,41.672],[16.0719,41.678],[16.0781,41.681],[16.0925,41.6917],[16.1038,41.7021],[16.1094,41.7082],[16.1177,41.7135],[16.133,41.725],[16.1385,41.7281],[16.1439,41.7333],[16.1456,41.7375]]]}},{"type":"Feature","properties":{"depth":-5},"geometry":{"type":"MultiLineString","coordinates":[[[16.2373,41.35],[16.2198,41.3627],[16.2094,41.3672],[16.199,41.3681],[16.1906,41.3701],[16.176,41.3703],[16.1698,41.3713],[16.1635,41.3741],[16.149,41.383],[16.1414,41.3846]]]}},{"type":"Feature","properties":{"depth":-5},"geometry":{"type":"MultiLineString","coordinates":[[[16.1364,41.3875],[16.1341,41.3896],[16.1219,41.3967],[16.1073,41.4024],[16.0844,41.4092],[16.074,41.4158],[16.0676,41.4188],[16.0448,41.4248],[16.0302,41.4305],[16.0219,41.433],[16.0128,41.4375],[16.0052,41.4428],[15.9865,41.4468],[15.9719,41.4558],[15.9635,41.4588],[15.9552,41.4679],[15.9487,41.4729],[15.9433,41.4813],[15.9384,41.4917],[15.9311,41.4979],[15.9255,41.5042],[15.911,41.5292],[15.9072,41.5375],[15.9048,41.5479],[15.9029,41.5625],[15.8992,41.5729],[15.9001,41.5896],[15.9049,41.6063],[15.9095,41.6125],[15.924,41.6209]]]}},{"type":"Feature","properties":{"depth":-5},"geometry":{"type":"MultiLineString","coordinates":[[[15.95,41.6407],[15.9552,41.6403],[15.9602,41.6417],[15.9781,41.6498],[15.9906,41.6585],[16.0135,41.6654],[16.024,41.67],[16.0365,41.6728],[16.0406,41.6744],[16.051,41.6826],[16.0573,41.6855],[16.0623,41.6904]]]}},{"type":"Feature","properties":{"depth":-5},"geometry":{"type":"MultiLineString","coordinates":[[[16.0677,41.6944],[16.0802,41.7039],[16.0906,41.7127],[16.0969,41.7157],[16.1031,41.7212],[16.1147,41.7292]]]}},{"type":"Feature","properties":{"depth":-500},"geometry":{"type":"MultiLineString","coordinates":[[[12.0,41.6697],[12.0021,41.6679],[12.0125,41.663],[12.0271,41.6539],[12.0396,41.6475],[12.0465,41.6375],[12.0604,41.6208],[12.074,41.6104],[12.081,41.6042],[12.0836,41.6],[12.0849,41.5938],[12.0844,41.5854],[12.0735,41.55],[12.0729,41.5438],[12.0745,41.5354],[12.0801,41.5271],[12.0853,41.5229],[12.0938,41.5188],[12.1083,41.5149],[12.1146,41.5125],[12.1245,41.5063],[12.131,41.5],[12.1375,41.4919],[12.1458,41.484],[12.1562,41.4758],[12.1633,41.4667],[12.1729,41.4584],[12.1805,41.45],[12.1851,41.4417],[12.198,41.4125],[12.2059,41.4],[12.2129,41.3917],[12.2195,41.3854],[12.2417,41.3702],[12.2708,41.3527],[12.2746,41.35]]]}},{"type":"Feature","properties":{"depth":-500},"geometry":{"type":"MultiLineString","coordinates":[[[12.1204,41.35],[12.1208,41.3502],[12.1354,41.3595],[12.1384,41.3625],[12.1389,41.3687],[12.1416,41.375],[12.1395,41.3813],[12.14,41.3854],[12.1449,41.3896],[12.1434,41.3979],[12.1373,41.4083],[12.1312,41.411],[12.1188,41.4118],[12.1104,41.4111],[12.0938,41.4086],[12.0771,41.4092],[12.0583,41.4108],[12.05,41.4108],[12.0396,41.409],[12.0312,41.4055],[12.0229,41.4001],[12.0167,41.3937],[12.014,41.3875],[12.0119,41.3792],[12.0076,41.3542],[12.0072,41.35]]]}},{"type":"Feature","properties":{"depth":-200},"geometry":{"type":"MultiLineString","coordinates":[[[12.0,41.7519],[12.0062,41.7457],[12.0224,41.7313],[12.0271,41.7279],[12.0378,41.7167],[12.06,41.6917],[12.0767,41.6708],[12.0958,41.645],[12.1042,41.6365],[12.1146,41.6294],[12.1292,41.6253],[12.1375,41.6201],[12.1417,41.6153],[12.1484,41.6021],[12.1489,41.5896],[12.1546,41.5771],[12.1577,41.5646],[12.1644,41.5438],[12.1685,41.5354],[12.179,41.5208],[12.1973,41.5],[12.2009,41.4937],[12.2058,41.4771],[12.2104,41.4725],[12.2188,41.4672],[12.2312,41.4579],[12.2346,41.4542],[12.2438,41.441],[12.2542,41.4312],[12.2731,41.4167],[12.2812,41.4095],[12.2896,41.4009],[12.2958,41.3957],[12.3042,41.3913],[12.3167,41.3867],[12.325,41.3829],[12.3333,41.3773],[12.3476,41.3604],[12.3521,41.3564],[12.3607,41.3521],[12.367,41.35]]]}},{"type":"Feature","properties":{"depth":-100},"geometry":{"type":"MultiLineString","coordinates":[[[16.2021,42.0517],[16.1771,42.0527],[16.167,42.0542],[16.15,42.0607],[16.1292,42.0668],[16.1167,42.0695],[16.0969,42.0729],[16.0833,42.0776],[16.0542,42.0852],[16.0417,42.0891],[16.0042,42.098],[15.966,42.1021],[15.9521,42.1043],[15.9332,42.1083],[15.9229,42.1116],[15.9037,42.1146],[15.8896,42.1185],[15.875,42.1241],[15.8542,42.1307],[15.8375,42.1354],[15.8083,42.1406],[15.7708,42.1497],[15.7581,42.1521],[15.7459,42.1562],[15.7375,42.1614],[15.7233,42.1688],[15.7104,42.1762],[15.6896,42.1832],[15.6813,42.1847],[15.6729,42.1848],[15.6542,42.1835],[15.6333,42.1829],[15.625,42.1822],[15.5917,42.1733],[15.5813,42.1714],[15.5646,42.1653],[15.5552,42.1604],[15.5401,42.1542],[15.5122,42.1458],[15.5042,42.1448],[15.4875,42.1406],[15.4729,42.1389],[15.4657,42.1396],[15.4542,42.1432],[15.4479,42.1442],[15.4208,42.1462],[15.3979,42.1496],[15.3854,42.1499],[15.3729,42.1484],[15.3438,42.1485],[15.3229,42.1501],[15.2979,42.1534],[15.2812,42.1581],[15.2708,42.163],[15.2521,42.1703],[15.2375,42.1745],[15.225,42.1788],[15.2021,42.1875],[15.1875,42.1968],[15.1729,42.2041],[15.1556,42.2104],[15.125,42.2266],[15.1128,42.2354],[15.0778,42.2521],[15.0754,42.2542]]]}},{"type":"Feature","properties":{"depth":-100},"geometry":{"type":"MultiLineString","coordinates":[[[12.0,41.8483],[12.0083,41.8418],[12.018,41.8354],[12.0375,41.8157],[12.0422,41.8104],[12.0594,41.7979],[12.0653,41.7875],[12.0786,41.7687],[12.0917,41.7565],[12.1042,41.7418],[12.1125,41.7343],[12.1341,41.7125],[12.1646,41.6854],[12.1771,41.6766],[12.1958,41.6641],[12.2053,41.6583],[12.2192,41.6458],[12.2326,41.6292],[12.2407,41.6167],[12.2521,41.6027],[12.2621,41.5896],[12.2792,41.5748],[12.2854,41.568],[12.2917,41.5653],[12.3042,41.5576],[12.3146,41.5525],[12.3292,41.5433],[12.3438,41.5317],[12.3604,41.5246],[12.37,41.5146],[12.3872,41.5021],[12.4059,41.4896],[12.4142,41.4792],[12.4229,41.4642],[12.43,41.4542],[12.4357,41.4417],[12.4365,41.4271],[12.4411,41.4229],[12.4505,41.4208],[12.4583,41.4176],[12.4638,41.4125],[12.4688,41.4102],[12.4854,41.4062],[12.5,41.3983],[12.5208,41.39],[12.5329,41.3833],[12.5542,41.3696],[12.575,41.3512],[12.5777,41.35]]]}},{"type":"Feature","properties":{"depth":-50},"geometry":{"type":"MultiLineString","coordinates":[[[16.2021,42.0065],[16.1938,42.0023],[16.1899,42.0021],[16.1898,42.0063],[16.1863,42.0125],[16.1792,42.0158],[16.1729,42.015],[16.1667,42.0113],[16.1562,42.0099],[16.1313,42.011],[16.0729,42.0154],[16.0583,42.0157],[16.0498,42.0167],[15.9958,42.0197],[15.9708,42.0221],[15.9604,42.0225],[15.9354,42.0224],[15.8792,42.0275],[15.8562,42.0276],[15.8208,42.0298],[15.7979,42.0296],[15.775,42.0303],[15.7604,42.0299],[15.7354,42.0299],[15.7208,42.0309],[15.7021,42.0311],[15.6771,42.0304],[15.6646,42.0318],[15.6497,42.0312],[15.6229,42.0273],[15.6021,42.0249],[15.5875,42.0224],[15.5708,42.0209],[15.5437,42.0179],[15.5126,42.0167],[15.4792,42.0131],[15.4563,42.0125],[15.4417,42.0131],[15.425,42.013],[15.3979,42.0119],[15.3604,42.0132],[15.35,42.0129],[15.3208,42.0153],[15.2854,42.0174],[15.2646,42.02],[15.2401,42.025],[15.225,42.0293],[15.2125,42.0338],[15.2021,42.0361],[15.1813,42.0425],[15.1646,42.0462],[15.1458,42.0522],[15.1146,42.0666],[15.0917,42.0753],[15.0792,42.0795],[15.0625,42.0866],[15.0229,42.1051],[15.0136,42.1104],[15.0,42.1166],[14.9875,42.1245],[14.9625,42.1373],[14.95,42.1447],[14.9437,42.1475],[14.9313,42.1551],[14.9239,42.1583],[14.9,42.1706],[14.8896,42.1775],[14.8812,42.1817],[14.8688,42.1899],[14.8333,42.2113],[14.825,42.215],[14.8125,42.2222],[14.7934,42.2313],[14.7708,42.246],[14.7576,42.2521],[14.7554,42.2542]]]}},{"type":"Feature","properties":{"depth":-50},"geometry":{"type":"MultiLineString","coordinates":[[[15.5083,42.1373],[15.4938,42.129],[15.4854,42.1279],[15.4769,42.1229],[15.4746,42.1187],[15.473,42.1],[15.4771,42.0971],[15.4833,42.1021]]]}},{"type":"Feature","properties":{"depth":-50},"geometry":{"type":"MultiLineString","coordinates":[[[12.0,41.8982],[12.0126,41.8917],[12.0297,41.8813],[12.04,41.8771],[12.0516,41.8708],[12.0667,41.8594],[12.0695,41.8563],[12.0809,41.8396],[12.0894,41.8292],[12.0938,41.822],[12.1021,41.8039],[12.1104,41.7919],[12.1192,41.775],[12.1314,41.7563],[12.1492,41.7333],[12.1748,41.7104],[12.1882,41.7],[12.1986,41.6938],[12.2167,41.6803],[12.2248,41.675],[12.2438,41.6656],[12.2542,41.6581],[12.2771,41.6437],[12.2917,41.633],[12.3,41.6278],[12.3229,41.6072],[12.3294,41.5958],[12.3375,41.5924],[12.3438,41.5936],[12.35,41.5927],[12.3604,41.5884],[12.3708,41.5824],[12.4042,41.5591],[12.4125,41.5553],[12.4317,41.5417],[12.4458,41.5311],[12.4583,41.5263],[12.4847,41.5063],[12.5042,41.4865],[12.5167,41.4716],[12.5264,41.4625],[12.5375,41.4474],[12.548,41.4354],[12.575,41.4123],[12.5884,41.4021],[12.5979,41.3929],[12.6081,41.3896],[12.6083,41.3848],[12.605,41.3813],[12.6029,41.3729],[12.6044,41.3667],[12.6083,41.3643],[12.6208,41.3622],[12.6332,41.3646],[12.6521,41.3713],[12.6729,41.3745],[12.6813,41.3746],[12.7021,41.3732],[12.7063,41.3723],[12.7312,41.363],[12.7479,41.3579],[12.7538,41.3542],[12.7578,41.35]]]}},{"type":"Feature","properties":{"depth":-20},"geometry":{"type":"MultiLineString","coordinates":[[[16.2021,41.4494],[16.1879,41.4604],[16.1827,41.4667],[16.1808,41.4708],[16.1812,41.4771],[16.1856,41.4854],[16.1938,41.4955],[16.2021,41.5113]]]}},{"type":"Feature","properties":{"depth":-20},"geometry":{"type":"MultiLineString","coordinates":[[[16.2021,41.9237],[16.1958,41.9236],[16.1853,41.9271],[16.1708,41.9346],[16.1646,41.9388],[16.1583,41.9407],[16.1542,41.9438],[16.1417,41.9487],[16.1104,41.9575],[16.1042,41.9582],[16.0875,41.962],[16.0729,41.9598],[16.0634,41.9604],[16.0536,41.9625],[16.0409,41.9688],[16.0292,41.9756],[16.0208,41.9789],[15.9989,41.9854],[15.9792,41.9896],[15.9654,41.9917],[15.9563,41.9923],[15.9354,41.9924],[15.9146,41.9932],[15.8875,41.9928],[15.8479,41.9953],[15.8208,41.9962],[15.7958,41.9976],[15.7854,41.9969],[15.775,41.9974],[15.7583,41.9973],[15.7188,41.9945],[15.6875,41.9908],[15.6708,41.9897],[15.6479,41.9893],[15.6348,41.9875],[15.6229,41.9842],[15.6062,41.9808],[15.5938,41.9798],[15.5646,41.976],[15.5356,41.9729],[15.5208,41.9704],[15.4917,41.9662],[15.4729,41.9641],[15.4625,41.9636],[15.4333,41.9632],[15.4187,41.9606],[15.4062,41.959],[15.3667,41.9566],[15.35,41.9566],[15.3354,41.9578],[15.3021,41.9615],[15.2896,41.9622],[15.2771,41.9616],[15.2604,41.9622],[15.2479,41.9638],[15.2167,41.9703],[15.2063,41.9712],[15.1833,41.9771],[15.1438,41.9851],[15.1354,41.9874],[15.1146,41.9916],[15.1032,41.9958],[15.0941,42.0021],[15.0708,42.0121],[15.0417,42.0223],[15.0194,42.0333],[15.0,42.041],[14.9646,42.057],[14.9527,42.0646],[14.9417,42.0693],[14.9317,42.075],[14.9208,42.0796],[14.8917,42.0969],[14.8812,42.1019],[14.8722,42.1083],[14.8602,42.1146],[14.8479,42.1226],[14.8229,42.1356],[14.8104,42.1445],[14.7917,42.1568],[14.7729,42.1677],[14.7576,42.175],[14.7479,42.1815],[14.7417,42.1843],[14.7185,42.1979],[14.7104,42.2036],[14.6896,42.2155],[14.6813,42.2187],[14.6646,42.2282],[14.654,42.2354],[14.6417,42.2426],[14.6281,42.2542]]]}},{"type":"Feature","properties":{"depth":-20},"geometry":{"type":"MultiLineString","coordinates":[[[12.0,41.9481],[12.0021,41.9472],[12.0083,41.9426],[12.0157,41.9292],[12.0203,41.9229],[12.025,41.9193],[12.0333,41.9158],[12.0458,41.9124],[12.0542,41.9115],[12.0667,41.9115],[12.0706,41.9104],[12.0781,41.9042],[12.0838,41.8979],[12.1037,41.8813],[12.1088,41.8729],[12.1149,41.8542],[12.1183,41.8479],[12.1273,41.825],[12.1292,41.8083],[12.1327,41.8021],[12.1355,41.7917],[12.1465,41.775],[12.1541,41.7604],[12.1604,41.752],[12.1696,41.7417],[12.1742,41.7375],[12.1875,41.7317],[12.1937,41.725],[12.2063,41.7158],[12.2214,41.7104],[12.2245,41.7083],[12.2277,41.7021],[12.2333,41.6975],[12.2417,41.6943],[12.2542,41.6909],[12.2604,41.6869],[12.275,41.6843],[12.2833,41.6806],[12.2896,41.676],[12.2958,41.6696],[12.3083,41.6653],[12.3233,41.6583],[12.3345,41.6521],[12.3449,41.6437],[12.3531,41.6396],[12.3646,41.6315],[12.3805,41.6229],[12.3875,41.6172],[12.3938,41.6139],[12.4021,41.6079],[12.4083,41.6006],[12.4146,41.5975],[12.4271,41.588],[12.4353,41.5833],[12.4708,41.5577],[12.4854,41.5508],[12.497,41.5438],[12.5083,41.5353],[12.5167,41.5268],[12.525,41.5204],[12.5375,41.5085],[12.5431,41.5042],[12.55,41.4968],[12.5604,41.4809],[12.5667,41.4744],[12.5708,41.468],[12.5838,41.4438],[12.5877,41.4396],[12.6,41.4342],[12.6125,41.4269],[12.6208,41.4235],[12.6312,41.4217],[12.6521,41.4224],[12.6667,41.4181],[12.6854,41.415],[12.7,41.4155],[12.7146,41.4116],[12.7271,41.4054],[12.7417,41.3999],[12.7562,41.3922],[12.7688,41.3883],[12.775,41.3854],[12.7812,41.3798],[12.7854,41.3785],[12.7958,41.3805],[12.8104,41.3732],[12.8208,41.3709],[12.8333,41.3725],[12.8417,41.3719],[12.8542,41.3737],[12.8688,41.3738],[12.8854,41.3708],[12.9,41.3663],[12.925,41.3555],[12.9356,41.35]]]}},{"type":"Feature","properties":{"depth":-10},"geometry":{"type":"MultiLineString","coordinates":[[[16.2021,41.3768],[16.1812,41.379],[16.1656,41.3833],[16.1479,41.3926],[16.1356,41.3979],[16.1229,41.4077],[16.1083,41.4142],[16.1004,41.4167],[16.0931,41.4208],[16.075,41.4285],[16.0562,41.4319],[16.0458,41.4355],[16.0375,41.4408],[16.0229,41.4474],[16.0101,41.4583],[16.0063,41.467],[16.0,41.4712],[15.9973,41.4646],[15.9917,41.4589],[15.9833,41.4607],[15.9729,41.4669],[15.9685,41.4708],[15.9616,41.4813],[15.9601,41.4854],[15.9608,41.4896],[15.9646,41.4916],[15.9854,41.4919],[15.9871,41.4937],[15.9855,41.5042],[15.9835,41.5083],[15.9762,41.5146],[15.9596,41.5229],[15.951,41.5292],[15.9499,41.5354],[15.9479,41.5375],[15.9396,41.54],[15.9342,41.5438],[15.9338,41.5521],[15.9348,41.5604],[15.9303,41.5667],[15.9313,41.5703],[15.9383,41.5729],[15.9368,41.5833],[15.9435,41.5979],[15.9393,41.6021],[15.9381,41.6063],[15.9408,41.6125],[15.946,41.6185]]]}},{"type":"Feature","properties":{"depth":-10},"geometry":{"type":"MultiLineString","coordinates":[[[15.9463,41.6192],[15.9479,41.6229],[15.9538,41.6292],[15.9599,41.6313],[15.9688,41.6317],[15.9917,41.6278],[15.9938,41.6293],[15.9991,41.6396],[16.0036,41.6458],[16.0103,41.65],[16.0188,41.653],[16.0295,41.6583],[16.0396,41.6612],[16.0604,41.6701],[16.0708,41.6774],[16.0792,41.6817],[16.0925,41.6917],[16.1038,41.7021],[16.1083,41.7071],[16.1417,41.7308],[16.1471,41.7375],[16.1625,41.7464],[16.1663,41.75],[16.1679,41.7563],[16.1812,41.7647],[16.1851,41.7687]]]}},{"type":"Feature","properties":{"depth":-10},"geometry":{"type":"MultiLineString","coordinates":[[[16.1859,41.7693],[16.1917,41.7718],[16.1968,41.7812],[16.1999,41.7917],[16.1994,41.8021],[16.2021,41.8081]]]}},{"type":"Feature","properties":{"depth":-10},"geometry":{"type":"MultiLineString","coordinates":[[[16.2021,41.8291],[16.1979,41.8337],[16.1958,41.8402],[16.1958,41.8502],[16.1984,41.8583],[16.1989,41.8667],[16.1931,41.8833],[16.189,41.8896],[16.1646,41.9044],[16.1569,41.9125],[16.1521,41.9159],[16.1417,41.9196],[16.1308,41.925],[16.1187,41.9324],[16.0979,41.9423],[16.0813,41.9481],[16.0729,41.9499],[16.0583,41.9519],[16.0417,41.9535],[16.0125,41.9547],[15.9958,41.9536],[15.9812,41.9506],[15.95,41.9469],[15.9271,41.9435],[15.8979,41.9406],[15.8688,41.9386],[15.8583,41.9369],[15.8438,41.936],[15.8333,41.9346],[15.7937,41.9321],[15.7688,41.931],[15.7562,41.9299],[15.7333,41.929],[15.7229,41.929],[15.7,41.9305],[15.6729,41.9338],[15.6479,41.9363],[15.625,41.936],[15.6125,41.9351],[15.5813,41.932],[15.5687,41.9299],[15.5417,41.927],[15.525,41.9246],[15.5146,41.9239],[15.4909,41.9208],[15.4625,41.9183],[15.4354,41.9167],[15.4083,41.916],[15.3917,41.9167],[15.3729,41.9194],[15.3625,41.9216],[15.3364,41.925],[15.3187,41.9281],[15.2979,41.9305],[15.2833,41.9312],[15.2667,41.9305],[15.2333,41.9306],[15.1896,41.9334],[15.1646,41.936],[15.1445,41.9396],[15.1271,41.9441],[15.1042,41.9524],[15.0896,41.9586],[15.0854,41.9611],[15.077,41.9688],[15.0708,41.973],[15.0375,41.9911],[15.0208,41.9987],[14.9979,42.0099],[14.9875,42.0137],[14.9667,42.0185],[14.9521,42.0211],[14.9354,42.0269],[14.9208,42.028],[14.9083,42.0326],[14.8896,42.0388],[14.8792,42.0417],[14.8688,42.0469],[14.8597,42.05],[14.8511,42.0542],[14.8415,42.0604],[14.8292,42.0697],[14.8125,42.0804],[14.8063,42.0829],[14.7958,42.0856],[14.7792,42.0919],[14.7656,42.1],[14.7604,42.1039],[14.7545,42.1104],[14.7503,42.125],[14.7496,42.1375],[14.7473,42.1417],[14.7396,42.1502],[14.7322,42.1604],[14.7221,42.1708],[14.7148,42.1771],[14.7042,42.1808],[14.6917,42.1864],[14.6806,42.1896],[14.6729,42.1928],[14.6513,42.2],[14.6396,42.2045],[14.6333,42.2079],[14.6229,42.2112],[14.6059,42.2188],[14.5854,42.2287],[14.575,42.2363],[14.5583,42.245],[14.5479,42.2482],[14.5412,42.2542]]]}},{"type":"Feature","properties":{"depth":-10},"geometry":{"type":"MultiLineString","coordinates":[[[12.0,41.9755],[12.0062,41.9747],[12.0136,41.9688],[12.0229,41.9587],[12.0265,41.9521],[12.0296,41.9333],[12.0312,41.9307],[12.0396,41.9297],[12.05,41.9338],[12.0583,41.9337],[12.0687,41.9298],[12.1,41.9148],[12.1229,41.9057],[12.1396,41.9035],[12.1438,41.9017],[12.1462,41.8979],[12.1483,41.8833],[12.1505,41.8792],[12.1641,41.8625],[12.1706,41.8521],[12.1813,41.8311],[12.184,41.8271],[12.1938,41.8188],[12.196,41.8146],[12.1982,41.8042],[12.2023,41.7917],[12.2026,41.7792],[12.2119,41.7437],[12.2156,41.7375],[12.225,41.7311],[12.2333,41.7281],[12.2562,41.7231],[12.2747,41.7167],[12.2958,41.7062],[12.3104,41.7005],[12.325,41.6906],[12.3396,41.6838],[12.3792,41.6602],[12.4021,41.6447],[12.4083,41.6373],[12.4229,41.6285],[12.4276,41.625],[12.4354,41.6165],[12.4417,41.6116],[12.4542,41.5993],[12.4625,41.594],[12.475,41.5825],[12.4873,41.5729],[12.4958,41.5635],[12.5083,41.5558],[12.5149,41.55],[12.5229,41.5415],[12.5347,41.5312],[12.5425,41.5229],[12.5521,41.5144],[12.5592,41.5063],[12.575,41.4849],[12.5833,41.4724],[12.6,41.4514],[12.6055,41.4438],[12.6104,41.4397],[12.6208,41.4339],[12.625,41.433],[12.6354,41.4337],[12.6646,41.4418],[12.6729,41.4412],[12.6792,41.4378],[12.7042,41.4327],[12.7104,41.4301],[12.7226,41.4208],[12.7333,41.414],[12.75,41.4058],[12.7604,41.3993],[12.7646,41.3978],[12.7771,41.3956],[12.8,41.3976],[12.8146,41.3966],[12.8229,41.3983],[12.8333,41.398],[12.8479,41.3965],[12.8625,41.3935],[12.9,41.3781],[12.9167,41.3698],[12.9437,41.3546],[12.95,41.3504],[12.9505,41.35]]]}},{"type":"Feature","properties":{"depth":-5},"geometry":{"type":"MultiLineString","coordinates":[[[16.2021,41.3676],[16.1938,41.3697],[16.1792,41.3702],[16.1648,41.3727]]]}},{"type":"Feature","properties":{"depth":-5},"geometry":{"type":"MultiLineString","coordinates":[[[16.1644,41.3729],[16.1521,41.3813],[16.1396,41.3854]]]}},{"type":"Feature","properties":{"depth":-5},"geometry":{"type":"MultiLineString","coordinates":[[[16.1371,41.3871],[16.125,41.395],[16.1062,41.4028],[16.0938,41.4062],[16.0813,41.4105],[16.075,41.4151],[16.0667,41.419],[16.0479,41.4239],[16.0312,41.4301],[16.0208,41.4333],[16.0021,41.4439],[15.9875,41.4462],[15.9708,41.4564],[15.965,41.4579]]]}},{"type":"Feature","properties":{"depth":-5},"geometry":{"type":"MultiLineString","coordinates":[[[12.6648,41.4524],[12.6687,41.4519],[12.6792,41.4452],[12.7021,41.4386],[12.7083,41.4362],[12.7396,41.4167],[12.7542,41.4087],[12.7646,41.4021],[12.775,41.402],[12.7812,41.4046],[12.7937,41.4059],[12.8104,41.4042],[12.8229,41.4071],[12.844,41.4042],[12.8625,41.4001],[12.9042,41.3822],[12.9208,41.3734],[12.9479,41.3567],[12.9566,41.35]]]}},{"type":"Feature","properties":{"depth":-5},"geometry":{"type":"MultiLineString","coordinates":[[[15.9635,41.4583],[15.9563,41.467],[15.95,41.4712],[15.9434,41.4813],[15.9384,41.4917],[15.9311,41.4979],[15.925,41.5049],[15.911,41.5292],[15.9074,41.5375],[15.904,41.5521],[15.9029,41.5625],[15.8989,41.575],[15.9001,41.5896],[15.904,41.6042],[15.9095,41.6125],[15.9229,41.6203],[15.9308,41.6271],[15.9349,41.6333]]]}},{"type":"Feature","properties":{"depth":-5},"geometry":{"type":"MultiLineString","coordinates":[[[15.9487,41.6404],[15.9563,41.6404],[15.975,41.648],[15.9896,41.6579],[16.0063,41.6636],[16.0146,41.6658],[16.0208,41.6689],[16.0375,41.6729],[16.0417,41.675],[16.0479,41.6808],[16.0562,41.6849],[16.0617,41.6896]]]}},{"type":"Feature","properties":{"depth":-5},"geometry":{"type":"MultiLineString","coordinates":[[[16.0661,41.6932],[16.0792,41.7031],[16.0896,41.7125]]]}},{"type":"Feature","properties":{"depth":-5},"geometry":{"type":"MultiLineString","coordinates":[[[16.0896,41.7126],[16.0958,41.7155],[16.115,41.7292]]]}},{"type":"Feature","properties":{"depth":-5},"geometry":{"type":"MultiLineString","coordinates":[[[12.2626,41.7313],[12.2854,41.7221],[12.3,41.7156],[12.3083,41.7107],[12.325,41.6979],[12.3396,41.692],[12.3667,41.6771],[12.3812,41.6681],[12.4042,41.6525],[12.4146,41.6434],[12.4273,41.6354],[12.4491,41.6167],[12.4605,41.6063],[12.4729,41.5962],[12.4796,41.5896],[12.4917,41.5792],[12.502,41.5688],[12.5104,41.5628],[12.5202,41.5542],[12.5397,41.5354],[12.5563,41.5186],[12.5634,41.5104],[12.5792,41.4896],[12.5854,41.4797],[12.6002,41.4625],[12.6063,41.4542],[12.6112,41.4458],[12.6188,41.4415],[12.6375,41.4407],[12.6407,41.4417],[12.6458,41.447],[12.6586,41.4518]]]}},{"type":"Feature","properties":{"depth":-5},"geometry":{"type":"MultiLineString","coordinates":[[[12.2192,41.7683],[12.2221,41.7604],[12.2258,41.7458]]]}},{"type":"Feature","properties":{"depth":-5},"geometry":{"type":"MultiLineString","coordinates":[[[16.1892,41.8396],[16.1868,41.8521],[16.1858,41.8708],[16.1872,41.8792],[16.186,41.886]]]}},{"type":"Feature","properties":{"depth":-5},"geometry":{"type":"MultiLineString","coordinates":[[[16.1782,41.8907],[16.1708,41.8932],[16.1625,41.8998],[16.156,41.9083],[16.15,41.9127],[16.1419,41.9144]]]}},{"type":"Feature","properties":{"depth":-5},"geometry":{"type":"MultiLineString","coordinates":[[[16.1404,41.9146],[16.1292,41.9189],[16.1208,41.9234],[16.1144,41.9292],[16.0938,41.9395],[16.0741,41.9458],[16.0626,41.9479]]]}},{"type":"Feature","properties":{"depth":-5},"geometry":{"type":"MultiLineString","coordinates":[[[16.0588,41.9484],[16.0437,41.95],[16.0104,41.9511],[15.9917,41.949],[15.9812,41.9461],[15.9625,41.9443],[15.9471,41.9417],[15.9313,41.9382],[15.9125,41.9373],[15.8979,41.9356],[15.875,41.9338],[15.8583,41.931],[15.8417,41.9302],[15.8354,41.9289],[15.8063,41.9268],[15.7979,41.9255],[15.7354,41.922],[15.6979,41.9222],[15.6833,41.9236],[15.6687,41.9269],[15.6542,41.929],[15.6375,41.9301],[15.6271,41.9302],[15.6021,41.9277],[15.5854,41.9265],[15.5604,41.9218],[15.5167,41.9176],[15.5062,41.9152],[15.4894,41.9125],[15.4688,41.9101],[15.4479,41.9081],[15.4042,41.9057],[15.3875,41.9062],[15.375,41.908],[15.3562,41.9129],[15.3438,41.9187],[15.3167,41.9233],[15.3,41.9254],[15.2792,41.9263],[15.2562,41.9247],[15.2354,41.924],[15.2063,41.9243],[15.1896,41.9251],[15.1583,41.9279],[15.125,41.9347],[15.1125,41.9381],[15.0958,41.9417],[15.0854,41.9475],[15.0729,41.9576],[15.0625,41.9644],[15.05,41.9744],[15.0375,41.982],[15.0208,41.9885],[15.005,42.0008]]]}},{"type":"Feature","properties":{"depth":-5},"geometry":{"type":"MultiLineString","coordinates":[[[14.9965,42.0063],[14.9875,42.0097],[14.9708,42.0124],[14.9417,42.0163],[14.9146,42.0221],[14.8979,42.0268],[14.887,42.0312],[14.8688,42.0371],[14.8562,42.0405],[14.8458,42.0453],[14.8354,42.0488],[14.8208,42.0566],[14.8042,42.0676],[14.7854,42.0742],[14.7695,42.0792],[14.7604,42.0831],[14.741,42.0938],[14.7375,42.0975],[14.7319,42.1104],[14.7304,42.1167],[14.7261,42.1458],[14.7222,42.1534]]]}},{"type":"Feature","properties":{"depth":-5},"geometry":{"type":"MultiLineString","coordinates":[[[12.0,41.9828],[12.0042,41.9822],[12.0104,41.98],[12.0227,41.9708],[12.0292,41.9646],[12.0345,41.9562],[12.037,41.9479],[12.0396,41.9444],[12.0437,41.9432],[12.0521,41.9431],[12.0625,41.941],[12.0729,41.9365],[12.0896,41.9271],[12.1,41.9228],[12.1146,41.9184],[12.1271,41.9119],[12.1417,41.9077],[12.1489,41.9021],[12.1559,41.8854],[12.1706,41.8667],[12.1807,41.85],[12.187,41.8354],[12.1958,41.827],[12.2055,41.8146],[12.211,41.8021],[12.2186,41.7771],[12.2185,41.7726]]]}},{"type":"Feature","properties":{"depth":-5},"geometry":{"type":"MultiLineString","coordinates":[[[14.7021,42.175],[14.6914,42.1812],[14.6646,42.1889],[14.6527,42.1938],[14.6375,42.1973],[14.6292,42.2015],[14.6229,42.2032],[14.6021,42.2111],[14.5854,42.2181],[14.5708,42.2265],[14.5625,42.2287],[14.55,42.2373],[14.5437,42.2395],[14.5354,42.2446],[14.5244,42.25],[14.52,42.2542]]]}},{"type":"Feature","properties":{"depth":-500},"geometry":{"type":"MultiLineString","coordinates":[[[12.0,41.6694],[12.0106,41.6635],[12.0128,41.6615]]]}},{"type":"Feature","properties":{"depth":-200},"geometry":{"type":"MultiLineString","coordinates":[[[12.0,41.7521],[12.0072,41.7448],[12.0208,41.7324],[12.0271,41.7279],[12.0396,41.7148],[12.0604,41.6912],[12.0774,41.6698],[12.0818,41.6615]]]}},{"type":"Feature","properties":{"depth":-100},"geometry":{"type":"MultiLineString","coordinates":[[[12.0,41.8481],[12.0083,41.8418],[12.0192,41.8344],[12.0248,41.8281],[12.0433,41.8094],[12.0563,41.8006],[12.0604,41.7968],[12.0659,41.7865],[12.0796,41.7677],[12.0917,41.7565],[12.1042,41.7418],[12.1104,41.7365],[12.1331,41.7135],[12.15,41.6981],[12.1659,41.6844],[12.1854,41.6715],[12.1979,41.6615]]]}},{"type":"Feature","properties":{"depth":-50},"geometry":{"type":"MultiLineString","coordinates":[[[12.0,41.8981],[12.0144,41.8906],[12.0333,41.8795],[12.0417,41.8763],[12.05,41.8719],[12.0667,41.8594],[12.0703,41.8552],[12.0801,41.8406],[12.0902,41.8281],[12.0938,41.822],[12.1014,41.8052],[12.1104,41.7919],[12.1174,41.7781],[12.1352,41.751],[12.1521,41.7304],[12.1837,41.7031],[12.2,41.6927],[12.223,41.676],[12.2434,41.6656],[12.2478,41.6615]]]}},{"type":"Feature","properties":{"depth":-20},"geometry":{"type":"MultiLineString","coordinates":[[[12.0,41.9478],[12.0042,41.9459],[12.0083,41.9426],[12.0178,41.926],[12.025,41.9193],[12.0375,41.9144],[12.0458,41.9124],[12.0687,41.9111],[12.0771,41.9052],[12.0849,41.8969],[12.1021,41.8827],[12.1084,41.874],[12.1153,41.8531],[12.1188,41.8469],[12.127,41.826],[12.1283,41.8115],[12.133,41.801],[12.1371,41.7885],[12.1471,41.774],[12.1521,41.7635],[12.1613,41.751],[12.1727,41.7385],[12.1875,41.7317],[12.1937,41.725],[12.2083,41.7148],[12.2232,41.7094],[12.2312,41.6987],[12.2438,41.6938],[12.2542,41.6909],[12.2604,41.6869],[12.275,41.6843],[12.2812,41.6818],[12.2896,41.6759],[12.2958,41.6696],[12.3115,41.6635],[12.3137,41.6615]]]}},{"type":"Feature","properties":{"depth":-20},"geometry":{"type":"MultiLineString","coordinates":[[[12.6417,44.2418],[12.6319,44.249],[12.625,44.258],[12.6188,44.2639],[12.6,44.2849],[12.5875,44.2979],[12.5813,44.3032],[12.5687,44.3167],[12.55,44.3411],[12.5458,44.3448],[12.5333,44.3619],[12.5274,44.3719],[12.5208,44.3793],[12.5097,44.3948],[12.5062,44.4019],[12.5009,44.4094],[12.4881,44.4302],[12.4795,44.4531],[12.475,44.4669],[12.4696,44.4781],[12.4667,44.4862],[12.4625,44.4934],[12.4564,44.5115],[12.445,44.5302],[12.4432,44.5385],[12.443,44.5469],[12.4458,44.5844],[12.4459,44.5948],[12.4421,44.6115],[12.4396,44.6161],[12.4333,44.6225],[12.4234,44.6365],[12.4204,44.6427],[12.4171,44.6552],[12.4166,44.6698],[12.4191,44.6802],[12.4185,44.7052],[12.4218,44.7177],[12.429,44.7323],[12.4329,44.7365],[12.4466,44.7448],[12.4604,44.7554],[12.4695,44.7635],[12.4805,44.7719],[12.4893,44.7802],[12.4958,44.785],[12.5026,44.7948],[12.5083,44.801],[12.5167,44.8062],[12.525,44.8156],[12.5312,44.8262],[12.5479,44.8484],[12.555,44.8552],[12.5618,44.8677],[12.575,44.8849],[12.5808,44.8906],[12.5912,44.9073],[12.5981,44.9198],[12.5993,44.926],[12.5989,44.9385],[12.5974,44.949]]]}},{"type":"Feature","properties":{"depth":-10},"geometry":{"type":"MultiLineString","coordinates":[[[12.0,41.9758],[12.0021,41.9759],[12.0104,41.9718],[12.0223,41.9594],[12.0263,41.9531],[12.0293,41.9344],[12.0312,41.9307],[12.0375,41.9294],[12.0521,41.9342],[12.0604,41.9331],[12.0687,41.9298],[12.1,41.9148],[12.1229,41.9057],[12.1417,41.9029],[12.1464,41.8969],[12.1475,41.8865],[12.1513,41.8781],[12.1562,41.8728],[12.1648,41.8615],[12.1723,41.849],[12.1817,41.8302],[12.1851,41.826],[12.1928,41.8198],[12.1963,41.8135],[12.1984,41.8031],[12.202,41.7927],[12.2027,41.7781],[12.2115,41.7448],[12.2166,41.7365],[12.2229,41.7321],[12.2354,41.7276],[12.2604,41.722],[12.2722,41.7177],[12.2983,41.7052],[12.3125,41.6994],[12.3229,41.6919],[12.3396,41.6838],[12.3625,41.6703],[12.3746,41.6615]]]}},{"type":"Feature","properties":{"depth":-10},"geometry":{"type":"MultiLineString","coordinates":[[[12.6417,44.0746],[12.6354,44.0769],[12.6271,44.0835],[12.6208,44.0871],[12.6144,44.0927],[12.6062,44.0978],[12.5894,44.1115],[12.5687,44.1274],[12.5604,44.1361],[12.5417,44.1523],[12.5229,44.1714],[12.5167,44.1759],[12.5042,44.1878],[12.4979,44.196],[12.4917,44.2017],[12.4812,44.2142],[12.4753,44.224],[12.4688,44.2314],[12.4567,44.2469],[12.4521,44.2549],[12.4354,44.2797],[12.4292,44.2906],[12.4221,44.301],[12.4083,44.3315],[12.4036,44.3385],[12.3926,44.3594],[12.3875,44.3738],[12.3843,44.3802],[12.3771,44.3982],[12.3688,44.414],[12.3649,44.4198],[12.3583,44.4331],[12.3532,44.4406],[12.3422,44.4615],[12.34,44.476],[12.3374,44.4844],[12.3333,44.4895],[12.3176,44.499],[12.3222,44.5052],[12.3304,44.5094],[12.3331,44.5135],[12.3323,44.5219],[12.3319,44.5469],[12.3312,44.5594],[12.3372,44.576],[12.3377,44.5885],[12.3364,44.6052],[12.3353,44.6094],[12.3267,44.6219],[12.3124,44.6448],[12.3042,44.6594],[12.3017,44.6698],[12.303,44.6802],[12.3024,44.6865],[12.2983,44.6969],[12.2987,44.7031],[12.3044,44.7198],[12.3105,44.7302],[12.3146,44.7338],[12.3271,44.7393],[12.3375,44.7422],[12.3498,44.7469],[12.3854,44.7579],[12.4083,44.7653],[12.425,44.7728],[12.433,44.7781],[12.4577,44.799],[12.4646,44.8035],[12.4676,44.8073],[12.4675,44.8135],[12.4697,44.8177],[12.4776,44.826],[12.4896,44.8405],[12.5026,44.851],[12.51,44.8698],[12.5208,44.8877],[12.5331,44.9031],[12.547,44.924],[12.5505,44.9302],[12.5551,44.9344],[12.5626,44.9385],[12.5661,44.9427],[12.5682,44.949]]]}},{"type":"Feature","properties":{"depth":-5},"geometry":{"type":"MultiLineString","coordinates":[[[12.2541,41.7344],[12.2896,41.7205],[12.3063,41.7122],[12.3229,41.6992],[12.3417,41.691],[12.3613,41.6802],[12.3812,41.6681],[12.3888,41.6615]]]}},{"type":"Feature","properties":{"depth":-5},"geometry":{"type":"MultiLineString","coordinates":[[[12.0,41.9828],[12.0042,41.9823],[12.0104,41.98],[12.0208,41.9723],[12.0292,41.9646],[12.0349,41.9552],[12.0375,41.9469],[12.0437,41.9432],[12.0521,41.9431],[12.0625,41.941],[12.0729,41.9365],[12.0876,41.9281],[12.0958,41.9243],[12.1146,41.9184],[12.1271,41.9119],[12.1438,41.9066],[12.1495,41.901],[12.1541,41.8885],[12.1567,41.8844],[12.1687,41.8693],[12.1778,41.8552],[12.1877,41.8344],[12.1979,41.8246],[12.2049,41.8156],[12.2112,41.801],[12.2183,41.7781],[12.218,41.7719],[12.2221,41.7615],[12.2254,41.749],[12.2258,41.7435]]]}},{"type":"Feature","properties":{"depth":-5},"geometry":{"type":"MultiLineString","coordinates":[[[12.6417,44.0288],[12.6271,44.0378],[12.6213,44.0427],[12.6162,44.049],[12.6,44.0638],[12.5852,44.0781],[12.5792,44.0811],[12.5625,44.0847],[12.5528,44.0885],[12.5437,44.0938],[12.5333,44.1018],[12.5139,44.1156],[12.4979,44.1323],[12.4606,44.1615],[12.4458,44.1743],[12.4379,44.1802],[12.4269,44.1906],[12.4104,44.2167],[12.4042,44.2245],[12.3976,44.2365],[12.391,44.2448],[12.3812,44.2547],[12.3708,44.2666],[12.3669,44.274],[12.3605,44.2948],[12.357,44.3156],[12.3493,44.3344],[12.3438,44.3436],[12.3333,44.366],[12.3256,44.399],[12.3217,44.4115],[12.316,44.4219],[12.3038,44.4531],[12.3051,44.4615],[12.3003,44.476],[12.296,44.4844],[12.2986,44.4927],[12.2985,44.4969],[12.2939,44.5031],[12.2908,44.5115],[12.2901,44.5177],[12.2903,44.5406],[12.2926,44.5635],[12.2953,44.574],[12.2963,44.5948],[12.2947,44.6135],[12.2889,44.6302],[12.2836,44.6385],[12.2728,44.6469],[12.2604,44.6672],[12.2539,44.6865],[12.2521,44.6942],[12.2507,44.7094],[12.2521,44.7248],[12.2557,44.7365],[12.2667,44.7519],[12.2812,44.7653],[12.2896,44.7694],[12.3063,44.7758],[12.3125,44.777],[12.3354,44.7771],[12.35,44.7752],[12.3792,44.7737],[12.3875,44.7744],[12.4042,44.7776],[12.4104,44.7796],[12.4229,44.7856],[12.4335,44.7927],[12.4479,44.8075],[12.4542,44.8128],[12.4667,44.826],[12.4723,44.8344],[12.4834,44.8469],[12.4975,44.876],[12.5067,44.8885],[12.5142,44.901],[12.5186,44.9135],[12.5282,44.9302],[12.5379,44.9406],[12.5419,44.949]]]}}]}