{"type":"FeatureCollection","features":[{"type":"Feature","properties":{"depth":-1000},"geometry":{"type":"MultiLineString","coordinates":[[[10.033,40.65],[10.0271,40.663],[10.0208,40.6655],[10.0152,40.6708],[10.0164,40.6792],[10.025,40.6832],[10.0295,40.6896],[10.0284,40.7021],[10.0246,40.7083],[10.0231,40.7208],[10.0188,40.7249],[10.0109,40.7292],[10.0042,40.7341],[10.0,40.7347],[9.9792,40.7342],[9.9625,40.7386],[9.9479,40.7389],[9.9396,40.7362],[9.9372,40.7375],[9.9396,40.7402],[9.95,40.7403],[9.9528,40.7417],[9.9688,40.746],[9.9875,40.7482],[10.0021,40.7511],[10.0104,40.7546],[10.0208,40.762],[10.0292,40.766],[10.0344,40.7729],[10.0394,40.7896],[10.0394,40.7979],[10.0364,40.8083],[10.0289,40.8188],[10.0417,40.8227],[10.0439,40.8271],[10.0394,40.8396],[10.0433,40.8646],[10.0408,40.8687],[10.0271,40.8781],[10.0167,40.877],[10.009,40.8792],[10.0101,40.8833],[10.0167,40.8831],[10.0312,40.8877],[10.0375,40.8876],[10.05,40.8839],[10.0542,40.8855],[10.0596,40.8979],[10.0646,40.9062],[10.0597,40.9125],[10.0479,40.9167],[10.0449,40.9208],[10.05,40.9265],[10.0542,40.9284],[10.0687,40.9306],[10.0783,40.9396],[10.082,40.95],[10.0924,40.9583],[10.0948,40.9667],[10.0999,40.9771],[10.0978,40.9813],[10.0919,40.9854],[10.0813,40.9894],[10.0771,40.9899],[10.0667,40.9871],[10.0542,40.9866],[10.0334,40.9896],[10.0344,40.9917],[10.0479,40.9952],[10.0575,41.0],[10.0595,41.0063],[10.0665,41.0146],[10.0664,41.0167],[10.0521,41.0255],[10.0447,41.0292],[10.045,41.0312],[10.0515,41.0354],[10.0487,41.0396],[10.0437,41.0417],[10.0333,41.042],[10.0259,41.0438],[10.0231,41.0458],[10.0417,41.0486],[10.0521,41.0483],[10.0687,41.0425],[10.0862,41.0354],[10.1042,41.0301],[10.1104,41.0328],[10.1167,41.0397],[10.1208,41.0409],[10.1312,41.0415],[10.1363,41.0438],[10.1363,41.0479],[10.1253,41.0583],[10.1221,41.0646],[10.1258,41.0771],[10.1249,41.0812],[10.1104,41.0938],[10.1075,41.0979],[10.1071,41.1021],[10.1104,41.1054],[10.1167,41.1069],[10.1254,41.1125],[10.1214,41.1167],[10.1146,41.1178],[10.1062,41.1159],[10.0979,41.1173],[10.0891,41.1229],[10.0833,41.1314],[10.0788,41.1313],[10.0771,41.1231],[10.0708,41.1287],[10.0714,41.1354],[10.0792,41.1406],[10.0854,41.1415],[10.0917,41.1396],[10.1,41.13],[10.1042,41.1299],[10.116,41.1354],[10.117,41.1375],[10.114,41.1562],[10.1103,41.1604],[10.1121,41.1646],[10.1217,41.1688],[10.1268,41.175],[10.1283,41.1812],[10.1253,41.1917],[10.1194,41.1979],[10.1176,41.2042],[10.1104,41.2088],[10.1072,41.2125],[10.107,41.2229],[10.1027,41.2333],[10.0992,41.2375],[10.0938,41.2413],[10.0902,41.2458],[10.0882,41.2521],[10.0774,41.2667],[10.0713,41.2771],[10.0674,41.2896],[10.0647,41.2938],[10.0554,41.3021],[10.0498,41.3083],[10.0468,41.3146],[10.0464,41.325],[10.0444,41.3292],[10.031,41.3375],[10.0269,41.3438],[10.0296,41.3521],[10.0491,41.3583],[10.0604,41.3631],[10.0727,41.3646],[10.0875,41.3716],[10.0975,41.375],[10.0975,41.3771],[10.0871,41.3917],[10.0759,41.4042],[10.0687,41.4082],[10.0604,41.4096],[10.05,41.4132],[10.0417,41.4132],[10.0271,41.4084],[10.0125,41.4068],[9.9833,41.3955],[9.9727,41.4021],[9.9722,41.4042],[9.9833,41.4076],[10.0062,41.4137],[10.0204,41.4188],[10.05,41.4264],[10.0583,41.4262],[10.0667,41.424],[10.075,41.4205],[10.0813,41.4194],[10.0896,41.4162],[10.0979,41.4159],[10.1083,41.4139],[10.1114,41.4146],[10.1144,41.425],[10.1146,41.4312],[10.1175,41.4354],[10.125,41.4369],[10.1354,41.4354],[10.1479,41.4352],[10.1542,41.4429],[10.1583,41.445],[10.1646,41.4455],[10.1687,41.4481],[10.1703,41.4521],[10.169,41.4562],[10.1625,41.4617],[10.1542,41.4704],[10.1492,41.4771],[10.1466,41.4833],[10.1453,41.4917],[10.1479,41.5],[10.1532,41.5083],[10.1509,41.5146],[10.1604,41.5146],[10.1646,41.512],[10.1669,41.5063],[10.1657,41.4958],[10.1668,41.4917],[10.1792,41.4825],[10.1833,41.4819],[10.1917,41.4901],[10.2,41.4956],[10.2083,41.5062],[10.2144,41.5125],[10.2167,41.5208],[10.2163,41.525],[10.2104,41.5262],[10.2021,41.5246],[10.1958,41.5252],[10.1936,41.5292],[10.1941,41.5375],[10.1911,41.5458],[10.1791,41.5583],[10.1757,41.5646],[10.176,41.5708],[10.1737,41.575],[10.1646,41.5788],[10.1626,41.5854],[10.1647,41.6],[10.1697,41.6167],[10.1715,41.625],[10.1708,41.6375],[10.1596,41.6625],[10.1554,41.6688],[10.1518,41.6771],[10.1508,41.6833],[10.1514,41.6917],[10.1542,41.6979],[10.165,41.7104],[10.175,41.7171],[10.1813,41.7191],[10.1896,41.7233],[10.1937,41.7271],[10.1992,41.7354],[10.2192,41.7583],[10.2262,41.7687],[10.2363,41.7792],[10.2395,41.7917],[10.2496,41.8062],[10.2518,41.8167],[10.2554,41.8271],[10.2574,41.8417],[10.2628,41.8667],[10.2661,41.8792],[10.2745,41.9],[10.2797,41.9083],[10.2852,41.9146],[10.2869,41.9188],[10.2842,41.925],[10.2893,41.9292],[10.3002,41.9354],[10.3031,41.9396],[10.3,41.9443],[10.2937,41.9457],[10.2854,41.9461],[10.2833,41.9476],[10.2827,41.9542],[10.2854,41.9667],[10.2917,41.9748],[10.3,41.9797],[10.3083,41.9809],[10.3146,41.9793],[10.3229,41.9742],[10.35,41.9658],[10.353,41.9625],[10.3497,41.9521],[10.3507,41.9479],[10.3562,41.9426],[10.3646,41.9181],[10.3668,41.9146],[10.3735,41.9083],[10.3754,41.9042],[10.3729,41.9001],[10.3583,41.8981],[10.3548,41.8958],[10.3531,41.8917],[10.3526,41.8833],[10.3544,41.8708],[10.3549,41.8542],[10.3531,41.8438],[10.3539,41.8354],[10.3625,41.8257],[10.3688,41.8235],[10.3748,41.8188],[10.3779,41.8125],[10.3868,41.8042],[10.389,41.8],[10.3854,41.7811],[10.3896,41.7782],[10.3931,41.7729],[10.3987,41.7583],[10.3989,41.7521],[10.3958,41.7375],[10.3938,41.735],[10.3875,41.7339],[10.3771,41.7274],[10.3646,41.725],[10.3458,41.7128],[10.3375,41.7093],[10.3271,41.7037],[10.3223,41.7],[10.3167,41.6923],[10.3118,41.6812],[10.302,41.6708],[10.3003,41.6646],[10.3022,41.6562],[10.3043,41.6521],[10.3119,41.6458],[10.3146,41.6396],[10.317,41.6271],[10.3208,41.623],[10.3292,41.6204],[10.3338,41.6146],[10.3347,41.6104],[10.3321,41.5979],[10.3322,41.5896],[10.3346,41.5792],[10.3458,41.5693],[10.3646,41.5593],[10.3671,41.5562],[10.3688,41.5479],[10.3719,41.5417],[10.3723,41.5375],[10.3685,41.5312],[10.3673,41.525],[10.3685,41.5167],[10.3708,41.5102],[10.377,41.5021],[10.3842,41.4896],[10.3874,41.4688],[10.3904,41.4604],[10.3903,41.4542],[10.3828,41.4354],[10.3739,41.4229],[10.3646,41.4116],[10.3562,41.4051],[10.35,41.4031],[10.3354,41.4008],[10.3271,41.3959],[10.3156,41.375],[10.3112,41.3646],[10.3109,41.3521],[10.3142,41.3458],[10.3187,41.3419],[10.3313,41.3348],[10.3354,41.3342],[10.3438,41.3405],[10.35,41.3426],[10.3562,41.3472],[10.3667,41.3595],[10.3708,41.3623],[10.3812,41.3633],[10.3854,41.3623],[10.3908,41.3583],[10.4021,41.3542],[10.4062,41.3551],[10.4167,41.3687],[10.4199,41.3792],[10.428,41.3937],[10.4318,41.4042],[10.436,41.4125],[10.4366,41.4167],[10.4352,41.4271],[10.4349,41.4396],[10.4323,41.4521],[10.4331,41.4646],[10.4371,41.4771],[10.4406,41.5021],[10.4374,41.5104],[10.4313,41.5175],[10.4234,41.5229],[10.422,41.5271],[10.4232,41.5354],[10.4218,41.5417],[10.4237,41.5625],[10.4251,41.5979],[10.4247,41.6083],[10.4262,41.6208],[10.4225,41.6354],[10.4253,41.6542],[10.4317,41.6729],[10.4326,41.6875],[10.4366,41.7],[10.4347,41.7083],[10.4386,41.7167],[10.4455,41.7375],[10.4448,41.7479],[10.4417,41.7543],[10.4405,41.7667],[10.4387,41.7729],[10.4325,41.7833],[10.4317,41.7875],[10.433,41.7979],[10.4321,41.8104],[10.431,41.8146],[10.4263,41.8208],[10.4187,41.8278],[10.4151,41.8354],[10.4147,41.8438],[10.4169,41.8542],[10.4206,41.8625],[10.425,41.8763],[10.4313,41.8874],[10.4316,41.8937],[10.4336,41.8979],[10.4437,41.9094],[10.4479,41.9153],[10.4528,41.925],[10.4621,41.9417],[10.475,41.9603],[10.4901,41.9729],[10.4958,41.9813],[10.5,41.9998],[10.5021,42.0053],[10.5084,42.0167],[10.5188,42.0329],[10.5245,42.0396],[10.5274,42.0458],[10.5258,42.0479],[10.5188,42.0509],[10.5142,42.0646],[10.5145,42.0688],[10.5193,42.0792],[10.5235,42.0938],[10.5264,42.0979],[10.5323,42.1021],[10.5308,42.1083],[10.5238,42.1208],[10.5271,42.1227],[10.5458,42.1196],[10.55,42.1218],[10.5536,42.1292],[10.5546,42.1396],[10.5568,42.1437],[10.5646,42.1499],[10.5729,42.1513],[10.5813,42.1479],[10.5867,42.1521],[10.5903,42.1583],[10.5979,42.1643],[10.6042,42.1673],[10.6146,42.1747],[10.6242,42.1833],[10.6312,42.187],[10.6417,42.1869],[10.6458,42.188],[10.6583,42.1982],[10.6875,42.2112],[10.6937,42.2116],[10.7063,42.21],[10.7104,42.2123],[10.7146,42.2171],[10.7312,42.2242],[10.7354,42.2238],[10.7458,42.22],[10.7583,42.2165],[10.7688,42.2187],[10.7896,42.2171],[10.7958,42.2159],[10.8167,42.2085],[10.8229,42.2042],[10.8251,42.2],[10.8239,42.1958],[10.8193,42.1896],[10.8212,42.1771],[10.8202,42.1729],[10.8081,42.1625],[10.8,42.1541],[10.79,42.1479],[10.7834,42.1417],[10.7837,42.1313],[10.7828,42.125],[10.7797,42.1208],[10.7646,42.1158],[10.7573,42.1083],[10.7528,42.1],[10.7466,42.0917],[10.7447,42.0833],[10.7462,42.0792],[10.7542,42.0747],[10.7559,42.0667],[10.7611,42.0562],[10.7646,42.0527],[10.7729,42.0485],[10.7792,42.0487],[10.7854,42.0528],[10.7937,42.0521],[10.8021,42.0484],[10.8063,42.0481],[10.8208,42.0495],[10.8375,42.0484],[10.8417,42.0475],[10.85,42.0394],[10.8554,42.0354],[10.8602,42.0271],[10.8607,42.0167],[10.8644,42.0083],[10.8638,41.9979],[10.8692,41.9937],[10.875,41.9915],[10.8792,41.9916],[10.8854,41.9953],[10.8896,41.9945],[10.8979,41.9892],[10.9074,41.9792],[10.9256,41.9646],[10.9291,41.9604],[10.9278,41.9521],[10.9208,41.9451],[10.9054,41.9354],[10.9029,41.9312],[10.9016,41.9208],[10.8938,41.907],[10.8833,41.9052],[10.8797,41.9021],[10.8833,41.8979],[10.8896,41.8955],[10.8944,41.8958],[10.8927,41.8896],[10.8931,41.8854],[10.9,41.8773],[10.9084,41.875],[10.9125,41.8765],[10.9208,41.8839],[10.9333,41.889],[10.9458,41.8914],[10.9568,41.8958],[10.9598,41.9],[10.9641,41.9104],[10.9708,41.9141],[10.9833,41.9144],[10.9896,41.9131],[11.0,41.9135],[11.0208,41.9131],[11.0312,41.9154],[11.0417,41.9203],[11.0521,41.9269],[11.0667,41.9338],[11.0729,41.938],[11.0771,41.9432],[11.0833,41.9441],[11.0865,41.9417],[11.092,41.9333],[11.0933,41.9229],[11.0932,41.9042],[11.0915,41.8896],[11.0973,41.8813],[11.0965,41.8708],[11.0923,41.8583],[11.0944,41.8438],[11.096,41.8396],[11.1087,41.8292],[11.1114,41.8125],[11.1167,41.8066],[11.1164,41.7979],[11.1064,41.7917],[11.1005,41.7854],[11.0729,41.7766],[11.0563,41.7769],[11.0458,41.7747],[11.0333,41.7682],[11.0256,41.7604],[11.0208,41.7534],[11.0119,41.7437],[11.0025,41.7354],[10.9998,41.7313],[10.9942,41.7167],[10.9938,41.7083],[10.9992,41.7],[11.0005,41.6958],[11.0038,41.6771],[11.0083,41.6705],[11.0212,41.6625],[11.0341,41.6458],[11.0333,41.6426],[11.0289,41.6396],[11.0291,41.6333],[11.0333,41.6225],[11.038,41.6146],[11.0417,41.611],[11.0459,41.6021],[11.05,41.5969],[11.0563,41.5949],[11.0687,41.6011],[11.0771,41.6089],[11.0813,41.6114],[11.0854,41.611],[11.0979,41.6039],[11.1042,41.5964],[11.1107,41.5854],[11.1146,41.5727],[11.1236,41.5562],[11.1245,41.5479],[11.1198,41.5417],[11.1158,41.525],[11.1105,41.5187],[11.1042,41.5172],[11.0979,41.5173],[11.0938,41.5157],[11.087,41.5104],[11.0869,41.5063],[11.0923,41.5],[11.0926,41.4958],[11.09,41.4896],[11.0903,41.4854],[11.1018,41.4771],[11.1027,41.4708],[11.0993,41.4667],[11.0938,41.4634],[11.0901,41.4583],[11.0917,41.4519],[11.0889,41.4417],[11.0838,41.4354],[11.0851,41.4292],[11.0938,41.4276],[11.1021,41.4305],[11.1089,41.4375],[11.1125,41.4436],[11.1167,41.4467],[11.1271,41.4458],[11.1396,41.4491],[11.1438,41.4491],[11.1506,41.4458],[11.1527,41.4417],[11.153,41.4312],[11.1562,41.4272],[11.1646,41.4272],[11.18,41.4333],[11.1875,41.4376],[11.2,41.4358],[11.2125,41.4381],[11.2188,41.4378],[11.2271,41.4389],[11.2284,41.4354],[11.2268,41.4292],[11.2278,41.4208],[11.2328,41.4125],[11.2306,41.4062],[11.2208,41.394],[11.2167,41.3969],[11.2125,41.3976],[11.2075,41.3937],[11.2083,41.3896],[11.2146,41.3878],[11.2207,41.3917],[11.2229,41.3906],[11.2296,41.3771],[11.2319,41.3708],[11.2396,41.3553],[11.2482,41.3417],[11.2521,41.3382],[11.2646,41.3309],[11.2729,41.3292],[11.2834,41.325],[11.2854,41.3229],[11.2887,41.3125],[11.2886,41.3042],[11.2897,41.3],[11.2958,41.2896],[11.3021,41.2845],[11.3125,41.2801],[11.3208,41.2791],[11.3292,41.2879],[11.3396,41.2918],[11.3457,41.2958],[11.3482,41.3],[11.3521,41.3134],[11.3632,41.3167],[11.3663,41.3271],[11.3711,41.3312],[11.3771,41.3341],[11.3875,41.3352],[11.3917,41.3341],[11.3929,41.325],[11.3962,41.3167],[11.4062,41.3072],[11.4146,41.3039],[11.425,41.3039],[11.4354,41.3019],[11.4417,41.2985],[11.4437,41.299],[11.4542,41.3094],[11.4625,41.3105],[11.4688,41.3126],[11.4768,41.3188],[11.4856,41.3292],[11.4862,41.3354],[11.4808,41.3479],[11.4802,41.3521],[11.4812,41.3687],[11.4808,41.375],[11.4736,41.3896],[11.4769,41.3979],[11.4774,41.4104],[11.4742,41.4167],[11.4667,41.4204],[11.4627,41.425],[11.4611,41.4312],[11.4594,41.4458],[11.462,41.4542],[11.472,41.4667],[11.4735,41.4771],[11.4771,41.4807],[11.4893,41.4875],[11.4916,41.4917],[11.4909,41.5],[11.4859,41.5104],[11.4862,41.5167],[11.4888,41.5229],[11.4904,41.5312],[11.4899,41.5375],[11.4925,41.5542],[11.4947,41.5604],[11.4936,41.5646],[11.4876,41.575],[11.4938,41.5781],[11.5034,41.6021],[11.5064,41.6063],[11.5146,41.6094],[11.5208,41.6073],[11.5292,41.5977],[11.5375,41.5929],[11.5479,41.5901],[11.5563,41.5833],[11.5625,41.5821],[11.5687,41.5834],[11.575,41.5897],[11.5813,41.5933],[11.5896,41.6022],[11.5958,41.6049],[11.6062,41.606],[11.6125,41.6084],[11.6208,41.6043],[11.6312,41.5898],[11.6354,41.5877],[11.6479,41.5853],[11.6551,41.5875],[11.6583,41.6024],[11.6687,41.6053],[11.6729,41.6079],[11.6777,41.6208],[11.675,41.6294],[11.6694,41.6354],[11.6701,41.6417],[11.6813,41.648],[11.6853,41.6521],[11.6861,41.6562],[11.6835,41.6646],[11.6771,41.672],[11.6646,41.6759],[11.6589,41.6792],[11.6562,41.6851],[11.6354,41.7015],[11.6185,41.7062],[11.6158,41.7125],[11.6156,41.7229],[11.617,41.7271],[11.6271,41.7357],[11.6312,41.7409],[11.6375,41.7556],[11.6439,41.7667],[11.6479,41.7698],[11.6521,41.7692],[11.6667,41.7631],[11.6771,41.7664],[11.6854,41.765],[11.6932,41.7583],[11.696,41.7542],[11.7001,41.7437],[11.7022,41.7354],[11.7081,41.7271],[11.708,41.7167],[11.7125,41.7093],[11.7204,41.7021],[11.7271,41.6991],[11.7354,41.6972],[11.7438,41.6969],[11.7562,41.6996],[11.7604,41.6994],[11.7679,41.6938],[11.7717,41.6875],[11.7741,41.6771],[11.7739,41.6667],[11.7753,41.6625],[11.7852,41.6417],[11.7876,41.6313],[11.7958,41.6157],[11.7998,41.6104],[11.8082,41.5896],[11.8123,41.5729],[11.8131,41.5646],[11.8127,41.5542],[11.8113,41.5479],[11.8119,41.5396],[11.8115,41.5271],[11.8202,41.5104],[11.8315,41.4917],[11.8364,41.4792],[11.8521,41.4568],[11.8587,41.45],[11.8667,41.44],[11.8701,41.4333],[11.875,41.4286],[11.8854,41.4258],[11.8875,41.424],[11.8886,41.4167],[11.8932,41.4083],[11.9,41.4006],[11.9083,41.3963],[11.9187,41.3938],[11.9313,41.3881],[11.9375,41.3808],[11.9437,41.375],[11.9467,41.3625],[11.9556,41.3417],[11.9592,41.3375],[11.9638,41.3292],[11.9688,41.3224],[11.975,41.3085],[11.9795,41.2958],[11.9801,41.2875],[11.9786,41.2771],[11.9984,41.2667],[12.0021,41.2609],[12.0062,41.2587],[12.0375,41.2627],[12.0563,41.2648],[12.0625,41.2667],[12.0729,41.2742],[12.0833,41.2768],[12.0938,41.2833],[12.1,41.2883]]]}},{"type":"Feature","properties":{"depth":-1000},"geometry":{"type":"MultiLineString","coordinates":[[[8.5201,42.2542],[8.5104,42.2509],[8.5021,42.2502],[8.4958,42.2479],[8.4913,42.2437],[8.4902,42.2333],[8.4868,42.2271],[8.4945,42.2208],[8.4849,42.2104],[8.4823,42.2021],[8.4794,42.1979],[8.4795,42.1938],[8.485,42.1875],[8.4866,42.1833],[8.4817,42.175],[8.483,42.1708],[8.4881,42.1646],[8.491,42.1583],[8.5,42.1551],[8.506,42.1542],[8.5105,42.15],[8.5021,42.146],[8.4971,42.1417],[8.5001,42.1313],[8.4991,42.1271],[8.4958,42.1234],[8.4879,42.1187],[8.4888,42.1146],[8.4938,42.1129],[8.5,42.1129],[8.5008,42.1104],[8.4979,42.1021],[8.5028,42.0958],[8.5031,42.0854],[8.5055,42.0833],[8.5167,42.0828],[8.525,42.0866],[8.5354,42.0874],[8.5355,42.0833],[8.5301,42.0771],[8.5283,42.0729],[8.5329,42.0625],[8.5299,42.0583],[8.5188,42.051],[8.5062,42.0447],[8.4958,42.0417],[8.4913,42.0375],[8.4938,42.0324],[8.5,42.033],[8.5104,42.0324],[8.5146,42.0342],[8.5188,42.0401],[8.525,42.0416],[8.5396,42.0418],[8.5572,42.0354],[8.5708,42.0283],[8.5771,42.0283],[8.5875,42.0304],[8.5906,42.0292],[8.5818,42.0229],[8.5667,42.0209],[8.5641,42.0187],[8.5646,42.0097],[8.5563,42.0125],[8.5479,42.0168],[8.5396,42.0153],[8.5229,42.0063],[8.5192,41.9979],[8.5097,41.9917],[8.512,41.9854],[8.5112,41.9833],[8.5031,41.9792],[8.5008,41.975],[8.5041,41.9688],[8.5035,41.9646],[8.5005,41.9604],[8.5013,41.9542],[8.5104,41.945],[8.5175,41.9396],[8.5125,41.9379],[8.4938,41.9411],[8.4875,41.9442],[8.4812,41.9438],[8.4729,41.9459],[8.4604,41.9403],[8.4521,41.9389],[8.4458,41.9344],[8.4253,41.9104],[8.4264,41.9062],[8.4333,41.9055],[8.4417,41.9074],[8.4563,41.9039],[8.4642,41.9],[8.4691,41.8958],[8.4701,41.8896],[8.4563,41.8811],[8.4458,41.8784],[8.4429,41.875],[8.4378,41.8625],[8.4299,41.8563],[8.4208,41.8443],[8.4157,41.8396],[8.4148,41.8354],[8.4187,41.8327],[8.4292,41.8308],[8.4375,41.8304],[8.4437,41.8275],[8.4525,41.8292],[8.4604,41.8347],[8.4694,41.8354],[8.4713,41.8312],[8.4679,41.8208],[8.4676,41.8167],[8.4729,41.8133],[8.4812,41.813],[8.494,41.8104],[8.4991,41.8062],[8.5021,41.7996],[8.5083,41.8005],[8.5125,41.8039],[8.5167,41.8043],[8.5229,41.7993],[8.5271,41.7981],[8.5375,41.8008],[8.5437,41.804],[8.5542,41.8053],[8.5625,41.81],[8.5771,41.8155],[8.5854,41.8166],[8.5938,41.8195],[8.6,41.8186],[8.6083,41.8189],[8.6125,41.8203],[8.6167,41.8241],[8.625,41.8372],[8.6354,41.8457],[8.6458,41.8499],[8.6549,41.85],[8.6523,41.8458],[8.6438,41.8405],[8.6396,41.8354],[8.6374,41.8271],[8.6375,41.8104],[8.6312,41.8083],[8.6188,41.7979],[8.6154,41.7938],[8.6139,41.7854],[8.6,41.7723],[8.5958,41.7674],[8.5868,41.7625],[8.5822,41.7563],[8.5771,41.7527],[8.5632,41.7396],[8.5664,41.7313],[8.5583,41.7253],[8.5487,41.7229],[8.5464,41.7167],[8.5354,41.7156],[8.5312,41.7142],[8.5235,41.7042],[8.5246,41.7],[8.5312,41.6982],[8.5417,41.6927],[8.5542,41.6941],[8.5681,41.6917],[8.5737,41.6896],[8.581,41.6792],[8.5778,41.6688],[8.5772,41.6604],[8.5799,41.6583],[8.5958,41.6566],[8.6167,41.6535],[8.6375,41.6604],[8.65,41.6617],[8.6562,41.6632],[8.6771,41.6622],[8.6854,41.6659],[8.6917,41.6664],[8.6979,41.6685],[8.7094,41.6688],[8.7154,41.6667],[8.6979,41.6597],[8.6875,41.6542],[8.6687,41.6489],[8.6625,41.6483],[8.6583,41.6462],[8.6527,41.6396],[8.6541,41.6333],[8.6524,41.6292],[8.6417,41.6247],[8.6271,41.6244],[8.6188,41.619],[8.6125,41.6167],[8.6042,41.6165],[8.5875,41.6125],[8.5792,41.6063],[8.5789,41.6021],[8.5833,41.5952],[8.5917,41.5961],[8.5958,41.5953],[8.6021,41.5908],[8.6118,41.5875],[8.612,41.5812],[8.607,41.5729],[8.6047,41.5646],[8.6023,41.5604],[8.5971,41.5562],[8.5993,41.55],[8.6167,41.5431],[8.6274,41.5396],[8.6376,41.5333],[8.6417,41.5327],[8.6542,41.5339],[8.6625,41.5328],[8.6671,41.5271],[8.675,41.5249],[8.6854,41.5269],[8.6937,41.527],[8.7018,41.525],[8.7074,41.5208],[8.7055,41.5187],[8.6896,41.5163],[8.6813,41.5135],[8.671,41.5083],[8.6703,41.5063],[8.6754,41.5],[8.6743,41.4979],[8.6479,41.4977],[8.6412,41.4958],[8.6354,41.4874],[8.6312,41.4854],[8.6188,41.4858],[8.6042,41.4814],[8.5958,41.4798],[8.5917,41.4772],[8.5894,41.4729],[8.5919,41.4646],[8.5988,41.4583],[8.6043,41.4479],[8.6066,41.4396],[8.6059,41.4333],[8.6079,41.425],[8.5986,41.4188],[8.5954,41.4125],[8.5901,41.4062],[8.5915,41.3979],[8.6004,41.3833],[8.5995,41.3813],[8.5917,41.3775],[8.5858,41.3708],[8.5784,41.3646],[8.5687,41.3601],[8.5583,41.3541],[8.5479,41.3524],[8.5333,41.3417],[8.5239,41.3375],[8.5202,41.3312],[8.5133,41.325],[8.515,41.3167],[8.5149,41.3104],[8.5188,41.3086],[8.525,41.3084],[8.5312,41.3066],[8.5426,41.2979],[8.5503,41.2875],[8.5554,41.2833],[8.5636,41.2792],[8.5653,41.2729],[8.5621,41.2687],[8.5625,41.2646],[8.5771,41.2594],[8.5958,41.2583],[8.6,41.2542],[8.6022,41.2458],[8.6062,41.2425],[8.6146,41.241],[8.6292,41.2425],[8.6458,41.2388],[8.6542,41.2389],[8.6646,41.2332],[8.671,41.2271],[8.6741,41.2208],[8.6771,41.218],[8.6841,41.2146],[8.6771,41.2096],[8.675,41.2021],[8.6796,41.1958],[8.6792,41.1906],[8.6751,41.1833],[8.6743,41.1896],[8.6716,41.1938],[8.664,41.1979],[8.6615,41.2021],[8.6576,41.2167],[8.6542,41.2208],[8.6438,41.2194],[8.6312,41.222],[8.6271,41.2204],[8.6188,41.2125],[8.6146,41.2161],[8.6062,41.2149],[8.5938,41.2154],[8.5846,41.2188],[8.575,41.2242],[8.5654,41.2333],[8.5458,41.2385],[8.5271,41.2503],[8.5194,41.2479],[8.5167,41.2441],[8.51,41.2417],[8.5089,41.2354],[8.4958,41.2352],[8.4928,41.2333],[8.4896,41.2278],[8.4792,41.2274],[8.4688,41.2286],[8.4646,41.2262],[8.4583,41.2139],[8.4542,41.2162],[8.45,41.2258],[8.4458,41.2277],[8.4375,41.2265],[8.4313,41.2195],[8.4271,41.2195],[8.4187,41.2279],[8.4145,41.2292],[8.4021,41.228],[8.3917,41.2325],[8.389,41.2313],[8.3871,41.2208],[8.385,41.2167],[8.3782,41.2104],[8.3729,41.207],[8.3562,41.2015],[8.3438,41.1996],[8.3354,41.197],[8.3311,41.1979],[8.3275,41.2021],[8.3281,41.2125],[8.325,41.2173],[8.3167,41.2206],[8.3063,41.2225],[8.3013,41.2208],[8.2948,41.2125],[8.2954,41.2062],[8.2951,41.1938],[8.2937,41.1906],[8.2875,41.1859],[8.2833,41.1863],[8.276,41.1979],[8.2749,41.2042],[8.2688,41.213],[8.2583,41.2153],[8.2458,41.2192],[8.2354,41.2208],[8.2303,41.2188],[8.2243,41.2146],[8.2162,41.2042],[8.2123,41.1979],[8.2043,41.1917],[8.1989,41.175],[8.1917,41.1643],[8.1833,41.162],[8.1771,41.1661],[8.1729,41.1672],[8.1646,41.1628],[8.1583,41.1612],[8.1521,41.1622],[8.1458,41.1684],[8.1417,41.169],[8.1312,41.1673],[8.125,41.1695],[8.1188,41.1677],[8.1141,41.1625],[8.1119,41.1562],[8.112,41.1521],[8.1152,41.1417],[8.1223,41.1333],[8.1239,41.1271],[8.124,41.1208],[8.1293,41.1125],[8.1304,41.1083],[8.1269,41.1021],[8.1229,41.0991],[8.0999,41.0875],[8.0877,41.0792],[8.0833,41.075],[8.0754,41.0646],[8.0608,41.05],[8.0563,41.0447],[8.0524,41.0375],[8.0512,41.0312],[8.0516,41.0229],[8.0531,41.0187],[8.0684,41.0021],[8.0712,40.9896],[8.0744,40.9833],[8.0816,40.9771],[8.0816,40.975],[8.0687,40.965],[8.0646,40.9643],[8.0563,40.9656],[8.048,40.9625],[8.0437,40.9542],[8.0428,40.9458],[8.0444,40.9396],[8.0435,40.9354],[8.0356,40.925],[8.0351,40.9208],[8.0495,40.9125],[8.0497,40.9083],[8.0437,40.9006],[8.0383,40.8958],[8.0334,40.8875],[8.0285,40.8813],[8.0274,40.8771],[8.0281,40.8708],[8.0262,40.8667],[8.0125,40.8557],[7.9949,40.8333],[7.9935,40.8292],[7.9941,40.8229],[7.9927,40.8188],[7.9875,40.8148],[7.9813,40.8128],[7.9783,40.8104],[7.9746,40.8042],[7.9667,40.7998],[7.9604,40.7998],[7.9562,40.7906],[7.9481,40.7875],[7.9468,40.7812],[7.9437,40.7759],[7.9396,40.7735],[7.9302,40.7708],[7.9279,40.7667],[7.9284,40.7604],[7.9314,40.75],[7.9373,40.7396],[7.9371,40.7354],[7.9324,40.7313],[7.9203,40.7229],[7.9194,40.7188],[7.9211,40.7104],[7.9154,40.6792],[7.9104,40.672],[7.9062,40.669],[7.8979,40.6654],[7.891,40.6604],[7.8833,40.6579],[7.8792,40.6591],[7.8688,40.6708],[7.8646,40.6731],[7.85,40.6781],[7.8438,40.6816],[7.8396,40.6816],[7.8383,40.6771],[7.8394,40.6729],[7.8445,40.6646],[7.8421,40.6562],[7.8363,40.65]]]}},{"type":"Feature","properties":{"depth":-1000},"geometry":{"type":"MultiLineString","coordinates":[[[10.2952,40.65],[10.2979,40.6551],[10.3063,40.6592],[10.3205,40.6688],[10.3228,40.6729],[10.3257,40.6854],[10.3228,40.6938],[10.327,40.7042],[10.3284,40.7125],[10.3333,40.7188],[10.3344,40.7229],[10.3333,40.7313],[10.3353,40.7354],[10.3429,40.7437],[10.343,40.7542],[10.3462,40.7604],[10.353,40.7646],[10.3583,40.7734],[10.3645,40.7812],[10.369,40.7958],[10.3729,40.8062],[10.3776,40.8125],[10.3833,40.818],[10.3915,40.8229],[10.393,40.8271],[10.3884,40.8333],[10.3872,40.8479],[10.3807,40.8583],[10.3758,40.8646],[10.3718,40.875],[10.3604,40.8768],[10.3292,40.8756],[10.325,40.8745],[10.3217,40.8708],[10.3176,40.8625],[10.3146,40.8538],[10.3104,40.8507],[10.2958,40.8499],[10.2917,40.848],[10.2856,40.8396],[10.2849,40.8271],[10.2836,40.8208],[10.2771,40.8057],[10.2715,40.7979],[10.2746,40.7792],[10.2734,40.7771],[10.2646,40.7699],[10.2583,40.7705],[10.2542,40.7725],[10.2354,40.7888],[10.2324,40.7938],[10.2292,40.803],[10.225,40.8095],[10.2189,40.8146],[10.2159,40.8208],[10.2134,40.8312],[10.2083,40.8392],[10.2,40.8449],[10.1958,40.8464],[10.1915,40.8417],[10.1918,40.8354],[10.1953,40.825],[10.1918,40.8104],[10.1783,40.7833],[10.1757,40.7687],[10.1776,40.7563],[10.1776,40.75],[10.1799,40.7292],[10.1885,40.7021],[10.1884,40.6917],[10.1861,40.6833],[10.1871,40.6708],[10.1916,40.6583],[10.1925,40.65]]]}},{"type":"Feature","properties":{"depth":-1000},"geometry":{"type":"MultiLineString","coordinates":[[[10.4146,40.8644],[10.4292,40.8644],[10.4333,40.8652],[10.4405,40.8708],[10.4437,40.875],[10.4458,40.8878],[10.451,40.9],[10.4518,40.9146],[10.4567,40.9229],[10.469,40.9354],[10.4717,40.9396],[10.4725,40.95],[10.4742,40.9562],[10.4708,40.9596],[10.4646,40.9596],[10.45,40.9616],[10.4437,40.961],[10.4333,40.9578],[10.4208,40.9567],[10.4146,40.9528],[10.4,40.9463],[10.3958,40.9425],[10.3912,40.9354],[10.3905,40.9271],[10.3876,40.9167],[10.3849,40.9125],[10.3767,40.9062],[10.3752,40.9],[10.3776,40.8917],[10.3812,40.8839],[10.3875,40.8794],[10.3979,40.8701],[10.4062,40.8659],[10.4146,40.8644]]]}},{"type":"Feature","properties":{"depth":-1000},"geometry":{"type":"MultiLineString","coordinates":[[[10.8375,41.0247],[10.8438,41.0255],[10.8537,41.0312],[10.8618,41.0396],[10.8654,41.0458],[10.883,41.0562],[10.8875,41.0611],[10.898,41.0688],[10.9125,41.078],[10.9187,41.0784],[10.925,41.085],[10.9313,41.0961],[10.9389,41.1021],[10.9452,41.1083],[10.9556,41.1167],[10.9688,41.1218],[10.9771,41.1298],[10.9833,41.1309],[10.9854,41.1294],[10.988,41.1229],[10.9883,41.1167],[10.9917,41.1111],[10.9974,41.1063],[10.9991,41.1021],[10.9917,41.0958],[10.9938,41.0915],[10.9979,41.0913],[11.0009,41.0938],[11.0036,41.1021],[11.0104,41.1032],[11.0167,41.0954],[11.0188,41.095],[11.025,41.0993],[11.0375,41.0989],[11.0437,41.0996],[11.0521,41.0976],[11.0604,41.0999],[11.0659,41.1042],[11.0662,41.1083],[11.0604,41.1141],[11.0552,41.1167],[11.0646,41.1291],[11.075,41.1311],[11.0798,41.1375],[11.0755,41.1437],[11.0792,41.1482],[11.0851,41.15],[11.0871,41.1542],[11.0852,41.1583],[11.0881,41.1708],[11.0923,41.1771],[11.0896,41.1897],[11.0813,41.1891],[11.0748,41.1833],[11.0625,41.167],[11.0585,41.1646],[11.0458,41.1611],[11.0413,41.1562],[11.0333,41.1542],[11.0208,41.1468],[11.0125,41.1445],[10.9979,41.1369],[10.9938,41.1362],[10.9896,41.1378],[10.9872,41.1479],[10.9812,41.1518],[10.9784,41.15],[10.9792,41.1437],[10.975,41.1386],[10.9625,41.1383],[10.9521,41.1416],[10.9375,41.1436],[10.9313,41.1418],[10.9229,41.1439],[10.9062,41.1424],[10.8917,41.1378],[10.8875,41.1351],[10.8792,41.1326],[10.8727,41.1292],[10.8692,41.125],[10.8665,41.1187],[10.861,41.1125],[10.8579,41.1042],[10.8542,41.1006],[10.8458,41.0994],[10.8354,41.0935],[10.8313,41.093],[10.8208,41.0953],[10.8186,41.0917],[10.8192,41.0875],[10.8167,41.0856],[10.8104,41.0847],[10.7993,41.0812],[10.7959,41.0792],[10.7959,41.075],[10.7986,41.0729],[10.8063,41.0712],[10.8109,41.0688],[10.8178,41.0625],[10.8247,41.0583],[10.8346,41.05],[10.8369,41.0458],[10.8338,41.0354],[10.8345,41.0271],[10.8375,41.0247]]]}},{"type":"Feature","properties":{"depth":-1000},"geometry":{"type":"MultiLineString","coordinates":[[[11.0146,41.2371],[11.0188,41.2387],[11.0307,41.2479],[11.0396,41.2507],[11.0453,41.2479],[11.05,41.2392],[11.0542,41.2373],[11.0583,41.24],[11.0624,41.25],[11.0615,41.2542],[11.0521,41.2651],[11.0479,41.2681],[11.0396,41.2683],[11.0208,41.2704],[11.0172,41.2729],[11.0176,41.2771],[11.0288,41.2875],[11.0402,41.2938],[11.0422,41.2979],[11.0403,41.3083],[11.0347,41.3167],[11.0325,41.3292],[11.029,41.3354],[11.0271,41.3416],[11.025,41.3542],[11.0243,41.3708],[11.0199,41.3896],[11.0193,41.3958],[11.0146,41.4019],[11.0059,41.4062],[11.0062,41.3958],[10.9928,41.3833],[10.9896,41.3769],[10.9787,41.3667],[10.9746,41.3604],[10.9651,41.3521],[10.962,41.3458],[10.9619,41.3417],[10.9643,41.3375],[10.971,41.3333],[10.9792,41.3312],[10.9881,41.3312],[10.9901,41.3271],[10.989,41.3229],[10.9822,41.3125],[10.9826,41.3062],[10.9873,41.2958],[10.9909,41.2917],[11.0033,41.2833],[10.9875,41.2811],[10.9792,41.2818],[10.9706,41.2812],[10.97,41.275],[10.9646,41.2727],[10.9614,41.2687],[10.9629,41.2646],[10.9745,41.2583],[10.9672,41.2521],[10.9672,41.2458],[10.9729,41.2452],[10.9779,41.25],[10.9812,41.2554],[10.9896,41.255],[11.0,41.2501],[11.0125,41.2381],[11.0146,41.2371]]]}},{"type":"Feature","properties":{"depth":-1000},"geometry":{"type":"MultiLineString","coordinates":[[[11.9375,41.4207],[11.9307,41.4333],[11.9242,41.4396],[11.9227,41.45],[11.925,41.4583],[11.9187,41.4605],[11.9167,41.4633],[11.9115,41.475],[11.9062,41.4813],[11.8984,41.4875],[11.8922,41.4958],[11.8816,41.5083],[11.879,41.5125],[11.8771,41.525],[11.8723,41.5438],[11.8719,41.5542],[11.8687,41.5604],[11.8661,41.5708],[11.8651,41.5812],[11.8627,41.5896],[11.8628,41.5938],[11.8667,41.5988],[11.8729,41.6036],[11.8792,41.6067],[11.8896,41.6066],[11.9042,41.6028],[11.9083,41.601],[11.9146,41.5955],[11.9294,41.5792],[11.9444,41.5583],[11.9485,41.5542],[11.9604,41.5481],[11.9655,41.5438],[11.968,41.5396],[11.971,41.5271],[11.9737,41.5208],[11.9764,41.5104],[11.9864,41.4896],[11.9873,41.4854],[11.9851,41.475],[11.9879,41.4604],[11.9902,41.4542],[11.987,41.4458],[11.9812,41.4426],[11.975,41.4413],[11.9625,41.4334],[11.9517,41.425],[11.9437,41.4201],[11.9375,41.4207]]]}},{"type":"Feature","properties":{"depth":-1000},"geometry":{"type":"MultiLineString","coordinates":[[[10.8875,41.4541],[10.8958,41.4564],[10.9042,41.4624],[10.9083,41.4637],[10.9151,41.4625],[10.9208,41.455],[10.925,41.4545],[10.9417,41.4569],[10.9462,41.4604],[10.9484,41.4667],[10.9499,41.4771],[10.9497,41.4833],[10.954,41.5],[10.9589,41.5083],[10.9651,41.5208],[10.9752,41.5312],[10.9838,41.5375],[11.0042,41.5583],[11.0134,41.5646],[11.0147,41.5688],[11.0083,41.5737],[10.9979,41.5699],[10.9853,41.5667],[10.95,41.5527],[10.9437,41.5539],[10.925,41.5494],[10.9146,41.5501],[10.9021,41.554],[10.8854,41.554],[10.8688,41.5577],[10.8542,41.563],[10.8476,41.5667],[10.8313,41.5787],[10.8245,41.5875],[10.8208,41.5984],[10.8126,41.6146],[10.8123,41.6271],[10.8138,41.6375],[10.8104,41.6443],[10.8042,41.6454],[10.7917,41.6451],[10.7868,41.6375],[10.7868,41.6292],[10.7844,41.625],[10.7792,41.6208],[10.7688,41.6178],[10.7562,41.6122],[10.7417,41.6148],[10.7292,41.613],[10.7188,41.6106],[10.7063,41.6121],[10.6958,41.6119],[10.6833,41.6087],[10.6771,41.6053],[10.6637,41.5896],[10.6613,41.5854],[10.6604,41.5747],[10.6578,41.5667],[10.6586,41.5625],[10.6638,41.5521],[10.667,41.5479],[10.6771,41.5407],[10.6942,41.5312],[10.7099,41.5208],[10.7178,41.5167],[10.7292,41.5125],[10.7375,41.5079],[10.7458,41.5049],[10.7542,41.5033],[10.7688,41.5021],[10.7792,41.5026],[10.7979,41.4988],[10.8063,41.496],[10.8208,41.4926],[10.825,41.4907],[10.8396,41.4819],[10.8583,41.4726],[10.8667,41.4696],[10.8744,41.4646],[10.8791,41.4583],[10.8833,41.455],[10.8875,41.4541]]]}},{"type":"Feature","properties":{"depth":-1000},"geometry":{"type":"MultiLineString","coordinates":[[[11.1375,41.724],[11.1417,41.7227],[11.1521,41.71],[11.1562,41.7062],[11.1646,41.7019],[11.1687,41.6978],[11.175,41.6994],[11.1848,41.7062],[11.1896,41.7086],[11.2,41.7114],[11.2146,41.7229],[11.2271,41.7307],[11.2354,41.7334],[11.2396,41.7325],[11.2542,41.7225],[11.2667,41.7199],[11.2792,41.712],[11.2833,41.711],[11.2867,41.7146],[11.2884,41.725],[11.2889,41.7479],[11.2849,41.7583],[11.2791,41.7646],[11.2752,41.7771],[11.2716,41.7854],[11.2729,41.7936],[11.2875,41.7982],[11.3104,41.7927],[11.3146,41.7949],[11.3184,41.8021],[11.321,41.8104],[11.325,41.8127],[11.3323,41.8104],[11.3375,41.8064],[11.3417,41.8001],[11.343,41.7938],[11.3405,41.7812],[11.3419,41.7729],[11.3458,41.7662],[11.3542,41.7593],[11.3646,41.7564],[11.3684,41.75],[11.3677,41.7417],[11.3648,41.7333],[11.3614,41.7292],[11.35,41.719],[11.3417,41.7153],[11.3325,41.7125],[11.3293,41.7083],[11.3083,41.6981],[11.3029,41.6938],[11.3017,41.6896],[11.3043,41.6812],[11.3056,41.6729],[11.3076,41.6688],[11.3167,41.6573],[11.3368,41.6375],[11.3417,41.6291],[11.3458,41.6262],[11.35,41.6279],[11.3557,41.6354],[11.3625,41.6418],[11.3667,41.641],[11.3688,41.6375],[11.369,41.6313],[11.3729,41.626],[11.3854,41.6279],[11.3938,41.6251],[11.3972,41.6208],[11.4032,41.6021],[11.4034,41.5938],[11.4,41.5892],[11.3938,41.5845],[11.3854,41.5838],[11.3729,41.5864],[11.3667,41.5894],[11.3542,41.5918],[11.3438,41.5906],[11.3396,41.5915],[11.3292,41.5999],[11.3208,41.6018],[11.3104,41.6022],[11.3021,41.6009],[11.2896,41.5972],[11.2792,41.5964],[11.2625,41.5983],[11.2542,41.5976],[11.2458,41.5945],[11.2354,41.593],[11.2229,41.5834],[11.2146,41.5852],[11.2042,41.5859],[11.1979,41.584],[11.1875,41.585],[11.1838,41.5875],[11.1827,41.5958],[11.1804,41.6],[11.1667,41.6113],[11.1623,41.6167],[11.1562,41.6205],[11.1375,41.6408],[11.1312,41.6437],[11.128,41.6479],[11.1261,41.6583],[11.1257,41.6688],[11.1266,41.675],[11.1265,41.6938],[11.1308,41.7125],[11.1375,41.724]]]}},{"type":"Feature","properties":{"depth":-1000},"geometry":{"type":"MultiLineString","coordinates":[[[10.5479,41.6853],[10.5542,41.6863],[10.5695,41.7104],[10.5749,41.725],[10.582,41.7354],[10.5852,41.7417],[10.5898,41.7563],[10.5938,41.7625],[10.6023,41.7729],[10.6051,41.7812],[10.6061,41.7896],[10.6125,41.7956],[10.6175,41.8021],[10.6209,41.8146],[10.6196,41.8271],[10.6259,41.8375],[10.6288,41.85],[10.6272,41.8708],[10.6209,41.8896],[10.6192,41.8979],[10.6205,41.9083],[10.6188,41.9127],[10.6125,41.9177],[10.6083,41.9229],[10.6014,41.9271],[10.5989,41.9312],[10.5996,41.9375],[10.5979,41.9448],[10.5896,41.9526],[10.5771,41.956],[10.5733,41.9542],[10.5689,41.9458],[10.5701,41.9271],[10.5759,41.9167],[10.5761,41.9062],[10.569,41.8917],[10.5692,41.8771],[10.5714,41.8625],[10.5712,41.8521],[10.5732,41.8375],[10.5708,41.8248],[10.5634,41.8062],[10.5604,41.7958],[10.556,41.7875],[10.5486,41.7563],[10.548,41.7479],[10.5433,41.7354],[10.5434,41.7292],[10.541,41.7104],[10.5408,41.7042],[10.5429,41.6917],[10.5479,41.6853]]]}},{"type":"Feature","properties":{"depth":-1000},"geometry":{"type":"MultiLineString","coordinates":[[[11.1354,41.8005],[11.1333,41.8063],[11.1327,41.8146],[11.1344,41.8208],[11.1386,41.8292],[11.139,41.8375],[11.1438,41.843],[11.148,41.8521],[11.1493,41.8604],[11.1485,41.8708],[11.15,41.8833],[11.148,41.8896],[11.15,41.896],[11.1562,41.8982],[11.1708,41.9001],[11.1792,41.9],[11.1937,41.8961],[11.1979,41.8965],[11.2083,41.9009],[11.2167,41.9066],[11.2229,41.9079],[11.2354,41.9047],[11.2458,41.9036],[11.2583,41.906],[11.2772,41.8979],[11.2819,41.8937],[11.2826,41.8833],[11.281,41.8792],[11.2771,41.8767],[11.2688,41.8763],[11.2604,41.8771],[11.256,41.8792],[11.2521,41.8835],[11.2458,41.8834],[11.2354,41.8862],[11.2322,41.8854],[11.2354,41.8804],[11.2417,41.8788],[11.2418,41.8729],[11.2354,41.8604],[11.2348,41.8521],[11.2375,41.8417],[11.2359,41.8354],[11.2292,41.8304],[11.2277,41.8271],[11.2269,41.8125],[11.225,41.8041],[11.2208,41.8013],[11.2104,41.8027],[11.2042,41.8024],[11.1937,41.7991],[11.1875,41.7981],[11.1792,41.7995],[11.1702,41.8042],[11.166,41.8125],[11.1542,41.8176],[11.15,41.8165],[11.1429,41.8104],[11.1404,41.8042],[11.1354,41.8005]]]}},{"type":"Feature","properties":{"depth":-500},"geometry":{"type":"MultiLineString","coordinates":[[[10.0016,40.65],[10.0008,40.6542],[9.9983,40.6583],[9.9909,40.6667],[9.9896,40.675],[9.9925,40.6833],[10.0004,40.6917],[10.0025,40.6958],[10.002,40.7],[9.9896,40.7118],[9.9854,40.7135],[9.9667,40.7129],[9.9632,40.7146],[9.9616,40.7208],[9.9583,40.7229],[9.9521,40.7212],[9.9472,40.7167],[9.9421,40.7062],[9.9375,40.7028],[9.9208,40.697],[9.9083,40.6939],[9.8954,40.6875],[9.8858,40.675],[9.8814,40.6625],[9.8755,40.6562],[9.8735,40.6521],[9.8734,40.65]],[[9.8673,40.65],[9.8667,40.651],[9.8656,40.6583],[9.8673,40.6688],[9.8722,40.6833],[9.8757,40.6896],[9.8812,40.7042],[9.8625,40.7101],[9.8458,40.7136],[9.844,40.7146],[9.846,40.7188],[9.8593,40.725],[9.8604,40.7313],[9.8578,40.7375],[9.8608,40.7437],[9.8601,40.7521],[9.8562,40.7587],[9.8494,40.7625],[9.8463,40.7667],[9.8562,40.7743],[9.8623,40.7687],[9.875,40.7596],[9.8802,40.75],[9.8822,40.7396],[9.8855,40.7313],[9.8938,40.727],[9.9125,40.7277],[9.9146,40.729],[9.9165,40.7354],[9.923,40.75],[9.9232,40.7583],[9.925,40.7633],[9.9313,40.7716],[9.9342,40.7625],[9.9375,40.7594],[9.9479,40.7539],[9.9564,40.7542],[9.9667,40.7591],[9.9812,40.7629],[9.9958,40.7644],[10.0005,40.7687],[10.005,40.7792],[10.0052,40.7833],[10.0025,40.7896],[10.0075,40.7958],[10.0084,40.8],[10.0029,40.8083],[10.0004,40.8146],[10.0002,40.8208],[9.9961,40.825],[9.9875,40.8265],[9.9804,40.8292],[9.9783,40.8333],[9.9834,40.8417],[9.9846,40.8458],[9.981,40.85],[9.9729,40.8535],[9.9625,40.8594],[9.9392,40.8667],[9.9405,40.8708],[9.9453,40.8729],[9.9698,40.8771],[9.979,40.8833],[9.9797,40.8875],[9.9784,40.8958],[9.9731,40.9042],[9.9712,40.9104],[9.9647,40.9146],[9.9652,40.9167],[9.973,40.925],[9.9708,40.9333],[9.9731,40.95],[9.9781,40.9583],[9.9781,40.9625],[9.975,40.9642],[9.9625,40.9667],[9.9542,40.9653],[9.9417,40.9648],[9.9354,40.9658],[9.9146,40.9736],[9.9073,40.975],[9.9059,40.9771],[9.9132,40.9833],[9.9177,40.9854],[9.9292,40.9863],[9.9396,40.9788],[9.9437,40.9793],[9.9515,40.9833],[9.962,40.9917],[9.9649,40.9958],[9.9663,41.0042],[9.963,41.0083],[9.9521,41.011],[9.9375,41.0112],[9.9259,41.0146],[9.9324,41.0292],[9.933,41.0333],[9.9289,41.0354],[9.9134,41.0396],[9.8995,41.0458],[9.9,41.0475],[9.9104,41.0472],[9.9187,41.0483],[9.9271,41.0522],[9.9375,41.051],[9.9411,41.0521],[9.9499,41.0583],[9.9499,41.0604],[9.9418,41.0708],[9.9406,41.075],[9.9473,41.0833],[9.9486,41.0875],[9.9449,41.0938],[9.9461,41.1042],[9.9443,41.1083],[9.9333,41.1149],[9.925,41.1227],[9.9169,41.1271],[9.918,41.1292],[9.9298,41.1333],[9.9345,41.1396],[9.9342,41.15],[9.9359,41.1604],[9.9347,41.1646],[9.9312,41.1688],[9.9195,41.1875],[9.9087,41.1958],[9.9047,41.2042],[9.8998,41.2104],[9.8939,41.2292],[9.8917,41.2323],[9.8854,41.2357],[9.8792,41.2407],[9.8673,41.2479],[9.8396,41.2545],[9.8333,41.2554],[9.833,41.2583],[9.8415,41.2646],[9.8442,41.2708],[9.8375,41.2747],[9.8292,41.2842],[9.825,41.285],[9.8208,41.2826],[9.813,41.275],[9.8098,41.2667],[9.8,41.2605],[9.7937,41.2585],[9.7854,41.2577],[9.7646,41.2575],[9.7498,41.2583],[9.7515,41.2625],[9.7625,41.267],[9.7761,41.2708],[9.7808,41.275],[9.7837,41.2833],[9.7863,41.2875],[9.7917,41.2922],[9.7982,41.3],[9.8005,41.3042],[9.8003,41.3083],[9.7976,41.3125],[9.7937,41.314],[9.7833,41.3149],[9.7729,41.3185],[9.7688,41.318],[9.7652,41.3062],[9.7583,41.2999],[9.7373,41.2896],[9.7292,41.2873],[9.7226,41.2875],[9.7235,41.2896],[9.7333,41.2969],[9.7419,41.3042],[9.745,41.3083],[9.7392,41.3271],[9.7402,41.3312],[9.7445,41.3375],[9.7375,41.3413],[9.725,41.3428],[9.7188,41.3445],[9.7082,41.3458],[9.7086,41.3479],[9.7146,41.3521],[9.725,41.3556],[9.7348,41.3604],[9.7431,41.3667],[9.7429,41.3708],[9.7396,41.3759],[9.7333,41.3825],[9.7208,41.3972],[9.7122,41.4021],[9.6979,41.4028],[9.6913,41.4062],[9.6952,41.4167],[9.6896,41.4248],[9.6813,41.4228],[9.6754,41.4229],[9.6782,41.4333],[9.6776,41.4375],[9.669,41.4479],[9.6625,41.4523],[9.6601,41.4562],[9.6562,41.4669],[9.6521,41.4708],[9.6458,41.4734],[9.6415,41.4792],[9.6386,41.4896],[9.625,41.5031],[9.6156,41.5083],[9.6128,41.5146],[9.6047,41.5271],[9.5987,41.5312],[9.5967,41.5396],[9.5873,41.55],[9.5815,41.5542],[9.5727,41.575],[9.5655,41.5854],[9.551,41.5979],[9.5421,41.6125],[9.5351,41.6229],[9.5292,41.6291],[9.5208,41.6317],[9.518,41.6354],[9.5137,41.6479],[9.5051,41.6542],[9.5012,41.6625],[9.5023,41.6708],[9.4968,41.675],[9.492,41.6812],[9.4914,41.6854],[9.4973,41.6917],[9.4978,41.6958],[9.4899,41.7021],[9.4906,41.7042],[9.498,41.7104],[9.4984,41.7125],[9.4935,41.7167],[9.4911,41.7208],[9.4825,41.7271],[9.4921,41.7333],[9.4939,41.7375],[9.4827,41.7437],[9.4794,41.7542],[9.4807,41.7583],[9.4898,41.7687],[9.4958,41.7733],[9.4979,41.7765],[9.5062,41.7829],[9.5094,41.7875],[9.513,41.8],[9.5155,41.8042],[9.5229,41.8104],[9.5358,41.8188],[9.5413,41.8271],[9.5424,41.8333],[9.545,41.8375],[9.5501,41.8417],[9.5625,41.847],[9.567,41.85],[9.5726,41.8563],[9.5753,41.8687],[9.5794,41.8729],[9.5875,41.876],[9.5887,41.8792],[9.5831,41.8896],[9.5825,41.9],[9.5854,41.9016],[9.5938,41.8986],[9.5972,41.9],[9.6009,41.9125],[9.6019,41.9188],[9.6073,41.9312],[9.61,41.9354],[9.6181,41.9438],[9.6229,41.9474],[9.6382,41.9562],[9.6485,41.9667],[9.6499,41.9708],[9.6486,41.975],[9.6605,41.9917],[9.6679,41.9979],[9.6742,42.0063],[9.6759,42.0125],[9.6885,42.0271],[9.6942,42.0375],[9.7017,42.0438],[9.7016,42.0479],[9.6977,42.0542],[9.6922,42.0583],[9.6898,42.0625],[9.6915,42.0646],[9.7042,42.0644],[9.7146,42.0597],[9.7193,42.0625],[9.72,42.0688],[9.7188,42.0771],[9.7169,42.0812],[9.7102,42.0875],[9.7113,42.0958],[9.7056,42.1063],[9.7049,42.1208],[9.7062,42.1375],[9.7106,42.15],[9.7127,42.1583],[9.7114,42.1625],[9.7033,42.175],[9.7019,42.1812],[9.7007,42.2],[9.7029,42.2083],[9.7009,42.2146],[9.6993,42.2271],[9.7003,42.2333],[9.6968,42.2542]]]}},{"type":"Feature","properties":{"depth":-500},"geometry":{"type":"MultiLineString","coordinates":[[[8.5527,42.2542],[8.5312,42.2499],[8.5188,42.2462],[8.5146,42.2437],[8.5096,42.2375],[8.5117,42.2229],[8.5109,42.2167],[8.5069,42.2104],[8.5036,42.1958],[8.5063,42.1854],[8.5064,42.175],[8.5123,42.1646],[8.5188,42.1614],[8.5243,42.1562],[8.5254,42.1521],[8.5213,42.1437],[8.5222,42.1375],[8.5191,42.125],[8.5215,42.1187],[8.5271,42.1087],[8.5333,42.1017],[8.5375,42.1017],[8.5458,42.1042],[8.5625,42.1071],[8.5638,42.1042],[8.5591,42.1],[8.5575,42.0917],[8.5602,42.0854],[8.5616,42.075],[8.5616,42.0667],[8.5597,42.0542],[8.5625,42.0509],[8.5792,42.05],[8.5875,42.0476],[8.5938,42.0475],[8.6,42.0518],[8.6104,42.0539],[8.6205,42.0583],[8.625,42.062],[8.6312,42.0603],[8.6417,42.0617],[8.6521,42.0544],[8.6772,42.0521],[8.6788,42.05],[8.6687,42.0424],[8.6646,42.041],[8.6583,42.0414],[8.6438,42.038],[8.6375,42.0373],[8.6229,42.0329],[8.6175,42.0292],[8.6083,42.0256],[8.6,42.0183],[8.5917,42.0146],[8.5886,42.0104],[8.5958,42.0007],[8.6029,41.9979],[8.6061,41.9937],[8.6026,41.9917],[8.5917,41.9915],[8.5854,41.9944],[8.5813,41.9942],[8.575,41.9905],[8.5665,41.9896],[8.5648,41.9937],[8.5583,41.9971],[8.55,41.9947],[8.5462,41.9917],[8.5407,41.9833],[8.5311,41.9708],[8.5225,41.9542],[8.5235,41.95],[8.5312,41.9436],[8.5354,41.942],[8.5479,41.9406],[8.5586,41.9375],[8.5571,41.9271],[8.5542,41.925],[8.5479,41.9284],[8.5437,41.9292],[8.5312,41.9265],[8.5083,41.9268],[8.4958,41.9235],[8.4853,41.9229],[8.4774,41.9208],[8.4788,41.9167],[8.4875,41.9135],[8.4958,41.9129],[8.5146,41.9132],[8.5188,41.9126],[8.5271,41.9085],[8.5316,41.9042],[8.532,41.9],[8.5265,41.8958],[8.5122,41.8813],[8.5042,41.8768],[8.4917,41.8725],[8.4812,41.8653],[8.4729,41.8623],[8.4718,41.8583],[8.475,41.8569],[8.4875,41.8546],[8.5,41.8551],[8.5146,41.8517],[8.5165,41.8458],[8.5066,41.8396],[8.5019,41.8354],[8.5019,41.8312],[8.508,41.8271],[8.5167,41.8243],[8.5271,41.8229],[8.5354,41.8208],[8.5458,41.8217],[8.5583,41.8265],[8.5667,41.832],[8.5729,41.8346],[8.5833,41.8477],[8.5875,41.848],[8.5938,41.8446],[8.6,41.8431],[8.6104,41.8436],[8.6188,41.8486],[8.6253,41.8542],[8.6322,41.8583],[8.6362,41.8625],[8.6361,41.8687],[8.6417,41.8711],[8.6521,41.8698],[8.6604,41.8732],[8.6667,41.8775],[8.6729,41.8762],[8.6833,41.8764],[8.6896,41.878],[8.6937,41.882],[8.7,41.8842],[8.7083,41.883],[8.7229,41.8888],[8.7312,41.8935],[8.7458,41.8974],[8.7469,41.8937],[8.7364,41.8813],[8.7312,41.8766],[8.725,41.8731],[8.721,41.8687],[8.722,41.8646],[8.731,41.8604],[8.7269,41.8563],[8.7167,41.8557],[8.7083,41.8575],[8.7038,41.8563],[8.702,41.8521],[8.7109,41.8375],[8.7083,41.8334],[8.6875,41.8383],[8.6846,41.8375],[8.6843,41.8292],[8.6784,41.8208],[8.6737,41.8167],[8.6625,41.8037],[8.6606,41.8],[8.6652,41.7896],[8.6625,41.7881],[8.6562,41.7884],[8.6479,41.787],[8.6453,41.7833],[8.6457,41.7792],[8.6492,41.7708],[8.6458,41.7685],[8.6354,41.7688],[8.6308,41.7646],[8.6208,41.7612],[8.6121,41.7542],[8.605,41.7417],[8.6036,41.7354],[8.5977,41.7271],[8.5911,41.7208],[8.5924,41.7146],[8.5912,41.7104],[8.586,41.7062],[8.5866,41.7042],[8.5938,41.7033],[8.6083,41.7035],[8.6188,41.6988],[8.6333,41.6942],[8.6438,41.6926],[8.6562,41.6877],[8.6646,41.6824],[8.6687,41.6821],[8.6792,41.6864],[8.6818,41.6896],[8.6806,41.6958],[8.6813,41.7017],[8.6834,41.7021],[8.6917,41.6936],[8.7,41.6817],[8.7083,41.683],[8.7208,41.6806],[8.725,41.6819],[8.7292,41.6856],[8.7375,41.6997],[8.7417,41.6951],[8.7446,41.6875],[8.7479,41.6835],[8.7562,41.6812],[8.7646,41.6849],[8.7729,41.6822],[8.7854,41.6813],[8.7979,41.6793],[8.8063,41.6822],[8.8125,41.6772],[8.8239,41.6729],[8.8229,41.6657],[8.8208,41.6648],[8.8083,41.6661],[8.7958,41.6633],[8.7771,41.6652],[8.7604,41.6613],[8.75,41.6609],[8.7417,41.659],[8.7292,41.6582],[8.7208,41.6551],[8.7146,41.6544],[8.7083,41.6521],[8.7021,41.6479],[8.7018,41.6437],[8.7089,41.6375],[8.7069,41.6313],[8.6985,41.625],[8.6948,41.6167],[8.6894,41.6104],[8.6799,41.6042],[8.6774,41.6],[8.6763,41.5896],[8.678,41.5792],[8.6765,41.5708],[8.6657,41.5583],[8.6652,41.5542],[8.6676,41.55],[8.675,41.5438],[8.6792,41.5423],[8.6854,41.5427],[8.7042,41.541],[8.7104,41.5385],[8.7292,41.5357],[8.7333,41.5371],[8.7417,41.5426],[8.7463,41.5396],[8.7543,41.5312],[8.7548,41.5271],[8.7474,41.5229],[8.7476,41.5208],[8.7542,41.5144],[8.7625,41.5102],[8.7781,41.5063],[8.781,41.5042],[8.7791,41.5021],[8.7667,41.4945],[8.7521,41.4939],[8.7354,41.4988],[8.7208,41.4987],[8.7083,41.5032],[8.7049,41.5021],[8.7038,41.4979],[8.7143,41.4854],[8.7147,41.4792],[8.7104,41.4771],[8.6896,41.4802],[8.6852,41.4792],[8.6865,41.475],[8.6983,41.4688],[8.7033,41.4646],[8.7015,41.4583],[8.7024,41.45],[8.7043,41.4438],[8.7014,41.4396],[8.6899,41.4333],[8.6904,41.4292],[8.7,41.4229],[8.7083,41.4146],[8.7209,41.4042],[8.7234,41.4],[8.725,41.3896],[8.7188,41.3789],[8.7146,41.3755],[8.7083,41.3747],[8.7021,41.3757],[8.6999,41.3729],[8.7043,41.3625],[8.7041,41.3563],[8.7057,41.3521],[8.7104,41.3485],[8.7167,41.3478],[8.7203,41.3458],[8.7232,41.3396],[8.7167,41.3333],[8.7157,41.325],[8.7125,41.3196],[8.7083,41.3183],[8.6958,41.3196],[8.675,41.3185],[8.6692,41.3125],[8.6583,41.3056],[8.6458,41.3039],[8.6333,41.3033],[8.6271,41.3002],[8.6181,41.2979],[8.6143,41.2917],[8.6101,41.2875],[8.6086,41.2833],[8.6102,41.2792],[8.6167,41.2723],[8.6272,41.2583],[8.6354,41.2542],[8.6458,41.2521],[8.6542,41.2519],[8.6646,41.2487],[8.6708,41.2437],[8.6896,41.233],[8.7042,41.2334],[8.7167,41.2378],[8.7312,41.2415],[8.7396,41.2412],[8.7582,41.2437],[8.7647,41.2437],[8.7667,41.2418],[8.7676,41.2313],[8.7562,41.2328],[8.7333,41.2254],[8.7229,41.2182],[8.7042,41.2083],[8.6945,41.2021],[8.6967,41.1938],[8.6966,41.1854],[8.6979,41.175],[8.6978,41.1667],[8.7015,41.1625],[8.7083,41.1598],[8.7149,41.1542],[8.7168,41.1437],[8.7296,41.1375],[8.7375,41.1323],[8.7434,41.1271],[8.7472,41.1187],[8.7465,41.1125],[8.744,41.1063],[8.7456,41.0896],[8.748,41.0833],[8.7465,41.0771],[8.7493,41.0708],[8.7479,41.0696],[8.737,41.0729],[8.7349,41.0771],[8.7372,41.0833],[8.7322,41.1042],[8.7335,41.1146],[8.7322,41.1187],[8.7229,41.1234],[8.7167,41.1282],[8.7125,41.1292],[8.6958,41.1296],[8.6896,41.1305],[8.6813,41.1343],[8.678,41.1375],[8.6753,41.1458],[8.6671,41.1542],[8.6642,41.1646],[8.6619,41.1688],[8.6545,41.1771],[8.6481,41.1875],[8.6455,41.1958],[8.6417,41.1992],[8.6229,41.1819],[8.6104,41.1722],[8.6062,41.1681],[8.5982,41.1562],[8.5964,41.1521],[8.5946,41.1292],[8.5946,41.1167],[8.5962,41.1083],[8.5957,41.1021],[8.5905,41.0958],[8.5854,41.0876],[8.5813,41.0872],[8.579,41.0917],[8.5777,41.1021],[8.573,41.1187],[8.5683,41.125],[8.5667,41.1292],[8.5665,41.1354],[8.5645,41.1396],[8.5583,41.143],[8.5488,41.1458],[8.5413,41.1521],[8.5409,41.1604],[8.5458,41.1643],[8.5631,41.1708],[8.5653,41.175],[8.5625,41.1795],[8.55,41.1797],[8.5396,41.1808],[8.5346,41.1833],[8.5263,41.1938],[8.5255,41.2021],[8.5229,41.2061],[8.5125,41.2098],[8.5083,41.2099],[8.4979,41.2042],[8.4833,41.2021],[8.4795,41.1979],[8.4804,41.1938],[8.4875,41.1833],[8.4876,41.1792],[8.4792,41.1775],[8.4708,41.179],[8.4604,41.1846],[8.4479,41.1853],[8.4396,41.1888],[8.4271,41.191],[8.4187,41.1915],[8.4062,41.1858],[8.3917,41.1868],[8.3812,41.1884],[8.375,41.1867],[8.3708,41.1818],[8.3667,41.1802],[8.3542,41.1787],[8.3498,41.1792],[8.3458,41.1853],[8.3438,41.1857],[8.3375,41.1817],[8.3292,41.1801],[8.3221,41.1812],[8.3167,41.1847],[8.3125,41.1841],[8.307,41.175],[8.3058,41.1688],[8.3021,41.1655],[8.2875,41.1639],[8.275,41.1667],[8.2624,41.1708],[8.2609,41.175],[8.2635,41.1854],[8.2628,41.1896],[8.2562,41.199],[8.2458,41.2002],[8.2422,41.1979],[8.24,41.1938],[8.2374,41.1833],[8.2322,41.1771],[8.2271,41.1733],[8.2167,41.1606],[8.2118,41.15],[8.2096,41.1479],[8.2021,41.1456],[8.1958,41.1457],[8.1875,41.1474],[8.1738,41.1437],[8.1623,41.1375],[8.1573,41.1313],[8.158,41.1271],[8.1637,41.1167],[8.1669,41.1083],[8.1672,41.1042],[8.161,41.0938],[8.1562,41.0898],[8.1476,41.0854],[8.1396,41.0769],[8.1292,41.0712],[8.1186,41.0604],[8.1149,41.0542],[8.1075,41.0479],[8.1043,41.0417],[8.1056,41.0312],[8.0986,41.0187],[8.1015,41.0104],[8.1014,40.9979],[8.0985,40.9896],[8.0989,40.9854],[8.1041,40.9792],[8.1044,40.975],[8.0958,40.9656],[8.0863,40.9604],[8.0816,40.9542],[8.0741,40.9479],[8.0716,40.9438],[8.0708,40.9375],[8.0658,40.9229],[8.0716,40.9146],[8.0731,40.9104],[8.0685,40.8979],[8.0646,40.8918],[8.0583,40.8855],[8.0522,40.8771],[8.0511,40.8687],[8.0491,40.8625],[8.0417,40.849],[8.0344,40.8396],[8.0274,40.8333],[8.0208,40.8288],[8.016,40.8229],[8.0138,40.8104],[8.0116,40.8062],[8.0062,40.8008],[8.0,40.7982],[7.9958,40.7941],[7.9875,40.7908],[7.9792,40.7842],[7.9688,40.7793],[7.9615,40.7729],[7.9587,40.7667],[7.95,40.7583],[7.9507,40.7563],[7.9573,40.75],[7.9637,40.7396],[7.964,40.7313],[7.9587,40.7208],[7.9493,40.7125],[7.947,40.7062],[7.9479,40.6994],[7.9562,40.6959],[7.957,40.6938],[7.9558,40.6833],[7.9521,40.6762],[7.9386,40.6625],[7.9316,40.65],[7.9316,40.65]]]}},{"type":"Feature","properties":{"depth":-500},"geometry":{"type":"MultiLineString","coordinates":[[[9.9774,42.2542],[9.9752,42.2437],[9.9728,42.2229],[9.9722,42.2062],[9.9737,42.1854],[9.9794,42.1771],[9.981,42.1667],[9.9765,42.1562],[9.9771,42.1494],[9.9792,42.1474],[9.9896,42.1449],[9.9935,42.1354],[9.9946,42.125],[9.9965,42.1187],[9.997,42.1125],[9.9908,42.0771],[9.988,42.0646],[9.9884,42.0562],[9.9912,42.0458],[9.9975,42.0312],[10.0021,42.0223],[10.0062,42.017],[10.0208,42.0128],[10.025,42.0143],[10.0287,42.0229],[10.0292,42.0312],[10.0312,42.0321],[10.042,42.0167],[10.0441,42.0083],[10.05,41.9964],[10.0563,41.9895],[10.0625,41.9873],[10.059,41.9917],[10.0687,42.0],[10.0746,41.9958],[10.0896,41.9906],[10.0958,41.9898],[10.1104,41.99],[10.1188,41.9891],[10.1354,41.9908],[10.1458,41.9956],[10.1646,41.9984],[10.1732,42.0021],[10.1854,42.0086],[10.1979,42.0144],[10.2063,42.0145],[10.2119,42.0167],[10.2158,42.0208],[10.2165,42.0292],[10.2186,42.0354],[10.22,42.0458],[10.2229,42.0486],[10.2271,42.0475],[10.2354,42.0427],[10.25,42.0439],[10.2604,42.0468],[10.2664,42.0521],[10.2672,42.0562],[10.265,42.0625],[10.2661,42.0688],[10.2713,42.0792],[10.2731,42.0875],[10.2741,42.0979],[10.2815,42.1063],[10.2905,42.1187],[10.298,42.125],[10.3292,42.139],[10.3396,42.1409],[10.3562,42.1381],[10.3604,42.1385],[10.3667,42.1417],[10.379,42.1521],[10.3823,42.1562],[10.383,42.1646],[10.3792,42.1698],[10.369,42.1771],[10.3656,42.1812],[10.3636,42.1896],[10.3652,42.1938],[10.3708,42.1977],[10.3796,42.2021],[10.3849,42.2146],[10.3889,42.2208],[10.3938,42.2241],[10.4021,42.2236],[10.4065,42.2208],[10.4094,42.2167],[10.41,42.2021],[10.4137,42.1979],[10.4208,42.1949],[10.4292,42.194],[10.4375,42.1958],[10.4479,42.2031],[10.4542,42.2127],[10.4607,42.2292],[10.4675,42.2437],[10.4669,42.2479],[10.4632,42.2542]]]}},{"type":"Feature","properties":{"depth":-500},"geometry":{"type":"MultiLineString","coordinates":[[[10.6992,42.2542],[10.7054,42.2521],[10.7271,42.2479],[10.7542,42.2454],[10.7688,42.2463],[10.7771,42.2487],[10.7812,42.2487],[10.7917,42.2465],[10.8021,42.2463],[10.8104,42.244],[10.8167,42.2435],[10.825,42.2447],[10.8313,42.2437],[10.8354,42.2375],[10.8423,42.2375],[10.8479,42.2409],[10.8604,42.2385],[10.87,42.2375],[10.8812,42.2334],[10.9023,42.2208],[10.9054,42.2146],[10.8993,42.2062],[10.8875,42.1996],[10.8771,42.1989],[10.8686,42.1938],[10.8666,42.1833],[10.8695,42.1771],[10.865,42.1708],[10.8521,42.1615],[10.8445,42.1583],[10.8354,42.1521],[10.8239,42.1396],[10.8247,42.1313],[10.8282,42.1271],[10.8333,42.1248],[10.8417,42.1231],[10.845,42.1208],[10.8521,42.1125],[10.8517,42.1083],[10.8479,42.105],[10.8396,42.1026],[10.8292,42.103],[10.8125,42.0988],[10.8062,42.0938],[10.7917,42.087],[10.782,42.0812],[10.7818,42.0771],[10.7849,42.0729],[10.7937,42.0666],[10.8009,42.0646],[10.8104,42.0639],[10.8208,42.066],[10.8271,42.0658],[10.8458,42.0615],[10.8521,42.059],[10.8583,42.0541],[10.8667,42.0507],[10.8708,42.0474],[10.8747,42.0396],[10.8777,42.0292],[10.8854,42.0223],[10.8945,42.0125],[10.9032,42.0063],[10.9146,42.0002],[10.9187,41.9992],[10.9375,41.9982],[10.9646,41.9975],[10.975,41.9965],[10.9833,41.9967],[11.0042,41.9998],[11.0271,42.0074],[11.0333,42.0123],[11.0389,42.0208],[11.0437,42.0314],[11.0479,42.0324],[11.0583,42.0316],[11.0729,42.0362],[11.0799,42.0417],[11.0875,42.0445],[11.0958,42.042],[11.1019,42.0375],[11.1083,42.031],[11.1125,42.0294],[11.1292,42.0267],[11.1323,42.025],[11.1351,42.0187],[11.134,42.0125],[11.1286,42.0042],[11.1282,41.9958],[11.1296,41.9917],[11.1342,41.9875],[11.1478,41.9813],[11.1604,41.9782],[11.1667,41.9757],[11.1813,41.9669],[11.1875,41.9669],[11.1937,41.9694],[11.1979,41.9681],[11.2083,41.962],[11.2208,41.9562],[11.2289,41.95],[11.25,41.9425],[11.2667,41.9385],[11.275,41.9345],[11.2792,41.9352],[11.2902,41.9396],[11.302,41.9458],[11.3083,41.9507],[11.3227,41.9583],[11.3458,41.9633],[11.3562,41.9669],[11.3746,41.9708],[11.384,41.975],[11.3854,41.9833],[11.4062,42.0025],[11.4146,42.0048],[11.4229,42.0042],[11.4375,42.0],[11.4437,41.9965],[11.4479,41.9961],[11.4563,42.0],[11.4597,42.0063],[11.4646,42.0118],[11.4688,42.0134],[11.4771,42.0124],[11.4875,42.009],[11.5,42.0027],[11.4968,41.9896],[11.496,41.9833],[11.4979,41.9771],[11.4957,41.9688],[11.4946,41.9562],[11.4967,41.95],[11.5098,41.9271],[11.5173,41.9208],[11.5292,41.9173],[11.5417,41.9124],[11.5634,41.9083],[11.578,41.9021],[11.5875,41.8989],[11.5938,41.8978],[11.625,41.8955],[11.6438,41.8907],[11.6589,41.8854],[11.6646,41.8825],[11.6701,41.8771],[11.6896,41.8617],[11.7021,41.8543],[11.7271,41.8455],[11.7542,41.8384],[11.7604,41.8354],[11.7708,41.8287],[11.7833,41.8224],[11.7917,41.8165],[11.8041,41.8042],[11.8187,41.7955],[11.8271,41.7895],[11.8354,41.7866],[11.8458,41.7855],[11.8583,41.7855],[11.8771,41.7896],[11.8812,41.788],[11.9021,41.7771],[11.9062,41.7728],[11.9108,41.7646],[11.9167,41.7572],[11.9313,41.7458],[11.9327,41.7417],[11.9324,41.7354],[11.95,41.7188],[11.9604,41.7075],[11.9771,41.6946],[11.9862,41.6854],[11.9939,41.675],[12.0021,41.6679],[12.0125,41.663],[12.0271,41.6539],[12.0396,41.6475],[12.0465,41.6375],[12.0604,41.6208],[12.074,41.6104],[12.081,41.6042],[12.0836,41.6],[12.0849,41.5938],[12.0844,41.5854],[12.0735,41.55],[12.0729,41.5438],[12.0745,41.5354],[12.0801,41.5271],[12.0853,41.5229],[12.0938,41.5188],[12.1,41.5171]]]}},{"type":"Feature","properties":{"depth":-500},"geometry":{"type":"MultiLineString","coordinates":[[[10.2787,40.65],[10.2843,40.6583],[10.2972,40.6708],[10.2996,40.675],[10.3019,40.6896],[10.3055,40.7],[10.3147,40.7188],[10.3191,40.725],[10.32,40.7354],[10.3248,40.7458],[10.325,40.7501],[10.3167,40.7554],[10.3125,40.7568],[10.2959,40.7521],[10.2896,40.7513],[10.2835,40.7479],[10.2807,40.7417],[10.2688,40.7308],[10.2645,40.725],[10.2562,40.7202],[10.2479,40.7181],[10.2417,40.7208],[10.2375,40.7336],[10.2313,40.7437],[10.225,40.748],[10.2208,40.7484],[10.2104,40.7449],[10.2042,40.7397],[10.2026,40.7333],[10.1995,40.7271],[10.2001,40.7208],[10.2086,40.7083],[10.2078,40.7],[10.1972,40.6833],[10.1966,40.6792],[10.1981,40.6708],[10.204,40.6625],[10.2061,40.6521],[10.2072,40.65]]]}},{"type":"Feature","properties":{"depth":-500},"geometry":{"type":"MultiLineString","coordinates":[[[12.05,41.285],[12.0625,41.2932],[12.0751,41.3042],[12.0767,41.3083],[12.0766,41.3208],[12.0783,41.3271],[12.0813,41.329],[12.0875,41.3295],[12.0958,41.3284],[12.1,41.3289]],[[12.1,41.4095],[12.0938,41.4086],[12.0771,41.4092],[12.0583,41.4108],[12.05,41.4108],[12.0396,41.409],[12.0312,41.4055],[12.0229,41.4001],[12.0167,41.3937],[12.014,41.3875],[12.0119,41.3792],[12.0076,41.3542],[12.006,41.3354],[12.0071,41.3271],[12.0104,41.3167],[12.0146,41.3081],[12.0184,41.3042],[12.0417,41.2897],[12.05,41.285]]]}},{"type":"Feature","properties":{"depth":-500},"geometry":{"type":"MultiLineString","coordinates":[[[11.5396,41.7667],[11.5344,41.7729],[11.5204,41.7958],[11.5139,41.8021],[11.5072,41.8104],[11.5027,41.8188],[11.4977,41.825],[11.4875,41.8294],[11.481,41.8333],[11.4758,41.8396],[11.464,41.85],[11.4563,41.8534],[11.4467,41.8521],[11.4443,41.8479],[11.4496,41.8375],[11.4513,41.825],[11.455,41.8167],[11.471,41.7979],[11.482,41.7792],[11.4853,41.7708],[11.4883,41.7542],[11.4916,41.7437],[11.493,41.7313],[11.4954,41.7229],[11.4986,41.7062],[11.4984,41.6979],[11.4919,41.675],[11.4919,41.6667],[11.4953,41.6562],[11.5,41.6501],[11.5062,41.6467],[11.5167,41.6388],[11.5208,41.6375],[11.5267,41.6437],[11.5312,41.6458],[11.5396,41.645],[11.55,41.6383],[11.5542,41.6373],[11.5625,41.6371],[11.5667,41.6386],[11.5716,41.6437],[11.5735,41.6479],[11.5676,41.6688],[11.5684,41.675],[11.5773,41.6854],[11.5779,41.6917],[11.5763,41.6958],[11.5686,41.7083],[11.5666,41.7188],[11.5601,41.7313],[11.556,41.7375],[11.5478,41.7604],[11.5396,41.7667]]]}},{"type":"Feature","properties":{"depth":-200},"geometry":{"type":"MultiLineString","coordinates":[[[9.9232,40.65],[9.9221,40.6542],[9.9202,40.6729],[9.9172,40.6771],[9.9104,40.6773],[9.9058,40.675],[9.8958,40.6613],[9.8901,40.65]],[[9.8384,40.65],[9.8417,40.6527],[9.8443,40.6562],[9.8479,40.6646],[9.848,40.6688],[9.8441,40.675],[9.8437,40.6792],[9.847,40.6833],[9.8563,40.6896],[9.8623,40.6958],[9.8592,40.7],[9.85,40.7021],[9.8313,40.7034],[9.8187,40.7061],[9.8105,40.7104],[9.8146,40.7155],[9.825,40.7194],[9.83,40.7229],[9.8333,40.7271],[9.8324,40.7333],[9.8242,40.7396],[9.8228,40.7437],[9.8296,40.75],[9.8317,40.7563],[9.827,40.7646],[9.8229,40.768],[9.8146,40.7694],[9.8079,40.7729],[9.8056,40.7771],[9.8083,40.7813],[9.8146,40.7833],[9.8167,40.788],[9.8271,40.7843],[9.8333,40.7854],[9.8417,40.7835],[9.8449,40.7854],[9.8452,40.7917],[9.847,40.7958],[9.8563,40.8],[9.8583,40.8075],[9.8604,40.8088],[9.8667,40.8058],[9.8694,40.8021],[9.869,40.7896],[9.8735,40.7771],[9.8833,40.7607],[9.8886,40.7542],[9.8917,40.7456],[9.8958,40.7435],[9.8993,40.7521],[9.9056,40.7604],[9.9075,40.7646],[9.9049,40.775],[9.9072,40.7812],[9.906,40.7833],[9.8963,40.7917],[9.8936,40.7979],[9.8966,40.8042],[9.9042,40.8057],[9.9208,40.8018],[9.9292,40.8027],[9.9325,40.8083],[9.9339,40.8167],[9.9324,40.8208],[9.9229,40.8265],[9.918,40.8333],[9.9185,40.8417],[9.9208,40.8456],[9.9281,40.8521],[9.9,40.861],[9.8877,40.8667],[9.875,40.8679],[9.87,40.8708],[9.8693,40.8771],[9.8751,40.8813],[9.8761,40.8854],[9.8734,40.8917],[9.875,40.899],[9.8792,40.8999],[9.8854,40.8981],[9.8938,40.888],[9.8979,40.8875],[9.9062,40.8897],[9.9208,40.8858],[9.9247,40.8875],[9.9249,40.8937],[9.9221,40.9042],[9.9146,40.9085],[9.9087,40.9146],[9.9088,40.9167],[9.9166,40.9208],[9.9171,40.9229],[9.9136,40.9292],[9.9111,40.9375],[9.9076,40.9438],[9.9,40.9534],[9.8896,40.9621],[9.8812,40.9641],[9.8667,40.9688],[9.8601,40.9667],[9.8562,40.9614],[9.8521,40.9611],[9.8497,40.9646],[9.8499,40.9708],[9.8458,40.9741],[9.8333,40.9751],[9.8322,40.9771],[9.8375,40.9814],[9.8542,40.9829],[9.8667,40.9827],[9.8803,40.9854],[9.8776,40.9896],[9.8646,40.9939],[9.863,40.9958],[9.8654,41.0],[9.8724,41.0042],[9.8741,41.0104],[9.873,41.0167],[9.8752,41.0292],[9.8733,41.0375],[9.8708,41.0396],[9.8604,41.0391],[9.85,41.0348],[9.8458,41.0349],[9.8428,41.0375],[9.8439,41.0438],[9.8384,41.0479],[9.825,41.0504],[9.8187,41.0504],[9.8104,41.0545],[9.7979,41.057],[9.7958,41.0604],[9.7979,41.0645],[9.8063,41.066],[9.8188,41.0646],[9.8375,41.0637],[9.85,41.0605],[9.8562,41.0602],[9.8708,41.0631],[9.875,41.0667],[9.8772,41.0833],[9.8762,41.0938],[9.8708,41.1042],[9.8667,41.1051],[9.8604,41.1032],[9.8479,41.1025],[9.8417,41.1004],[9.8375,41.101],[9.8313,41.106],[9.8229,41.1081],[9.8167,41.1075],[9.8083,41.1081],[9.8,41.1125],[9.8006,41.1167],[9.8083,41.1191],[9.8098,41.1229],[9.8041,41.1313],[9.8027,41.1375],[9.8063,41.1392],[9.8167,41.1347],[9.8271,41.1253],[9.8313,41.1229],[9.8438,41.1211],[9.8478,41.1229],[9.8536,41.1313],[9.8604,41.1363],[9.8674,41.1396],[9.8699,41.1437],[9.8688,41.1562],[9.8646,41.1688],[9.8583,41.1813],[9.85,41.1909],[9.8354,41.1985],[9.8313,41.202],[9.8229,41.2186],[9.8146,41.2246],[9.8104,41.2244],[9.8042,41.2117],[9.8,41.2118],[9.7937,41.2173],[9.7812,41.2178],[9.7729,41.2217],[9.7667,41.2189],[9.7624,41.2229],[9.7628,41.2333],[9.7602,41.2375],[9.7521,41.24],[9.7479,41.2388],[9.7354,41.2302],[9.7312,41.2287],[9.725,41.2323],[9.7104,41.2306],[9.7081,41.2333],[9.7128,41.2396],[9.7208,41.2441],[9.7262,41.25],[9.7271,41.2583],[9.7263,41.2646],[9.7208,41.266],[9.7146,41.2631],[9.7104,41.2634],[9.7021,41.2681],[9.6917,41.2664],[9.6875,41.2666],[9.6792,41.2701],[9.6667,41.2728],[9.6542,41.2741],[9.6438,41.2812],[9.6375,41.2824],[9.6341,41.2854],[9.6312,41.2933],[9.6241,41.2979],[9.6237,41.3021],[9.6312,41.3044],[9.6479,41.2975],[9.6521,41.2967],[9.6708,41.297],[9.6771,41.2953],[9.6833,41.296],[9.6898,41.3],[9.6979,41.3074],[9.7016,41.3146],[9.699,41.3188],[9.6901,41.325],[9.6819,41.3271],[9.6625,41.3276],[9.6542,41.3263],[9.6458,41.3294],[9.6312,41.3314],[9.625,41.3354],[9.6246,41.3375],[9.6292,41.3393],[9.6375,41.3404],[9.6544,41.3438],[9.6603,41.3458],[9.6633,41.35],[9.6609,41.3542],[9.6542,41.3601],[9.6396,41.3688],[9.6333,41.3698],[9.6271,41.3735],[9.6122,41.3771],[9.6112,41.3792],[9.6188,41.3827],[9.6231,41.3875],[9.6208,41.3917],[9.6084,41.3979],[9.5975,41.4021],[9.5998,41.4104],[9.5979,41.4141],[9.5869,41.4271],[9.5813,41.4314],[9.5665,41.4375],[9.5651,41.4396],[9.5662,41.4458],[9.5625,41.4536],[9.5583,41.4579],[9.5492,41.4625],[9.5471,41.4729],[9.5417,41.4803],[9.5353,41.4854],[9.5323,41.4917],[9.523,41.5063],[9.5201,41.5167],[9.519,41.525],[9.5163,41.5333],[9.5093,41.5583],[9.5036,41.5708],[9.4985,41.5854],[9.4917,41.6],[9.4813,41.625],[9.4753,41.6313],[9.4719,41.6458],[9.4727,41.6583],[9.4543,41.6812],[9.4554,41.6896],[9.4506,41.7021],[9.4486,41.7104],[9.4422,41.7208],[9.4332,41.7292],[9.4313,41.7333],[9.4377,41.7396],[9.4383,41.7417],[9.437,41.7646],[9.4396,41.7771],[9.4444,41.7875],[9.4523,41.8021],[9.4536,41.8083],[9.4625,41.8103],[9.4667,41.8124],[9.472,41.8208],[9.4793,41.8271],[9.4803,41.8312],[9.4791,41.8375],[9.4898,41.8417],[9.4949,41.8479],[9.5078,41.8604],[9.5089,41.8687],[9.5124,41.8729],[9.521,41.8792],[9.539,41.8979],[9.5396,41.9042],[9.5348,41.9104],[9.5219,41.9167],[9.5181,41.9208],[9.5203,41.9229],[9.5312,41.9246],[9.5417,41.9241],[9.55,41.9222],[9.5542,41.9227],[9.5601,41.9271],[9.575,41.9435],[9.5816,41.9521],[9.5896,41.9646],[9.593,41.9729],[9.5942,41.9896],[9.5979,41.9918],[9.6084,41.9937],[9.6167,42.005],[9.6212,42.0146],[9.6234,42.025],[9.6259,42.0292],[9.6325,42.0354],[9.6361,42.0417],[9.6401,42.0542],[9.6434,42.075],[9.6384,42.0792],[9.6303,42.0833],[9.6252,42.0875],[9.6251,42.0896],[9.6421,42.0979],[9.647,42.1021],[9.6507,42.1146],[9.6535,42.1313],[9.6539,42.1437],[9.65,42.148],[9.6417,42.1451],[9.6351,42.1479],[9.6366,42.1542],[9.6458,42.1648],[9.6558,42.1708],[9.6577,42.1771],[9.6598,42.1938],[9.658,42.2021],[9.6511,42.2146],[9.6479,42.2188],[9.6397,42.225],[9.6428,42.2292],[9.651,42.2354],[9.6493,42.2417],[9.6539,42.2542]]]}},{"type":"Feature","properties":{"depth":-200},"geometry":{"type":"MultiLineString","coordinates":[[[8.5718,42.2542],[8.5625,42.2485],[8.5363,42.2458],[8.5257,42.2417],[8.5202,42.2375],[8.5186,42.2333],[8.5198,42.225],[8.5196,42.2167],[8.5151,42.1958],[8.5169,42.1833],[8.522,42.1688],[8.5271,42.1623],[8.536,42.1562],[8.5364,42.1521],[8.5318,42.1437],[8.5319,42.1313],[8.5307,42.1208],[8.5358,42.1146],[8.5396,42.1124],[8.5458,42.1116],[8.5521,42.1123],[8.5625,42.1158],[8.579,42.1167],[8.5917,42.1149],[8.5945,42.1125],[8.5922,42.1083],[8.5789,42.1],[8.5779,42.0979],[8.5838,42.0875],[8.588,42.0729],[8.5917,42.0692],[8.6,42.0673],[8.6062,42.0683],[8.6125,42.0729],[8.625,42.0778],[8.6292,42.0778],[8.6377,42.0708],[8.6438,42.07],[8.6625,42.069],[8.6729,42.0692],[8.6781,42.0625],[8.6833,42.0617],[8.7021,42.0639],[8.7063,42.063],[8.7113,42.0562],[8.711,42.0521],[8.7021,42.0453],[8.6917,42.0458],[8.6854,42.044],[8.6729,42.0343],[8.6625,42.0325],[8.6562,42.0337],[8.6455,42.0312],[8.6375,42.0261],[8.6271,42.0252],[8.6125,42.0189],[8.6026,42.0104],[8.6017,42.0083],[8.6058,42.0063],[8.6182,42.0042],[8.6206,41.9979],[8.625,41.9945],[8.6317,41.9937],[8.6329,41.9875],[8.6294,41.9833],[8.6208,41.9819],[8.6083,41.9846],[8.5958,41.984],[8.5833,41.9847],[8.5667,41.9781],[8.5553,41.975],[8.5427,41.9667],[8.5396,41.9626],[8.5357,41.9521],[8.5365,41.95],[8.5424,41.9479],[8.5542,41.9462],[8.5687,41.9472],[8.5732,41.9458],[8.5754,41.9417],[8.5696,41.9312],[8.5704,41.9208],[8.5667,41.9163],[8.5572,41.9146],[8.5516,41.9104],[8.5561,41.9],[8.5535,41.8958],[8.5375,41.8887],[8.5292,41.8815],[8.5167,41.8721],[8.5053,41.8667],[8.5058,41.8625],[8.5104,41.8609],[8.5167,41.8609],[8.525,41.8578],[8.5294,41.8479],[8.529,41.8438],[8.5223,41.8375],[8.522,41.8333],[8.5259,41.8312],[8.5351,41.8292],[8.5437,41.8289],[8.5521,41.8317],[8.558,41.8354],[8.5705,41.8458],[8.5752,41.8542],[8.5792,41.8571],[8.5875,41.8577],[8.5938,41.856],[8.5976,41.8521],[8.6062,41.8509],[8.6146,41.854],[8.6228,41.8604],[8.6246,41.8646],[8.6184,41.875],[8.625,41.882],[8.6292,41.8826],[8.6396,41.8795],[8.6467,41.8833],[8.6491,41.8917],[8.6542,41.8948],[8.6646,41.889],[8.6687,41.8886],[8.6771,41.8901],[8.6833,41.8943],[8.6937,41.8972],[8.7063,41.8953],[8.7188,41.8957],[8.7312,41.9034],[8.7396,41.904],[8.7444,41.9062],[8.7521,41.9127],[8.7688,41.9106],[8.7736,41.9083],[8.7739,41.9021],[8.7621,41.8917],[8.7583,41.8857],[8.7521,41.8817],[8.7481,41.8771],[8.7474,41.8729],[8.7562,41.8667],[8.7585,41.8625],[8.7562,41.8606],[8.7458,41.8581],[8.7397,41.8521],[8.7257,41.8438],[8.7275,41.8375],[8.7398,41.8312],[8.7417,41.8271],[8.7267,41.8229],[8.7208,41.8183],[8.7083,41.8223],[8.7021,41.821],[8.6966,41.8146],[8.6854,41.8047],[8.6758,41.7979],[8.6813,41.7938],[8.6844,41.7875],[8.6923,41.7812],[8.6875,41.7771],[8.6771,41.7761],[8.6712,41.7729],[8.6691,41.7667],[8.6635,41.7646],[8.6396,41.7609],[8.6289,41.7542],[8.6244,41.75],[8.6207,41.7396],[8.6178,41.7292],[8.6138,41.7188],[8.6154,41.7146],[8.6208,41.7102],[8.6312,41.7075],[8.6417,41.7079],[8.6625,41.7061],[8.6672,41.7083],[8.6725,41.7167],[8.6771,41.7212],[8.6833,41.7221],[8.6874,41.7188],[8.6936,41.7083],[8.6958,41.7063],[8.7063,41.7041],[8.7146,41.7065],[8.725,41.7058],[8.7333,41.7149],[8.7438,41.7183],[8.7567,41.7188],[8.752,41.7083],[8.7496,41.7],[8.7521,41.6936],[8.7604,41.6953],[8.7667,41.6953],[8.775,41.6892],[8.7792,41.688],[8.7875,41.6893],[8.7937,41.6885],[8.8037,41.6938],[8.8104,41.6999],[8.8146,41.7005],[8.8208,41.6979],[8.8222,41.6938],[8.8219,41.6854],[8.825,41.6833],[8.8354,41.6836],[8.8438,41.6855],[8.8583,41.6853],[8.8606,41.6812],[8.8526,41.675],[8.8513,41.6708],[8.8552,41.6646],[8.8537,41.6625],[8.8333,41.6513],[8.8229,41.6512],[8.8146,41.6554],[8.8063,41.6564],[8.8,41.6551],[8.7833,41.6544],[8.7771,41.6509],[8.7708,41.6507],[8.7646,41.6527],[8.746,41.6479],[8.7417,41.6437],[8.7416,41.6396],[8.7437,41.6333],[8.7435,41.6292],[8.7379,41.6187],[8.7307,41.5979],[8.725,41.5854],[8.723,41.5667],[8.7233,41.5625],[8.7271,41.5585],[8.7312,41.5579],[8.7458,41.5603],[8.7519,41.5562],[8.7535,41.55],[8.7661,41.5396],[8.7771,41.534],[8.7814,41.5292],[8.7825,41.5187],[8.7854,41.5167],[8.7958,41.5136],[8.8078,41.5063],[8.8108,41.5021],[8.8095,41.4979],[8.8021,41.4916],[8.7937,41.4897],[8.7846,41.4854],[8.7742,41.4792],[8.7625,41.4701],[8.7499,41.4646],[8.7438,41.4581],[8.7382,41.4458],[8.7292,41.4335],[8.7271,41.4291],[8.7272,41.4188],[8.7302,41.4146],[8.7396,41.4082],[8.7447,41.4],[8.7469,41.3875],[8.7475,41.3792],[8.7465,41.3687],[8.7449,41.3625],[8.7413,41.3542],[8.7416,41.35],[8.7447,41.3438],[8.7464,41.3333],[8.7442,41.3167],[8.7426,41.3125],[8.7378,41.3062],[8.7329,41.2958],[8.7319,41.2917],[8.7337,41.2812],[8.7315,41.2708],[8.7354,41.2615],[8.7396,41.259],[8.75,41.2592],[8.7583,41.2578],[8.7708,41.2586],[8.7771,41.2576],[8.7854,41.2522],[8.793,41.2396],[8.7989,41.2313],[8.8001,41.225],[8.8063,41.2202],[8.8167,41.2174],[8.8217,41.2146],[8.8309,41.2062],[8.8307,41.2021],[8.8271,41.2005],[8.8125,41.2024],[8.8042,41.202],[8.7917,41.2035],[8.7729,41.2102],[8.7688,41.2108],[8.7646,41.2089],[8.7551,41.1917],[8.7479,41.1813],[8.7411,41.1729],[8.7358,41.1646],[8.7343,41.1604],[8.7339,41.1521],[8.7356,41.1479],[8.7438,41.141],[8.7511,41.1333],[8.7591,41.1229],[8.7619,41.1146],[8.7601,41.1063],[8.7569,41.1021],[8.7565,41.0979],[8.7619,41.0771],[8.7688,41.0671],[8.7747,41.0604],[8.784,41.0562],[8.7917,41.0547],[8.8,41.0514],[8.8125,41.0447],[8.8215,41.0375],[8.8243,41.0333],[8.8287,41.0187],[8.8289,41.0146],[8.825,41.0101],[8.8176,41.0146],[8.8125,41.0266],[8.8083,41.0308],[8.8,41.0333],[8.7771,41.0329],[8.7688,41.0348],[8.7583,41.0391],[8.7479,41.0399],[8.7444,41.0438],[8.7436,41.05],[8.7338,41.0583],[8.7258,41.0688],[8.7167,41.0762],[8.7125,41.0769],[8.6958,41.0733],[8.6854,41.0744],[8.6771,41.0743],[8.6729,41.0728],[8.657,41.0646],[8.6479,41.0618],[8.6438,41.0594],[8.6375,41.053],[8.6305,41.0438],[8.6271,41.0414],[8.6146,41.0373],[8.6083,41.0361],[8.5958,41.0367],[8.5875,41.0392],[8.5733,41.0458],[8.563,41.0521],[8.559,41.0562],[8.5487,41.0708],[8.5338,41.0833],[8.5304,41.0875],[8.5253,41.0979],[8.5217,41.1083],[8.5134,41.1208],[8.5042,41.1295],[8.4979,41.1332],[8.4833,41.139],[8.4667,41.1427],[8.4587,41.1458],[8.4528,41.15],[8.4388,41.1625],[8.4292,41.1681],[8.4146,41.1726],[8.3979,41.1761],[8.3854,41.1806],[8.3816,41.1792],[8.375,41.1707],[8.3667,41.1669],[8.3542,41.1664],[8.3396,41.168],[8.3313,41.1659],[8.3187,41.1645],[8.3083,41.1573],[8.3042,41.1559],[8.2958,41.1557],[8.2896,41.1543],[8.2833,41.1551],[8.275,41.1577],[8.2667,41.1578],[8.2589,41.1562],[8.247,41.15],[8.2396,41.1447],[8.2208,41.1276],[8.2104,41.1165],[8.1912,41.0917],[8.1833,41.0825],[8.1762,41.0729],[8.1604,41.0538],[8.1516,41.0396],[8.1429,41.0167],[8.1386,41.0083],[8.1312,40.9966],[8.1271,40.9887],[8.118,40.9688],[8.1083,40.9529],[8.0979,40.9316],[8.0917,40.9146],[8.0908,40.9021],[8.0887,40.8937],[8.0771,40.8738],[8.0699,40.8583],[8.0575,40.8375],[8.0528,40.8312],[8.0403,40.8188],[8.0375,40.8143],[8.0328,40.7958],[8.0295,40.7875],[8.0175,40.7687],[8.0092,40.7542],[7.9972,40.7271],[7.9949,40.7188],[7.9905,40.7104],[7.9854,40.7046],[7.9785,40.6917],[7.979,40.6812],[7.9781,40.6667],[7.976,40.6604],[7.9674,40.65]]]}},{"type":"Feature","properties":{"depth":-200},"geometry":{"type":"MultiLineString","coordinates":[[[10.0684,42.2542],[10.0669,42.2479],[10.0672,42.2417],[10.0701,42.2354],[10.0725,42.2229],[10.0753,42.2125],[10.0746,42.2062],[10.0767,42.2021],[10.0823,42.1979],[10.0859,42.1917],[10.0889,42.1729],[10.0895,42.1625],[10.0917,42.1577],[10.0979,42.151],[10.1062,42.1534],[10.1146,42.1612],[10.125,42.1642],[10.1312,42.1669],[10.1458,42.1694],[10.1542,42.1679],[10.1583,42.1695],[10.1605,42.1771],[10.1687,42.1819],[10.1819,42.1938],[10.1896,42.2047],[10.1937,42.2058],[10.1991,42.2],[10.2044,42.2],[10.2063,42.2052],[10.1978,42.2083],[10.2042,42.2144],[10.2033,42.2271],[10.2064,42.2396],[10.2064,42.2458],[10.2045,42.2479],[10.1874,42.2542]]]}},{"type":"Feature","properties":{"depth":-200},"geometry":{"type":"MultiLineString","coordinates":[[[10.8753,42.2542],[10.9005,42.2417],[10.9104,42.2383],[10.9206,42.2313],[10.9271,42.2278],[10.9354,42.2251],[10.9412,42.2208],[10.9435,42.2167],[10.9431,42.2083],[10.9369,42.1979],[10.9358,42.1938],[10.9374,42.1854],[10.9417,42.1796],[10.9563,42.169],[10.9667,42.1652],[10.9833,42.157],[10.9958,42.1477],[11.0104,42.1406],[11.0344,42.1271],[11.0417,42.1242],[11.0563,42.1199],[11.0687,42.1151],[11.0854,42.1119],[11.1042,42.1072],[11.1271,42.1049],[11.1518,42.1083],[11.1729,42.114],[11.1917,42.1143],[11.2,42.1152],[11.2292,42.1233],[11.2396,42.1255],[11.2583,42.1277],[11.2854,42.1331],[11.3042,42.1349],[11.3292,42.1352],[11.3438,42.1343],[11.3625,42.1307],[11.3833,42.1243],[11.3979,42.1175],[11.425,42.1],[11.4604,42.0844],[11.4735,42.0771],[11.4979,42.0677],[11.525,42.0544],[11.5333,42.0524],[11.5422,42.0438],[11.5646,42.025],[11.5729,42.0173],[11.5938,42.0007],[11.6104,41.99],[11.6289,41.9771],[11.6458,41.9674],[11.6536,41.9604],[11.6583,41.9497],[11.6612,41.9458],[11.6708,41.9411],[11.6875,41.926],[11.6937,41.9219],[11.7021,41.9196],[11.7167,41.9188],[11.722,41.9146],[11.7312,41.9046],[11.7417,41.8963],[11.7528,41.8833],[11.7562,41.8806],[11.7667,41.8757],[11.7812,41.8717],[11.7896,41.8683],[11.8,41.8613],[11.8146,41.8556],[11.8229,41.8502],[11.8313,41.8461],[11.8646,41.8343],[11.8729,41.8306],[11.89,41.8208],[11.9042,41.8179],[11.9125,41.8148],[11.9271,41.8031],[11.9363,41.7979],[11.9521,41.7863],[11.9563,41.7838],[11.9667,41.7802],[11.9875,41.7664],[11.9937,41.7583],[12.0062,41.7457],[12.0224,41.7313],[12.0271,41.7279],[12.0378,41.7167],[12.06,41.6917],[12.0767,41.6708],[12.0958,41.645],[12.1,41.6408]]]}},{"type":"Feature","properties":{"depth":-200},"geometry":{"type":"MultiLineString","coordinates":[[[10.2559,40.65],[10.255,40.6625],[10.2538,40.6667],[10.2432,40.6792],[10.2403,40.6896],[10.2292,40.6965],[10.225,40.6973],[10.2167,40.6941],[10.2125,40.691],[10.2083,40.6855],[10.2083,40.675],[10.212,40.6708],[10.2178,40.6562],[10.2197,40.65]]]}},{"type":"Feature","properties":{"depth":-100},"geometry":{"type":"MultiLineString","coordinates":[[[9.8263,40.65],[9.8277,40.6521],[9.8354,40.6567],[9.8387,40.6646],[9.8356,40.6792],[9.8394,40.6896],[9.8378,40.6938],[9.8289,40.6979],[9.8021,40.706],[9.7994,40.7083],[9.7985,40.7125],[9.8021,40.7167],[9.8104,40.7217],[9.8186,40.725],[9.8223,40.7292],[9.821,40.7333],[9.8139,40.7396],[9.813,40.7479],[9.8187,40.7547],[9.8063,40.7615],[9.8004,40.7687],[9.7943,40.7792],[9.7961,40.7833],[9.8038,40.7896],[9.8104,40.799],[9.8167,40.7991],[9.8271,40.7917],[9.8354,40.7922],[9.8375,40.7945],[9.8402,40.8021],[9.8436,40.8062],[9.8461,40.8146],[9.85,40.8179],[9.8604,40.8194],[9.8812,40.8099],[9.8875,40.8124],[9.9,40.8212],[9.9037,40.8271],[9.9017,40.8396],[9.8987,40.8438],[9.8875,40.8544],[9.8646,40.8629],[9.8601,40.8667],[9.8588,40.8708],[9.8589,40.8813],[9.8609,40.8875],[9.8607,40.8958],[9.8637,40.9042],[9.8667,40.909],[9.8708,40.9113],[9.8795,40.9125],[9.8811,40.9146],[9.8853,40.9271],[9.885,40.9312],[9.882,40.9354],[9.8708,40.9462],[9.8667,40.948],[9.85,40.9482],[9.844,40.9521],[9.8354,40.9621],[9.825,40.9638],[9.8208,40.9656],[9.8157,40.9708],[9.8152,40.975],[9.8223,40.9875],[9.8208,40.995],[9.8148,41.0167],[9.8083,41.0301],[9.8014,41.0396],[9.7917,41.0473],[9.7882,41.0521],[9.7852,41.0667],[9.7858,41.0708],[9.7896,41.0744],[9.7958,41.0755],[9.8003,41.0792],[9.8011,41.0833],[9.8,41.0917],[9.7956,41.1],[9.7903,41.1063],[9.7883,41.1104],[9.7882,41.1229],[9.7934,41.1292],[9.7875,41.1504],[9.7803,41.1625],[9.7771,41.1647],[9.7708,41.1656],[9.7625,41.1718],[9.7542,41.175],[9.7292,41.1811],[9.7167,41.1852],[9.7104,41.1895],[9.7083,41.1939],[9.7067,41.2021],[9.708,41.2083],[9.7007,41.2146],[9.6896,41.2196],[9.6792,41.2254],[9.6676,41.2396],[9.6644,41.2458],[9.6604,41.25],[9.6403,41.2646],[9.6312,41.2696],[9.6188,41.2813],[9.6136,41.2875],[9.6074,41.2979],[9.6065,41.3062],[9.6085,41.3125],[9.607,41.325],[9.6021,41.3334],[9.5977,41.3458],[9.5974,41.3542],[9.5988,41.3583],[9.5977,41.3625],[9.5877,41.3771],[9.5792,41.396],[9.5667,41.4066],[9.5604,41.41],[9.5555,41.4146],[9.5513,41.4229],[9.5514,41.4292],[9.5458,41.4357],[9.5375,41.4365],[9.5312,41.4435],[9.5254,41.4542],[9.5246,41.4604],[9.5172,41.4771],[9.5042,41.4932],[9.4917,41.5073],[9.4854,41.5129],[9.4785,41.5208],[9.472,41.5333],[9.4689,41.5417],[9.4675,41.5604],[9.4627,41.5771],[9.4596,41.5833],[9.4583,41.5943],[9.4554,41.6021],[9.4578,41.6229],[9.4572,41.6354],[9.4557,41.6417],[9.4549,41.6521],[9.453,41.6583],[9.4463,41.675],[9.4447,41.6812],[9.445,41.6875],[9.4375,41.7103],[9.4333,41.7186],[9.4239,41.7292],[9.4229,41.7354],[9.4279,41.7458],[9.4286,41.75],[9.4274,41.7604],[9.4279,41.7771],[9.4305,41.7854],[9.4396,41.8024],[9.4425,41.8125],[9.4459,41.8167],[9.4532,41.8208],[9.4589,41.8271],[9.4633,41.8354],[9.4655,41.8417],[9.4688,41.8455],[9.4755,41.85],[9.4812,41.856],[9.5009,41.8833],[9.5094,41.8958],[9.5131,41.9042],[9.5121,41.9104],[9.5064,41.9167],[9.5052,41.9229],[9.5146,41.9303],[9.5251,41.9312],[9.5309,41.9333],[9.5391,41.9396],[9.5419,41.9438],[9.5521,41.9628],[9.5617,41.9792],[9.5708,41.996],[9.5827,42.0146],[9.5958,42.0395],[9.6056,42.0562],[9.6118,42.0708],[9.6137,42.0792],[9.6116,42.0917],[9.6125,42.0949],[9.6181,42.1021],[9.6178,42.1083],[9.6191,42.1208],[9.6215,42.1333],[9.62,42.1458],[9.6252,42.1562],[9.626,42.1604],[9.6233,42.1833],[9.6233,42.1979],[9.6214,42.2083],[9.6206,42.2188],[9.6212,42.2333],[9.6245,42.2542]]]}},{"type":"Feature","properties":{"depth":-100},"geometry":{"type":"MultiLineString","coordinates":[[[8.5802,42.2542],[8.5785,42.2521],[8.5646,42.2455],[8.5521,42.2441],[8.5414,42.2437],[8.5323,42.2396],[8.5292,42.2354],[8.5294,42.2313],[8.5321,42.225],[8.5348,42.2125],[8.5327,42.2021],[8.5331,42.1958],[8.5367,42.1917],[8.5331,42.1833],[8.5342,42.1792],[8.5389,42.1708],[8.5389,42.1646],[8.5475,42.1562],[8.5476,42.1542],[8.5422,42.15],[8.5392,42.1458],[8.5395,42.1417],[8.5445,42.1313],[8.5428,42.1208],[8.544,42.1187],[8.5521,42.1178],[8.5625,42.1204],[8.5729,42.1197],[8.5813,42.1202],[8.5979,42.1185],[8.6039,42.1146],[8.6019,42.1104],[8.5946,42.1042],[8.5916,42.1],[8.5923,42.0958],[8.6021,42.0894],[8.6083,42.0887],[8.6167,42.0915],[8.6208,42.0915],[8.6312,42.0892],[8.6333,42.0874],[8.6388,42.0771],[8.6438,42.0738],[8.6506,42.075],[8.6583,42.0778],[8.6729,42.0806],[8.6771,42.0788],[8.6833,42.0685],[8.6875,42.0665],[8.6958,42.0667],[8.7021,42.0692],[8.7083,42.0686],[8.7112,42.0667],[8.7146,42.0606],[8.7218,42.0562],[8.7226,42.0521],[8.7108,42.0458],[8.7042,42.0403],[8.6917,42.0429],[8.684,42.0396],[8.6788,42.0333],[8.675,42.0314],[8.6646,42.0294],[8.6562,42.0295],[8.6476,42.0271],[8.6396,42.0219],[8.6292,42.0218],[8.6178,42.0167],[8.6135,42.0125],[8.6137,42.0104],[8.6229,42.0072],[8.6261,42.0042],[8.6271,41.9999],[8.6375,41.9989],[8.6416,41.9958],[8.642,41.9917],[8.6393,41.9854],[8.6354,41.9817],[8.6271,41.9788],[8.6208,41.9787],[8.6083,41.9816],[8.5854,41.9805],[8.575,41.976],[8.5618,41.9729],[8.5532,41.9667],[8.5459,41.9562],[8.5462,41.9521],[8.5515,41.95],[8.5583,41.9496],[8.5667,41.9509],[8.575,41.9506],[8.5793,41.9479],[8.5805,41.9396],[8.5768,41.9312],[8.5793,41.9208],[8.5785,41.9167],[8.5729,41.9118],[8.5662,41.9083],[8.5688,41.9042],[8.5747,41.9],[8.5748,41.8958],[8.5646,41.8897],[8.55,41.8876],[8.5444,41.8854],[8.5292,41.8739],[8.5201,41.8687],[8.5184,41.8667],[8.5292,41.8618],[8.5337,41.8583],[8.5401,41.8479],[8.5398,41.8438],[8.5336,41.8375],[8.5363,41.8333],[8.5417,41.8326],[8.5509,41.8354],[8.5595,41.8417],[8.5687,41.85],[8.575,41.8589],[8.5792,41.8608],[8.5917,41.861],[8.5979,41.859],[8.6042,41.8546],[8.6125,41.8563],[8.6178,41.8604],[8.6188,41.8646],[8.6116,41.8729],[8.6112,41.8771],[8.6189,41.8833],[8.6229,41.888],[8.6271,41.8887],[8.6333,41.8861],[8.6396,41.8866],[8.6427,41.8937],[8.6458,41.8973],[8.6521,41.9],[8.6583,41.8991],[8.6625,41.8939],[8.6687,41.8925],[8.675,41.8943],[8.6813,41.8991],[8.6937,41.9012],[8.7167,41.8994],[8.7208,41.9008],[8.7271,41.9055],[8.7333,41.9083],[8.7396,41.9076],[8.7442,41.9104],[8.75,41.9175],[8.7542,41.9182],[8.7604,41.915],[8.7708,41.9152],[8.7783,41.9125],[8.7809,41.9083],[8.7798,41.9],[8.7724,41.8917],[8.7667,41.8873],[8.7572,41.8771],[8.7581,41.8729],[8.7662,41.8667],[8.7678,41.8625],[8.7648,41.8583],[8.7604,41.8562],[8.7496,41.8542],[8.7442,41.8479],[8.7372,41.8438],[8.7352,41.8396],[8.737,41.8375],[8.7458,41.834],[8.7499,41.8312],[8.7508,41.825],[8.7458,41.8213],[8.7354,41.8207],[8.7317,41.8188],[8.7271,41.8126],[8.7229,41.8116],[8.7146,41.8153],[8.7083,41.8158],[8.7021,41.8104],[8.6922,41.8042],[8.6898,41.8],[8.6902,41.7917],[8.6937,41.7875],[8.7,41.7851],[8.7031,41.7812],[8.7,41.7754],[8.6884,41.7729],[8.6832,41.7708],[8.6803,41.7646],[8.6771,41.7621],[8.6438,41.7586],[8.6388,41.7563],[8.6324,41.75],[8.631,41.7458],[8.6276,41.7229],[8.6296,41.7167],[8.6333,41.7151],[8.6479,41.715],[8.6562,41.7131],[8.6625,41.7141],[8.6729,41.7255],[8.6792,41.728],[8.6854,41.7275],[8.6896,41.7255],[8.6958,41.715],[8.7021,41.7107],[8.7063,41.7106],[8.7229,41.7133],[8.7312,41.7194],[8.7417,41.7239],[8.75,41.7233],[8.7604,41.7262],[8.7637,41.725],[8.764,41.7208],[8.7585,41.7104],[8.7574,41.7021],[8.7583,41.7],[8.7667,41.7004],[8.7708,41.6994],[8.7748,41.6938],[8.7812,41.6915],[8.7875,41.6927],[8.7937,41.692],[8.7987,41.6938],[8.8083,41.7037],[8.8125,41.7051],[8.8229,41.7026],[8.8272,41.6958],[8.8279,41.6896],[8.8333,41.6879],[8.8438,41.6894],[8.85,41.6888],[8.8625,41.6894],[8.868,41.6875],[8.8733,41.6833],[8.8733,41.6812],[8.8626,41.675],[8.8607,41.6708],[8.8634,41.6625],[8.8604,41.6589],[8.8475,41.6542],[8.8417,41.65],[8.8333,41.6465],[8.825,41.6443],[8.8208,41.6452],[8.8146,41.6506],[8.8063,41.6506],[8.7979,41.6488],[8.7917,41.6462],[8.7808,41.6396],[8.7662,41.6271],[8.7625,41.6208],[8.7596,41.6104],[8.7585,41.6021],[8.7521,41.5962],[8.7486,41.5896],[8.7487,41.5854],[8.7513,41.5812],[8.7604,41.5749],[8.7655,41.5688],[8.765,41.5521],[8.7688,41.5472],[8.7854,41.5401],[8.7938,41.5354],[8.8042,41.525],[8.8146,41.5214],[8.8229,41.514],[8.8255,41.5104],[8.8288,41.5],[8.8187,41.4926],[8.8104,41.4824],[8.8021,41.4779],[8.794,41.475],[8.7895,41.4708],[8.7939,41.4646],[8.8102,41.4583],[8.8117,41.4542],[8.807,41.4479],[8.8068,41.4438],[8.8098,41.4333],[8.8125,41.4316],[8.8271,41.4286],[8.8354,41.4261],[8.8438,41.422],[8.85,41.4169],[8.8562,41.4148],[8.8667,41.4173],[8.8719,41.4146],[8.8743,41.4104],[8.8859,41.4021],[8.8889,41.3937],[8.8925,41.3896],[8.8979,41.3881],[8.9062,41.3883],[8.9127,41.3854],[8.9134,41.3792],[8.9208,41.3754],[8.9313,41.3766],[8.95,41.3764],[8.9604,41.3723],[8.9646,41.3667],[8.9595,41.3604],[8.9614,41.35],[8.9695,41.3438],[8.9708,41.3396],[8.9681,41.3354],[8.9697,41.3312],[8.9815,41.3229],[8.9896,41.3181],[8.9958,41.3174],[8.9983,41.3104],[8.9981,41.3042],[9.0062,41.2948],[9.0094,41.2875],[9.0042,41.2841],[9.0,41.2848],[8.9921,41.2938],[8.9925,41.3],[8.9896,41.3001],[8.9857,41.2896],[8.9862,41.2854],[8.9943,41.275],[8.9933,41.2687],[8.9896,41.2636],[8.9758,41.2542],[8.9604,41.2513],[8.95,41.2545],[8.9396,41.255],[8.9313,41.254],[8.9255,41.2521],[8.9119,41.2396],[8.9151,41.2375],[8.925,41.236],[8.9333,41.2375],[8.9375,41.237],[8.9535,41.2292],[8.9583,41.225],[8.9557,41.2167],[8.9482,41.2104],[8.9344,41.2021],[8.9281,41.1958],[8.9206,41.1917],[8.9165,41.1833],[8.9173,41.1771],[8.9223,41.1667],[8.9234,41.1604],[8.9219,41.1583],[8.9083,41.1546],[8.8812,41.1557],[8.875,41.1598],[8.8625,41.1611],[8.8583,41.1599],[8.8521,41.1557],[8.8468,41.15],[8.8442,41.1437],[8.8442,41.1354],[8.8409,41.1313],[8.8439,41.1271],[8.8479,41.1261],[8.8542,41.1277],[8.8583,41.1265],[8.8698,41.1167],[8.8719,41.1125],[8.8726,41.1021],[8.8688,41.0949],[8.8564,41.0875],[8.8553,41.0833],[8.8573,41.0729],[8.8563,41.0708],[8.85,41.07],[8.8445,41.0625],[8.843,41.0583],[8.845,41.0542],[8.8572,41.0521],[8.8592,41.05],[8.8553,41.0458],[8.8479,41.0429],[8.8416,41.0375],[8.8402,41.0333],[8.8382,41.0167],[8.8351,41.0083],[8.8271,41.0017],[8.8187,41.0031],[8.8063,41.0126],[8.7833,41.0164],[8.7729,41.021],[8.7688,41.0212],[8.7604,41.0272],[8.75,41.0296],[8.7417,41.0258],[8.7312,41.0272],[8.7229,41.0253],[8.7167,41.0188],[8.7042,41.0164],[8.6958,41.0169],[8.6917,41.0104],[8.6854,41.0073],[8.6792,41.009],[8.6708,41.0044],[8.6667,41.0035],[8.6521,41.0056],[8.6438,41.0031],[8.6404,41.0042],[8.6376,41.0083],[8.6312,41.0107],[8.6271,41.0142],[8.6229,41.0155],[8.6062,41.015],[8.5917,41.018],[8.5834,41.0208],[8.5684,41.0312],[8.5496,41.0479],[8.5434,41.0542],[8.5375,41.0688],[8.5328,41.0729],[8.5208,41.0787],[8.5146,41.0858],[8.5094,41.1021],[8.5042,41.1096],[8.5,41.1124],[8.4896,41.1138],[8.4792,41.1176],[8.4708,41.1163],[8.4646,41.1193],[8.4604,41.1197],[8.4479,41.1167],[8.4396,41.1171],[8.4333,41.119],[8.4207,41.1271],[8.4198,41.1292],[8.4201,41.1437],[8.4187,41.1542],[8.4149,41.1625],[8.4109,41.1667],[8.4062,41.1686],[8.3983,41.1688],[8.3942,41.1667],[8.3895,41.1479],[8.3833,41.1459],[8.3773,41.15],[8.3708,41.1509],[8.3292,41.1489],[8.3208,41.1462],[8.31,41.1396],[8.2917,41.1314],[8.2812,41.1285],[8.2625,41.1171],[8.2579,41.1125],[8.2479,41.0998],[8.2417,41.0959],[8.2375,41.0901],[8.2323,41.0854],[8.2292,41.0771],[8.2244,41.0729],[8.2178,41.0604],[8.2063,41.0528],[8.1964,41.0438],[8.1957,41.0396],[8.1971,41.0333],[8.1946,41.0125],[8.1833,41.0027],[8.1774,40.9937],[8.1767,40.9896],[8.179,40.9833],[8.1777,40.9792],[8.1671,40.9688],[8.1566,40.9562],[8.1542,40.95],[8.1474,40.9438],[8.1457,40.9396],[8.1464,40.925],[8.1457,40.9167],[8.1435,40.9104],[8.1435,40.9042],[8.1382,40.8854],[8.1347,40.8771],[8.1318,40.8667],[8.1271,40.8542],[8.1268,40.85],[8.1196,40.8417],[8.1169,40.8292],[8.1117,40.8208],[8.1062,40.8156],[8.0979,40.8136],[8.0942,40.8083],[8.0934,40.8021],[8.0871,40.7938],[8.0866,40.7854],[8.084,40.7771],[8.0854,40.7751],[8.0889,40.7771],[8.0892,40.7812],[8.0938,40.7831],[8.096,40.7792],[8.0875,40.7709],[8.0833,40.7696],[8.0771,40.7646],[8.0651,40.7437],[8.0592,40.7354],[8.0617,40.7188],[8.0666,40.7125],[8.0673,40.7083],[8.0666,40.6979],[8.0714,40.6875],[8.0725,40.6792],[8.0792,40.6758],[8.0979,40.6761],[8.1032,40.6729],[8.1075,40.6646],[8.1106,40.6562],[8.111,40.65]]]}},{"type":"Feature","properties":{"depth":-100},"geometry":{"type":"MultiLineString","coordinates":[[[11.0843,42.2542],[11.0896,42.2422],[11.0906,42.2354],[11.0863,42.2271],[11.0872,42.225],[11.0938,42.2238],[11.0979,42.2251],[11.1062,42.2308],[11.1125,42.2316],[11.1167,42.2338],[11.1216,42.2396],[11.1234,42.2458],[11.1276,42.25],[11.1292,42.2542]]]}},{"type":"Feature","properties":{"depth":-100},"geometry":{"type":"MultiLineString","coordinates":[[[11.4136,42.2542],[11.4185,42.25],[11.4417,42.2374],[11.45,42.2322],[11.4604,42.2234],[11.4812,42.2125],[11.4979,42.2017],[11.5042,42.1996],[11.5169,42.1917],[11.5245,42.1792],[11.5292,42.173],[11.5333,42.1696],[11.5458,42.1653],[11.5667,42.1607],[11.5792,42.1528],[11.5938,42.1449],[11.6021,42.1388],[11.6146,42.1253],[11.6208,42.1213],[11.6292,42.1188],[11.6418,42.1104],[11.648,42.1021],[11.6634,42.0896],[11.6688,42.0833],[11.6813,42.0726],[11.6937,42.0648],[11.7188,42.0421],[11.7257,42.0375],[11.7447,42.0229],[11.7521,42.0164],[11.7792,41.9975],[11.7895,41.9833],[11.7986,41.9729],[11.8109,41.9667],[11.8229,41.9598],[11.8333,41.9526],[11.8416,41.9479],[11.8646,41.9301],[11.8812,41.9157],[11.8894,41.9125],[11.9021,41.906],[11.9167,41.8958],[11.9325,41.8896],[11.9375,41.8868],[11.9561,41.8708],[11.9667,41.8654],[11.9854,41.8588],[11.9899,41.8563],[12.0083,41.8418],[12.018,41.8354],[12.0375,41.8157],[12.0422,41.8104],[12.0594,41.7979],[12.0653,41.7875],[12.0786,41.7687],[12.0917,41.7565],[12.1,41.7467]]]}},{"type":"Feature","properties":{"depth":-50},"geometry":{"type":"MultiLineString","coordinates":[[[9.7978,40.65],[9.7985,40.6521],[9.8029,40.6562],[9.8041,40.6604],[9.8008,40.6688],[9.7938,40.6771],[9.7924,40.6875],[9.7792,40.6988],[9.7695,40.7062],[9.76,40.7188],[9.7584,40.725],[9.7578,40.7375],[9.752,40.7437],[9.7498,40.7479],[9.7498,40.7563],[9.7523,40.7625],[9.7604,40.7674],[9.7655,40.7729],[9.766,40.7792],[9.7625,40.7884],[9.7577,40.7938],[9.7545,40.8],[9.7458,40.8118],[9.7437,40.8167],[9.7436,40.8271],[9.7508,40.8375],[9.7521,40.8438],[9.7562,40.8488],[9.7604,40.8504],[9.7667,40.8505],[9.7717,40.8542],[9.7782,40.8625],[9.783,40.8667],[9.7851,40.8708],[9.7833,40.8783],[9.7792,40.8799],[9.7688,40.8748],[9.7562,40.8724],[9.7458,40.8781],[9.7333,40.8839],[9.725,40.8858],[9.7083,40.8851],[9.7021,40.8855],[9.7008,40.8904]]]}},{"type":"Feature","properties":{"depth":-50},"geometry":{"type":"MultiLineString","coordinates":[[[9.7411,40.9098],[9.7455,40.9125],[9.7461,40.9167],[9.7424,40.925],[9.7375,40.9294],[9.7333,40.9296],[9.7188,40.9258],[9.6958,40.9218],[9.6928,40.9229],[9.6884,40.9292],[9.6771,40.9347],[9.6708,40.9394],[9.6592,40.9458],[9.6488,40.9604],[9.6471,40.9667],[9.6485,40.9708],[9.6578,40.9813],[9.666,40.9917],[9.6668,40.9979],[9.6577,41.0063],[9.6479,41.0116],[9.6417,41.0122],[9.6312,41.0151],[9.625,41.0182],[9.6167,41.0249],[9.6,41.0321],[9.5896,41.0349],[9.5792,41.0346],[9.575,41.038],[9.5687,41.0471],[9.5621,41.0521],[9.5687,41.0533],[9.5833,41.0574],[9.5938,41.0622],[9.6042,41.064],[9.6113,41.0688],[9.6167,41.0782],[9.624,41.0833],[9.6256,41.0875],[9.6188,41.0917],[9.6083,41.0907],[9.6,41.0914],[9.5979,41.0928],[9.5963,41.1042],[9.5917,41.111],[9.5813,41.1174],[9.5765,41.1292],[9.5729,41.1352],[9.5687,41.1377],[9.5576,41.1396],[9.5566,41.15],[9.5542,41.1538],[9.5437,41.1542],[9.5393,41.1583],[9.5381,41.1688],[9.5464,41.1771],[9.5477,41.1854],[9.5458,41.1959],[9.525,41.1894],[9.5219,41.1854],[9.5215,41.1792],[9.5167,41.1772],[9.5042,41.178],[9.4958,41.1743],[9.4948,41.1833],[9.4918,41.1875],[9.4849,41.1938],[9.4873,41.2083],[9.4899,41.2146],[9.4898,41.2229],[9.4864,41.2292],[9.4855,41.2375],[9.4792,41.2453],[9.4729,41.2493],[9.4603,41.2542],[9.4521,41.2486],[9.4437,41.2497],[9.4413,41.2542],[9.4401,41.2625],[9.4313,41.27],[9.4229,41.2726],[9.4189,41.275],[9.4117,41.2833],[9.4135,41.2917],[9.4132,41.2979],[9.4104,41.3026],[9.4026,41.3083],[9.3979,41.3147],[9.3938,41.3156],[9.3875,41.322],[9.3688,41.3207],[9.3667,41.3198],[9.3604,41.3113],[9.3521,41.3124],[9.3458,41.3152],[9.3333,41.3193],[9.3292,41.3194],[9.323,41.3146],[9.3224,41.3104],[9.3245,41.2979],[9.3244,41.2896],[9.3278,41.2854],[9.3271,41.2812],[9.3229,41.2771],[9.3229,41.2723],[9.3333,41.2734],[9.3542,41.2695],[9.3604,41.2729],[9.3659,41.2708],[9.3648,41.2646],[9.3583,41.2604],[9.3479,41.2597],[9.3375,41.2634],[9.3292,41.2601],[9.3167,41.2576],[9.3083,41.2511],[9.3042,41.2499],[9.2979,41.2508],[9.2875,41.2504],[9.2812,41.2536],[9.275,41.2543],[9.2625,41.252],[9.2583,41.2525],[9.2521,41.2561],[9.2458,41.2638],[9.2354,41.2672],[9.2312,41.2671],[9.2229,41.2627],[9.2104,41.2594],[9.2021,41.2591],[9.1958,41.2571],[9.1833,41.2574],[9.1733,41.2521],[9.1646,41.2494],[9.1542,41.2513],[9.1396,41.2509],[9.1354,41.2491],[9.1271,41.2422],[9.1208,41.2436],[9.1172,41.2417],[9.1154,41.2354],[9.1188,41.233],[9.1271,41.2345],[9.1289,41.2292],[9.1289,41.2229],[9.1312,41.2172],[9.1363,41.2125],[9.1379,41.2062],[9.1328,41.1938],[9.1313,41.1854],[9.1273,41.1812],[9.1104,41.1779],[9.0935,41.1792],[9.0908,41.1812],[9.0911,41.1896],[9.0936,41.1938],[9.0926,41.1979],[9.0896,41.1991],[9.0708,41.2007],[9.0583,41.2037],[9.0476,41.2083],[9.0404,41.2146],[9.0349,41.2167],[9.0146,41.2183],[9.0083,41.2172],[8.9875,41.2029],[8.9688,41.1982],[8.9637,41.1958],[8.9605,41.1917],[8.9616,41.1875],[8.9645,41.1854],[8.9792,41.1818],[8.9875,41.1805],[8.9958,41.1771],[9.0059,41.1688],[9.0081,41.1646],[9.0021,41.1583],[8.9989,41.15],[8.9872,41.1333],[8.9812,41.1287],[8.9771,41.128],[8.9667,41.129],[8.9542,41.1262],[8.9437,41.1296],[8.9407,41.125],[8.9397,41.1146],[8.9434,41.1042],[8.9477,41.0979],[8.9472,41.0917],[8.9417,41.0891],[8.9333,41.0796],[8.9256,41.0729],[8.9191,41.0646],[8.9145,41.0604],[8.9062,41.0561],[8.8938,41.0533],[8.8854,41.0494],[8.875,41.0417],[8.8648,41.0354],[8.8604,41.0315],[8.8543,41.0229],[8.8479,41.0112],[8.8433,41.0063],[8.8292,40.9945],[8.8125,40.9869],[8.8021,40.987],[8.7958,40.9894],[8.7917,40.9894],[8.7791,40.9771],[8.775,40.9722],[8.75,40.9689],[8.728,40.9521],[8.7246,40.9479],[8.7188,40.9438],[8.7102,40.9417],[8.7044,40.9375],[8.6875,40.9344],[8.6792,40.9344],[8.6687,40.9327],[8.6625,40.9301],[8.6524,40.9229],[8.6479,40.9214],[8.6396,40.9215],[8.6292,40.9254],[8.625,40.9252],[8.6125,40.9206],[8.6062,40.9204],[8.599,40.9167],[8.5958,40.9127],[8.5917,40.9123],[8.5875,40.9148],[8.5771,40.9101],[8.5729,40.9102],[8.5667,40.9152],[8.5583,40.9139],[8.55,40.9165],[8.5462,40.9208],[8.5459,40.9271],[8.5375,40.9333],[8.525,40.9331],[8.5208,40.9356],[8.5083,40.9362],[8.5033,40.9417],[8.5,40.9427],[8.4958,40.941],[8.4875,40.9458],[8.4812,40.9536],[8.475,40.9571],[8.4563,40.9554],[8.4521,40.9566],[8.4417,40.9623],[8.4375,40.9657],[8.4313,40.9678],[8.425,40.9634],[8.4125,40.9669],[8.4021,40.9668],[8.3896,40.9702],[8.3812,40.9752],[8.3782,40.9792],[8.3778,40.9833],[8.3792,40.9917],[8.3771,40.9952],[8.3729,40.9945],[8.3688,40.9905],[8.3625,40.988],[8.3592,40.9813],[8.3562,40.9796],[8.3479,40.9787],[8.3442,40.9771],[8.3292,40.9663],[8.3208,40.9684],[8.3167,40.9681],[8.3137,40.9646],[8.309,40.9646],[8.3151,40.9708],[8.3175,40.9813],[8.3126,40.9875],[8.3083,40.9889],[8.2979,40.9838],[8.2937,40.9853],[8.2914,40.9896],[8.2937,40.9954],[8.3,41.0032],[8.3063,41.0059],[8.3167,41.007],[8.321,41.0104],[8.3253,41.0187],[8.3309,41.0229],[8.3403,41.0271],[8.3499,41.0417],[8.3522,41.0521],[8.3574,41.0604],[8.3587,41.075],[8.3625,41.0875],[8.361,41.0917],[8.3521,41.1039],[8.3438,41.1094],[8.3375,41.1165],[8.3313,41.1204],[8.3229,41.1272],[8.3125,41.1273],[8.2958,41.1147],[8.2812,41.1101],[8.2708,41.108],[8.2659,41.1],[8.2662,41.0938],[8.2625,41.0853],[8.2583,41.081],[8.2521,41.0771],[8.2438,41.0652],[8.2379,41.0583],[8.2304,41.0521],[8.2185,41.0458],[8.2147,41.0417],[8.211,41.0312],[8.21,41.025],[8.2123,41.0187],[8.2121,41.0146],[8.2042,40.9963],[8.2,40.9939],[8.1917,40.9937],[8.1935,40.9896],[8.2,40.9868],[8.2014,40.9792],[8.1958,40.9741],[8.1917,40.9686],[8.1792,40.9588],[8.1752,40.9542],[8.1732,40.9479],[8.167,40.9417],[8.1651,40.9333],[8.1682,40.9271],[8.1751,40.9229],[8.1813,40.9162],[8.189,40.9062],[8.1956,40.8937],[8.1957,40.8896],[8.1911,40.8813],[8.1909,40.8687],[8.1871,40.8625],[8.1828,40.8521],[8.1741,40.8417],[8.1723,40.8312],[8.1705,40.8271],[8.1617,40.8167],[8.1569,40.8062],[8.1479,40.7924],[8.1432,40.7896],[8.1424,40.7854],[8.1469,40.7792],[8.1457,40.775],[8.1406,40.7667],[8.1354,40.7604],[8.1273,40.7479],[8.1209,40.7417],[8.1186,40.7354],[8.1228,40.725],[8.1271,40.7197],[8.1438,40.7071],[8.1583,40.6923],[8.1698,40.6792],[8.1738,40.6667],[8.1733,40.6604],[8.1637,40.65]]]}},{"type":"Feature","properties":{"depth":-50},"geometry":{"type":"MultiLineString","coordinates":[[[8.7292,41.9104],[8.7333,41.912],[8.7396,41.9108],[8.7438,41.9146],[8.7459,41.9188],[8.75,41.922],[8.7542,41.9217],[8.7638,41.9175]]]}},{"type":"Feature","properties":{"depth":-50},"geometry":{"type":"MultiLineString","coordinates":[[[8.7684,41.9184],[8.7771,41.9181],[8.7817,41.9146],[8.7862,41.9062],[8.7879,41.8958],[8.7847,41.8917],[8.7737,41.8854],[8.7688,41.875],[8.7745,41.8625],[8.7737,41.8583],[8.7604,41.8524],[8.7542,41.8513],[8.7428,41.8417],[8.7458,41.8379],[8.7562,41.8354],[8.7599,41.8312],[8.7599,41.8271],[8.7573,41.8208],[8.75,41.8174],[8.7396,41.8178],[8.7367,41.8167],[8.7312,41.8087],[8.725,41.8074],[8.7125,41.8101],[8.7063,41.8051],[8.6998,41.8021],[8.6981,41.7938],[8.6993,41.7917],[8.7088,41.7875],[8.7116,41.7833],[8.7116,41.775],[8.7093,41.7708],[8.7042,41.7677],[8.6937,41.7697],[8.6877,41.7667],[8.6869,41.7604],[8.6813,41.7571],[8.6708,41.7578],[8.6538,41.7563],[8.645,41.7542],[8.6417,41.75],[8.6408,41.7437],[8.6431,41.7333],[8.6475,41.7271],[8.6538,41.7229],[8.6583,41.7215],[8.6625,41.7234],[8.6708,41.7322],[8.6771,41.7328],[8.6896,41.7313],[8.6933,41.7292],[8.7,41.7175],[8.7042,41.7164],[8.7104,41.7177],[8.725,41.7184],[8.7312,41.7232],[8.7438,41.7281],[8.7521,41.7278],[8.7604,41.7304],[8.7667,41.7308],[8.7695,41.7292],[8.7702,41.725],[8.7644,41.7125],[8.7666,41.7062],[8.7761,41.7021],[8.7777,41.6958],[8.7812,41.6945],[8.7875,41.6956],[8.7937,41.6947],[8.7977,41.6958],[8.8042,41.7055],[8.8125,41.708],[8.8208,41.7067],[8.8283,41.7021],[8.8313,41.6948],[8.8375,41.6917],[8.8438,41.6927],[8.85,41.6914],[8.8646,41.6934],[8.8771,41.6894],[8.8822,41.6854],[8.8836,41.6812],[8.8785,41.6771],[8.869,41.6729],[8.8676,41.6708],[8.8674,41.6625],[8.8625,41.655],[8.8521,41.6519],[8.8396,41.6459],[8.8313,41.6409],[8.8208,41.6379],[8.8167,41.6399],[8.8125,41.6465],[8.8021,41.6442],[8.7918,41.6375],[8.7873,41.6333],[8.7743,41.6167],[8.7722,41.6042],[8.7703,41.6],[8.7607,41.5917],[8.7599,41.5875],[8.762,41.5854],[8.7719,41.5812],[8.7791,41.575],[8.7795,41.5708],[8.7732,41.5604],[8.7718,41.5562],[8.7727,41.5521],[8.7771,41.5503],[8.7917,41.5479],[8.8021,41.5425],[8.8125,41.5389],[8.825,41.5375],[8.8314,41.5333],[8.8338,41.525],[8.8331,41.5187],[8.8354,41.5104],[8.8396,41.5055],[8.8438,41.5056],[8.85,41.5081],[8.8604,41.5079],[8.8727,41.5],[8.8854,41.4898],[8.8943,41.4813],[8.8962,41.4771],[8.8949,41.4667],[8.8917,41.4592],[8.8888,41.4562],[8.8792,41.4521],[8.8646,41.4518],[8.8583,41.4564],[8.8542,41.4567],[8.8473,41.4542],[8.8473,41.4479],[8.85,41.4449],[8.8542,41.4447],[8.8604,41.4484],[8.8625,41.4477],[8.8695,41.4375],[8.8691,41.4312],[8.8705,41.4292],[8.8812,41.4245],[8.8979,41.423],[8.9062,41.425],[8.9015,41.4312],[8.9011,41.4354],[8.9073,41.4458],[8.9146,41.4535],[8.9211,41.4583],[8.925,41.4629],[8.9321,41.4625],[8.9349,41.4583],[8.929,41.4542],[8.9313,41.4515],[8.9375,41.4523],[8.9458,41.4482],[8.9542,41.4486],[8.9581,41.4521],[8.9625,41.4589],[8.9729,41.4623],[8.9792,41.4621],[8.9875,41.4595],[9.0,41.4542],[9.0104,41.4547],[9.0188,41.4509],[9.0292,41.452],[9.0354,41.4486],[9.0486,41.4458],[9.0508,41.4438],[9.0533,41.4354],[9.0563,41.4309],[9.0604,41.4292],[9.0687,41.4288],[9.0815,41.425],[9.0837,41.4208],[9.0836,41.4104],[9.0824,41.3979],[9.0786,41.3875],[9.0854,41.3827],[9.0938,41.3823],[9.109,41.3875],[9.1208,41.3896],[9.1333,41.3847],[9.1458,41.382],[9.1542,41.3817],[9.1625,41.3771],[9.1687,41.366],[9.1729,41.3615],[9.1792,41.3585],[9.2,41.359],[9.2063,41.3578],[9.2125,41.3542],[9.2271,41.3571],[9.2354,41.3612],[9.2417,41.3584],[9.2428,41.3542],[9.2426,41.3458],[9.2411,41.3375],[9.2476,41.325],[9.2473,41.3167],[9.25,41.3076],[9.2542,41.306],[9.2604,41.31],[9.2646,41.3167],[9.2669,41.3271],[9.2708,41.3377],[9.2754,41.3438],[9.2753,41.35],[9.2833,41.3641],[9.2896,41.3651],[9.2998,41.3521],[9.3003,41.3479],[9.2983,41.3396],[9.3021,41.3345],[9.3042,41.3347],[9.3066,41.3396],[9.3084,41.3563],[9.3125,41.3587],[9.3229,41.3588],[9.3231,41.3646],[9.3208,41.3684],[9.3132,41.3771],[9.3169,41.3854],[9.3125,41.3873],[9.3058,41.3875],[9.3007,41.3813],[9.2917,41.3768],[9.2854,41.3755],[9.2812,41.3786],[9.2744,41.3875],[9.2738,41.3937],[9.2763,41.4062],[9.276,41.4146],[9.2706,41.4333],[9.2714,41.4396],[9.2868,41.4625],[9.2917,41.4763],[9.2944,41.4875],[9.3,41.5005],[9.3074,41.5063],[9.3146,41.5134],[9.3208,41.5128],[9.3232,41.5146],[9.3208,41.5215],[9.3271,41.5236],[9.3333,41.5228],[9.3417,41.5238],[9.3469,41.5229],[9.3583,41.5168],[9.3646,41.519],[9.3735,41.5271],[9.3771,41.5319],[9.3812,41.5331],[9.3917,41.5275],[9.3979,41.5276],[9.4018,41.5312],[9.4051,41.5396],[9.4057,41.55],[9.4021,41.5558],[9.3974,41.5604],[9.3874,41.5729],[9.3859,41.5771],[9.3849,41.5875],[9.3861,41.6],[9.3909,41.6104],[9.4058,41.6604],[9.4146,41.6792],[9.4161,41.6917],[9.4152,41.7062],[9.4159,41.7188],[9.4144,41.7313],[9.4182,41.7437],[9.4147,41.7542],[9.4138,41.7687],[9.411,41.7812],[9.4115,41.7938],[9.4129,41.8],[9.42,41.825],[9.4314,41.8479],[9.4356,41.8542],[9.4425,41.8708],[9.4521,41.8859],[9.468,41.9062],[9.4798,41.9229],[9.4844,41.9312],[9.5229,41.9794],[9.5317,41.9917],[9.5375,41.9987],[9.5647,42.0354],[9.5882,42.0667],[9.5969,42.075],[9.6021,42.0822],[9.6038,42.0875],[9.6021,42.0948],[9.5961,42.1021],[9.5901,42.1208],[9.589,42.1333],[9.5881,42.1521],[9.5882,42.1646],[9.5897,42.1854],[9.5926,42.2062],[9.5972,42.2542]]]}},{"type":"Feature","properties":{"depth":-50},"geometry":{"type":"MultiLineString","coordinates":[[[8.72,42.0617],[8.7312,42.0562],[8.7316,42.0521],[8.7292,42.0491],[8.7147,42.0438],[8.7134,42.0375],[8.7083,42.0336],[8.7021,42.0344],[8.6977,42.0396],[8.6893,42.0396],[8.682,42.0312],[8.675,42.0279],[8.6662,42.0271],[8.6562,42.0248],[8.6458,42.0179],[8.6375,42.0147],[8.6398,42.0042],[8.6438,42.0009],[8.6508,41.9896],[8.6504,41.9854],[8.6425,41.9792],[8.6333,41.9765],[8.6188,41.9761],[8.6083,41.9787],[8.5936,41.9771],[8.5854,41.9731],[8.5706,41.9688],[8.5653,41.9646],[8.5646,41.9581],[8.5667,41.9564],[8.5771,41.9553],[8.5813,41.9538],[8.585,41.95],[8.5857,41.9354],[8.5949,41.9292],[8.597,41.925],[8.5941,41.9167],[8.5896,41.9125],[8.5863,41.9062],[8.5899,41.8958],[8.5887,41.8917],[8.5783,41.8875],[8.5729,41.8809],[8.5646,41.8784],[8.5563,41.8808],[8.5496,41.8792],[8.5462,41.875],[8.5504,41.8708],[8.5473,41.8646],[8.5486,41.8604],[8.5583,41.8492],[8.5646,41.8519],[8.5723,41.8604],[8.5792,41.8638],[8.5875,41.8644],[8.5979,41.8635],[8.6083,41.8603],[8.6131,41.8625],[8.6122,41.8667],[8.6066,41.8729],[8.6074,41.8792],[8.6157,41.8854],[8.6208,41.892],[8.6271,41.8929],[8.6354,41.8916],[8.6396,41.8979],[8.6438,41.9015],[8.6542,41.9038],[8.6583,41.9031],[8.6667,41.8957],[8.6729,41.8967],[8.6792,41.9014],[8.6937,41.9039],[8.7167,41.9023],[8.7208,41.9041],[8.7292,41.9104]]]}},{"type":"Feature","properties":{"depth":-50},"geometry":{"type":"MultiLineString","coordinates":[[[8.5471,42.2409],[8.5437,42.2408],[8.5375,42.2375],[8.5366,42.2354],[8.5407,42.2292],[8.5431,42.2229],[8.5549,42.2188],[8.559,42.2146],[8.5586,42.2104],[8.555,42.2042],[8.5544,42.2],[8.5625,42.1955],[8.5641,42.1896],[8.5605,42.1833],[8.5511,42.1792],[8.5493,42.1771],[8.5496,42.1667],[8.551,42.1646],[8.5583,42.1628],[8.5616,42.1604],[8.5604,42.1562],[8.5497,42.1479],[8.55,42.1417],[8.5563,42.1375],[8.5604,42.1367],[8.5667,42.138],[8.5708,42.1366],[8.5704,42.1271],[8.5729,42.124],[8.6021,42.1223],[8.6083,42.1212],[8.6118,42.1187],[8.6125,42.1099],[8.6146,42.1083],[8.625,42.1065],[8.6354,42.0982],[8.6422,42.0958],[8.6432,42.0938],[8.6415,42.0854],[8.6458,42.079],[8.6521,42.0854],[8.6562,42.0881],[8.6687,42.0921],[8.6792,42.0913],[8.6827,42.0896],[8.6847,42.0854],[8.6832,42.0792],[8.6854,42.0739],[8.6896,42.071],[8.6937,42.0706],[8.7,42.0736],[8.7063,42.0735],[8.7146,42.069],[8.7173,42.0631]]]}},{"type":"Feature","properties":{"depth":-50},"geometry":{"type":"MultiLineString","coordinates":[[[8.5932,42.2542],[8.5875,42.2481],[8.5771,42.2469],[8.5667,42.2426],[8.5511,42.2406]]]}},{"type":"Feature","properties":{"depth":-50},"geometry":{"type":"MultiLineString","coordinates":[[[11.5538,42.2542],[11.5584,42.25],[11.5759,42.2417],[11.5854,42.2364],[11.6021,42.2257],[11.6167,42.2174],[11.6333,42.2069],[11.6484,42.1958],[11.6583,42.1839],[11.6729,42.1715],[11.6792,42.1651],[11.6938,42.1542],[11.7026,42.1437],[11.7095,42.1375],[11.7208,42.1258],[11.7266,42.1208],[11.7328,42.1125],[11.7364,42.1],[11.7455,42.0812],[11.7721,42.0562],[11.7785,42.0479],[11.7878,42.0375],[11.799,42.0292],[11.8292,42.0111],[11.8419,42.0083],[11.8443,42.0],[11.8475,41.9958],[11.8648,41.9854],[11.8727,41.9792],[11.8839,41.9729],[11.8917,41.9676],[11.9042,41.9557],[11.9208,41.9447],[11.934,41.9333],[11.9498,41.9229],[11.9583,41.9162],[11.9708,41.9098],[11.9812,41.9069],[11.9917,41.9024],[12.0126,41.8917],[12.0297,41.8813],[12.04,41.8771],[12.0516,41.8708],[12.0667,41.8594],[12.0695,41.8563],[12.0809,41.8396],[12.0894,41.8292],[12.0938,41.822],[12.1,41.8085]]]}},{"type":"Feature","properties":{"depth":-20},"geometry":{"type":"MultiLineString","coordinates":[[[9.7663,40.65],[9.7672,40.6542],[9.7725,40.6646],[9.7729,40.6688],[9.7712,40.6771],[9.7728,40.6833],[9.7711,40.6875],[9.7646,40.6902],[9.7562,40.6919],[9.7479,40.6975],[9.7373,40.7083],[9.7346,40.7146],[9.734,40.7208],[9.7359,40.7354],[9.734,40.7396],[9.7271,40.7439],[9.7233,40.75],[9.7137,40.7604],[9.7124,40.7646],[9.7142,40.7708],[9.7091,40.7771],[9.7073,40.7833],[9.7016,40.7958],[9.7044,40.8083],[9.7104,40.8153],[9.7118,40.8229],[9.7167,40.8274],[9.725,40.8284],[9.7292,40.8305],[9.732,40.8375],[9.7292,40.8454],[9.725,40.8488],[9.7176,40.8521],[9.7208,40.8553],[9.7366,40.8583]]]}},{"type":"Feature","properties":{"depth":-20},"geometry":{"type":"MultiLineString","coordinates":[[[9.7078,40.8735],[9.7068,40.8667],[9.7089,40.8563],[9.7021,40.8544],[9.6937,40.8562],[9.6875,40.861],[9.6827,40.8667],[9.6767,40.8708],[9.6749,40.877]]]}},{"type":"Feature","properties":{"depth":-20},"geometry":{"type":"MultiLineString","coordinates":[[[9.6748,40.8773],[9.6755,40.8854],[9.6792,40.889],[9.6862,40.8909]]]}},{"type":"Feature","properties":{"depth":-20},"geometry":{"type":"MultiLineString","coordinates":[[[9.7011,40.9053],[9.6833,40.9016],[9.6687,40.9033],[9.6583,40.9008],[9.6542,40.9024],[9.6488,40.9083],[9.6496,40.9188],[9.6438,40.9218],[9.6333,40.9245],[9.6292,40.9241],[9.6167,40.9272],[9.6042,40.9268],[9.5955,40.9312],[9.5883,40.9396],[9.5883,40.9438],[9.5942,40.9604],[9.5997,40.9688],[9.5969,40.975],[9.5966,40.9792],[9.6053,40.9875],[9.6104,40.9911],[9.6167,40.9925],[9.6208,40.9913],[9.6402,40.9806]]]}},{"type":"Feature","properties":{"depth":-20},"geometry":{"type":"MultiLineString","coordinates":[[[8.2018,40.9087],[8.2034,40.9042],[8.2104,40.9004],[8.2145,40.8937],[8.2143,40.8875],[8.2103,40.8813],[8.2114,40.8708],[8.2089,40.8625],[8.2021,40.8543],[8.1889,40.8354],[8.1877,40.8292],[8.1808,40.8208],[8.1774,40.8125],[8.1733,40.8083],[8.1625,40.8008],[8.157,40.7917],[8.1576,40.7812],[8.1562,40.7708],[8.1473,40.7563],[8.1333,40.7415],[8.129,40.7354],[8.1289,40.7313],[8.1333,40.7256],[8.1438,40.7182],[8.1542,40.7083],[8.1645,40.7],[8.172,40.6896],[8.1804,40.6833],[8.1847,40.6771],[8.1855,40.6729],[8.1849,40.6625],[8.1821,40.6521],[8.1806,40.65]]]}},{"type":"Feature","properties":{"depth":-20},"geometry":{"type":"MultiLineString","coordinates":[[[9.6419,41.0021],[9.6375,41.0029],[9.6229,41.0115],[9.6146,41.0181],[9.6042,41.0235],[9.5979,41.0254],[9.5896,41.0258],[9.5771,41.023],[9.5708,41.0263],[9.5661,41.0375],[9.5625,41.041],[9.5563,41.0432],[9.5488,41.0479],[9.5461,41.0562],[9.5461,41.0708],[9.558,41.0771],[9.5646,41.0838],[9.5729,41.0881],[9.5792,41.0879],[9.586,41.0938],[9.5855,41.0979],[9.5771,41.0986],[9.5703,41.1058]]]}},{"type":"Feature","properties":{"depth":-20},"geometry":{"type":"MultiLineString","coordinates":[[[9.5892,41.0691],[9.5923,41.0729],[9.5854,41.0752],[9.57,41.0688],[9.5677,41.0646],[9.5714,41.062]]]}},{"type":"Feature","properties":{"depth":-20},"geometry":{"type":"MultiLineString","coordinates":[[[8.2646,41.0709],[8.2567,41.0646],[8.2506,41.0542],[8.2479,41.0514],[8.2408,41.0479]]]}},{"type":"Feature","properties":{"depth":-20},"geometry":{"type":"MultiLineString","coordinates":[[[9.5647,41.1293],[9.5583,41.1232],[9.5521,41.1218],[9.5489,41.1229],[9.5461,41.1294]]]}},{"type":"Feature","properties":{"depth":-20},"geometry":{"type":"MultiLineString","coordinates":[[[9.5437,41.1354],[9.5454,41.1437],[9.5375,41.1466],[9.5333,41.15]]]}},{"type":"Feature","properties":{"depth":-20},"geometry":{"type":"MultiLineString","coordinates":[[[9.4841,41.1445],[9.475,41.1451],[9.4688,41.144],[9.4625,41.1446],[9.4521,41.1424],[9.4396,41.1496],[9.429,41.1604],[9.425,41.1743]]]}},{"type":"Feature","properties":{"depth":-20},"geometry":{"type":"MultiLineString","coordinates":[[[9.5274,41.1608],[9.5302,41.1646],[9.5286,41.1688],[9.525,41.1713],[9.5151,41.1688],[9.5125,41.1667],[9.5167,41.1617],[9.5229,41.1592],[9.5267,41.1604]]]}},{"type":"Feature","properties":{"depth":-20},"geometry":{"type":"MultiLineString","coordinates":[[[9.3391,41.2058],[9.3292,41.2036],[9.3187,41.2052],[9.3063,41.2048],[9.2958,41.2157],[9.2866,41.2271],[9.2785,41.2417],[9.275,41.2443],[9.2688,41.2452],[9.2604,41.2439],[9.2542,41.245],[9.2439,41.25],[9.2425,41.255]]]}},{"type":"Feature","properties":{"depth":-20},"geometry":{"type":"MultiLineString","coordinates":[[[9.4058,41.2083],[9.4039,41.2042],[9.3935,41.1979],[9.3927,41.1958],[9.3961,41.1919]]]}},{"type":"Feature","properties":{"depth":-20},"geometry":{"type":"MultiLineString","coordinates":[[[9.4223,41.2069],[9.425,41.2098],[9.4333,41.2118],[9.4359,41.2083],[9.4375,41.1958],[9.4357,41.1917]]]}},{"type":"Feature","properties":{"depth":-20},"geometry":{"type":"MultiLineString","coordinates":[[[9.1501,41.2293],[9.1581,41.2271],[9.1585,41.2188],[9.1502,41.1958],[9.1493,41.1812],[9.1479,41.1746],[9.1417,41.1686],[9.1312,41.1664],[9.1208,41.1668],[9.1125,41.1645],[9.1054,41.1583],[9.0979,41.1503],[9.0854,41.1446],[9.0771,41.1424],[9.0687,41.1423],[9.0563,41.1476],[9.0458,41.1492],[9.0375,41.1475],[9.0229,41.1405],[9.0083,41.1344],[9.0,41.128],[8.9938,41.1207],[8.9875,41.1159],[8.9768,41.1104],[8.9693,41.1042],[8.9597,41.0854],[8.9567,41.0812],[8.9396,41.0666],[8.9333,41.0622],[8.925,41.0535],[8.9167,41.0481],[8.9104,41.0454],[8.9021,41.0435],[8.8729,41.0312],[8.8652,41.0229],[8.8604,41.0197],[8.8571,41.0146],[8.8582,41.0],[8.8561,40.9958],[8.8452,40.9833],[8.8375,40.9765],[8.8195,40.9646],[8.8073,40.9542],[8.7958,40.9478],[8.7854,40.9402],[8.7792,40.9368],[8.7667,40.9336],[8.7542,40.932],[8.7417,40.9317],[8.7271,40.9289],[8.7208,40.9289],[8.7083,40.9268],[8.6875,40.9208],[8.6813,40.9181],[8.6687,40.9113],[8.65,40.9044],[8.6354,40.8965],[8.6249,40.8917],[8.6172,40.8854],[8.6062,40.8753],[8.5953,40.8687],[8.5896,40.8663],[8.5771,40.8639],[8.5646,40.8578],[8.5521,40.8554],[8.5312,40.8506],[8.5125,40.8481],[8.5,40.8441],[8.4896,40.8398],[8.4583,40.8384],[8.45,40.8412],[8.4375,40.8433],[8.4271,40.8425],[8.4187,40.8454],[8.4141,40.85],[8.4113,40.8563],[8.4042,40.8622],[8.3958,40.8651],[8.3521,40.8701],[8.3479,40.8693],[8.3354,40.8648],[8.3313,40.8642],[8.3208,40.8668],[8.3021,40.8751],[8.2917,40.879],[8.2751,40.8896],[8.2646,40.8997],[8.2572,40.9083],[8.25,40.9203],[8.2417,40.9293],[8.2391,40.9375],[8.2409,40.9458],[8.2437,40.9521],[8.245,40.9583],[8.2442,40.9729],[8.2455,40.975],[8.2583,40.9798],[8.2625,40.983],[8.2708,40.9937],[8.2703,41.0],[8.2639,41.0104],[8.2623,41.0146],[8.2633,41.0229],[8.2623,41.0312],[8.2638,41.0375],[8.2688,41.0417],[8.275,41.0433],[8.2854,41.0433],[8.2917,41.0448],[8.3063,41.0378],[8.3104,41.0378],[8.3125,41.0461],[8.3167,41.0475],[8.3292,41.045],[8.3333,41.0462],[8.3358,41.05],[8.3375,41.0564],[8.3413,41.0625],[8.3433,41.0708],[8.3423,41.0771],[8.3429,41.0833]]]}},{"type":"Feature","properties":{"depth":-20},"geometry":{"type":"MultiLineString","coordinates":[[[9.4604,41.2425],[9.4577,41.2354],[9.4521,41.2324],[9.4484,41.2375],[9.4375,41.2427]]]}},{"type":"Feature","properties":{"depth":-20},"geometry":{"type":"MultiLineString","coordinates":[[[9.1431,41.2452],[9.1373,41.2417],[9.1356,41.2375],[9.1375,41.2309],[9.1417,41.2288],[9.1494,41.2292]]]}},{"type":"Feature","properties":{"depth":-20},"geometry":{"type":"MultiLineString","coordinates":[[[9.3355,41.25],[9.3297,41.2458],[9.3311,41.2354],[9.3333,41.2284],[9.3377,41.2269]]]}},{"type":"Feature","properties":{"depth":-20},"geometry":{"type":"MultiLineString","coordinates":[[[9.2131,41.2527],[9.2063,41.251],[9.2,41.247],[9.1875,41.25]]]}},{"type":"Feature","properties":{"depth":-20},"geometry":{"type":"MultiLineString","coordinates":[[[9.3984,41.2579],[9.3917,41.2437],[9.3826,41.234]]]}},{"type":"Feature","properties":{"depth":-20},"geometry":{"type":"MultiLineString","coordinates":[[[9.3703,41.3062],[9.3625,41.3004],[9.3583,41.3007],[9.3514,41.3048]]]}},{"type":"Feature","properties":{"depth":-20},"geometry":{"type":"MultiLineString","coordinates":[[[9.3408,41.3095],[9.3354,41.3095],[9.3312,41.3021],[9.333,41.2938],[9.3418,41.2917],[9.3396,41.2875]]]}},{"type":"Feature","properties":{"depth":-20},"geometry":{"type":"MultiLineString","coordinates":[[[9.2627,41.3353],[9.265,41.35],[9.2669,41.3542],[9.2729,41.3604],[9.2752,41.3687],[9.2729,41.3739],[9.2594,41.3813],[9.2669,41.3917],[9.2655,41.4042],[9.2617,41.4104],[9.2609,41.4151]]]}},{"type":"Feature","properties":{"depth":-20},"geometry":{"type":"MultiLineString","coordinates":[[[9.2228,41.3665],[9.2292,41.3667],[9.2354,41.3703],[9.2479,41.3639],[9.2503,41.3563],[9.2491,41.349]]]}},{"type":"Feature","properties":{"depth":-20},"geometry":{"type":"MultiLineString","coordinates":[[[9.1666,41.3833],[9.1743,41.3708],[9.1798,41.366]]]}},{"type":"Feature","properties":{"depth":-20},"geometry":{"type":"MultiLineString","coordinates":[[[9.2428,41.4199],[9.2333,41.4193],[9.2326,41.4229],[9.2349,41.4271],[9.2343,41.4354],[9.2357,41.4396],[9.2423,41.4458]]]}},{"type":"Feature","properties":{"depth":-20},"geometry":{"type":"MultiLineString","coordinates":[[[9.2594,41.4552],[9.2708,41.4575],[9.2764,41.4604],[9.2783,41.4637]]]}},{"type":"Feature","properties":{"depth":-20},"geometry":{"type":"MultiLineString","coordinates":[[[9.0292,41.4627],[9.0333,41.4627],[9.0361,41.4562],[9.0396,41.4543],[9.0458,41.4539],[9.0563,41.455],[9.0646,41.44],[9.0708,41.4378],[9.0813,41.4373],[9.0896,41.4387],[9.0979,41.4336],[9.096,41.4208],[9.0923,41.4083],[9.0895,41.4021],[9.0917,41.393],[9.0955,41.392]]]}},{"type":"Feature","properties":{"depth":-20},"geometry":{"type":"MultiLineString","coordinates":[[[8.9489,41.4885],[8.9577,41.4833],[8.9667,41.4731],[8.9729,41.4734],[8.9812,41.472],[8.9896,41.4749],[8.9938,41.475],[9.0,41.4729],[9.0062,41.4724],[9.0118,41.4688],[9.0172,41.4604],[9.0208,41.4578],[9.0265,41.4604]]]}},{"type":"Feature","properties":{"depth":-20},"geometry":{"type":"MultiLineString","coordinates":[[[9.2884,41.495],[9.2891,41.5021],[9.2866,41.5063],[9.2868,41.5104],[9.2958,41.5262],[9.3021,41.5291],[9.308,41.5354],[9.3168,41.5417],[9.3292,41.548],[9.3458,41.553],[9.3472,41.5521],[9.3446,41.5438],[9.347,41.5396],[9.3521,41.5367],[9.3562,41.5362],[9.3636,41.5479],[9.3746,41.5567]]]}},{"type":"Feature","properties":{"depth":-20},"geometry":{"type":"MultiLineString","coordinates":[[[8.9056,41.5063],[8.9113,41.5],[8.9154,41.4917],[8.9195,41.4888]]]}},{"type":"Feature","properties":{"depth":-20},"geometry":{"type":"MultiLineString","coordinates":[[[8.868,41.52],[8.875,41.5165],[8.8793,41.5125],[8.8805,41.5083],[8.8836,41.506]]]}},{"type":"Feature","properties":{"depth":-20},"geometry":{"type":"MultiLineString","coordinates":[[[8.8311,41.5457],[8.8354,41.5435],[8.8451,41.5333],[8.8445,41.5278]]]}},{"type":"Feature","properties":{"depth":-20},"geometry":{"type":"MultiLineString","coordinates":[[[9.3767,41.5587],[9.3767,41.5625],[9.3729,41.5674],[9.3646,41.565],[9.3562,41.5641],[9.3567,41.5729],[9.3586,41.5771],[9.3668,41.5876]]]}},{"type":"Feature","properties":{"depth":-20},"geometry":{"type":"MultiLineString","coordinates":[[[8.7837,41.565],[8.7818,41.5625],[8.7816,41.5562],[8.7854,41.5549],[8.7924,41.5555]]]}},{"type":"Feature","properties":{"depth":-20},"geometry":{"type":"MultiLineString","coordinates":[[[8.783,41.583],[8.7922,41.575],[8.7922,41.5708],[8.7859,41.5661]]]}},{"type":"Feature","properties":{"depth":-20},"geometry":{"type":"MultiLineString","coordinates":[[[9.3699,41.5967],[9.3688,41.6004],[9.3646,41.6013],[9.3562,41.6],[9.3509,41.6021],[9.3478,41.6063],[9.3494,41.6083],[9.3625,41.6158],[9.3688,41.6145],[9.3722,41.6187],[9.3743,41.6271],[9.3852,41.6437]]]}},{"type":"Feature","properties":{"depth":-20},"geometry":{"type":"MultiLineString","coordinates":[[[8.7917,41.6281],[8.7851,41.6187],[8.7842,41.6104],[8.7809,41.6042],[8.7793,41.5979],[8.775,41.5938]]]}},{"type":"Feature","properties":{"depth":-20},"geometry":{"type":"MultiLineString","coordinates":[[[9.3868,41.6465],[9.3919,41.6542],[9.3945,41.6667]]]}},{"type":"Feature","properties":{"depth":-20},"geometry":{"type":"MultiLineString","coordinates":[[[9.3966,41.6722],[9.3966,41.6771],[9.4013,41.6833],[9.4068,41.6958],[9.409,41.7125],[9.4083,41.7208]]]}},{"type":"Feature","properties":{"depth":-20},"geometry":{"type":"MultiLineString","coordinates":[[[8.9016,41.6891],[8.9038,41.6854],[8.9032,41.6812],[8.9,41.6795],[8.8938,41.6793],[8.8875,41.6758],[8.8757,41.6708],[8.8728,41.6667],[8.8698,41.6562],[8.8613,41.6479]]]}},{"type":"Feature","properties":{"depth":-20},"geometry":{"type":"MultiLineString","coordinates":[[[9.4082,41.7231],[9.4102,41.7417],[9.4075,41.7512]]]}},{"type":"Feature","properties":{"depth":-20},"geometry":{"type":"MultiLineString","coordinates":[[[8.7591,41.7362],[8.7646,41.7374],[8.7708,41.7363],[8.775,41.7335],[8.7764,41.7292],[8.7755,41.725],[8.7698,41.7146],[8.7708,41.7108],[8.7812,41.7072],[8.7826,41.7013]]]}},{"type":"Feature","properties":{"depth":-20},"geometry":{"type":"MultiLineString","coordinates":[[[8.6673,41.7527],[8.6625,41.7528],[8.6554,41.75],[8.6514,41.7437],[8.6514,41.7396],[8.6542,41.7359],[8.6583,41.7339],[8.6625,41.7345],[8.6708,41.7405],[8.675,41.7401],[8.6833,41.7364],[8.6917,41.7373],[8.6988,41.7333],[8.7001,41.7271],[8.7042,41.7215],[8.707,41.7222]]]}},{"type":"Feature","properties":{"depth":-20},"geometry":{"type":"MultiLineString","coordinates":[[[9.4063,41.7708],[9.4031,41.7812],[9.4036,41.7875],[9.4024,41.7979],[9.4058,41.8104],[9.4068,41.8193]]]}},{"type":"Feature","properties":{"depth":-20},"geometry":{"type":"MultiLineString","coordinates":[[[8.7136,41.7938],[8.7167,41.7889],[8.7208,41.7863],[8.7224,41.7792],[8.7178,41.7708],[8.7083,41.7613],[8.7,41.7598],[8.6917,41.7527],[8.6833,41.751],[8.6773,41.7519]]]}},{"type":"Feature","properties":{"depth":-20},"geometry":{"type":"MultiLineString","coordinates":[[[8.7498,41.8123],[8.7417,41.8125],[8.7388,41.8062],[8.7333,41.8025],[8.725,41.8019],[8.7201,41.8028]]]}},{"type":"Feature","properties":{"depth":-20},"geometry":{"type":"MultiLineString","coordinates":[[[9.4071,41.8262],[9.4086,41.8375],[9.4084,41.8479],[9.4132,41.8583],[9.4154,41.8687],[9.4148,41.8771],[9.4188,41.8875],[9.4342,41.9104],[9.4355,41.9208],[9.4439,41.9417],[9.4484,41.95],[9.459,41.9625],[9.4716,41.975],[9.4801,41.9813],[9.4912,41.9958],[9.4968,42.0021],[9.5038,42.0146],[9.5188,42.0351],[9.5254,42.0417],[9.5298,42.05],[9.5375,42.0556],[9.5448,42.0688],[9.5521,42.075],[9.5618,42.0875],[9.5708,42.1063],[9.5717,42.1104],[9.571,42.1333],[9.5694,42.1542],[9.5706,42.1833],[9.5726,42.1958],[9.5731,42.2042],[9.5708,42.2149],[9.57,42.225],[9.5704,42.2375],[9.573,42.2542]]]}},{"type":"Feature","properties":{"depth":-20},"geometry":{"type":"MultiLineString","coordinates":[[[8.7614,41.8406],[8.7701,41.8333],[8.7721,41.8292],[8.7673,41.8229],[8.7652,41.8167],[8.7625,41.8148],[8.7523,41.8125]]]}},{"type":"Feature","properties":{"depth":-20},"geometry":{"type":"MultiLineString","coordinates":[[[8.7417,41.924],[8.7458,41.9303],[8.75,41.9311],[8.7561,41.925],[8.7619,41.9224]]]}},{"type":"Feature","properties":{"depth":-20},"geometry":{"type":"MultiLineString","coordinates":[[[8.7712,41.9253],[8.775,41.9249],[8.7857,41.9167],[8.7906,41.9104],[8.797,41.8979],[8.7975,41.8937],[8.7937,41.8901],[8.7812,41.8856],[8.7781,41.8833],[8.7757,41.8771],[8.782,41.8625],[8.7806,41.8542],[8.7771,41.8518],[8.7688,41.8511],[8.7618,41.8486]]]}},{"type":"Feature","properties":{"depth":-20},"geometry":{"type":"MultiLineString","coordinates":[[[8.62,41.9721],[8.6104,41.9741],[8.6063,41.9729],[8.5894,41.9646],[8.5884,41.9604],[8.5959,41.9479],[8.5972,41.9438],[8.6042,41.9354],[8.6104,41.9314],[8.6119,41.9271],[8.6066,41.9167],[8.6023,41.9104],[8.6015,41.9062],[8.6032,41.9],[8.6019,41.8937],[8.5958,41.8869],[8.5833,41.8801],[8.5775,41.8708],[8.5792,41.8692],[8.5875,41.87],[8.5979,41.8688],[8.6002,41.8792],[8.6105,41.8875],[8.6188,41.8971],[8.6312,41.8993],[8.6375,41.9045],[8.6438,41.9073],[8.6487,41.9075]]]}},{"type":"Feature","properties":{"depth":-20},"geometry":{"type":"MultiLineString","coordinates":[[[8.6636,41.9917],[8.6636,41.9833],[8.6583,41.9783],[8.6542,41.9764],[8.6375,41.9724],[8.6218,41.9719]]]}},{"type":"Feature","properties":{"depth":-20},"geometry":{"type":"MultiLineString","coordinates":[[[8.707,42.0278],[8.6979,42.03],[8.6937,42.0329],[8.6771,42.0229],[8.6687,42.0228],[8.6646,42.0214],[8.6565,42.0146],[8.6527,42.0083],[8.652,42.0042],[8.6542,41.9998]]]}},{"type":"Feature","properties":{"depth":-20},"geometry":{"type":"MultiLineString","coordinates":[[[8.7404,42.0596],[8.7403,42.0542],[8.7383,42.0479],[8.7318,42.0432]]]}},{"type":"Feature","properties":{"depth":-20},"geometry":{"type":"MultiLineString","coordinates":[[[8.6794,42.1023],[8.6875,42.1058],[8.6937,42.1037],[8.6995,42.0938],[8.6977,42.0854],[8.6905,42.0792],[8.6917,42.0773],[8.6979,42.082],[8.7042,42.0819],[8.7083,42.08],[8.7167,42.073],[8.7202,42.066]]]}},{"type":"Feature","properties":{"depth":-20},"geometry":{"type":"MultiLineString","coordinates":[[[8.5981,42.1293],[8.6104,42.1283],[8.6191,42.1229],[8.625,42.1168],[8.6396,42.1135],[8.6448,42.1063],[8.65,42.1024],[8.6542,42.0949],[8.6583,42.0954],[8.6646,42.0995],[8.6708,42.1015],[8.679,42.1022]]]}},{"type":"Feature","properties":{"depth":-20},"geometry":{"type":"MultiLineString","coordinates":[[[8.5773,42.15],[8.5834,42.1437],[8.5844,42.1375],[8.5833,42.1332]]]}},{"type":"Feature","properties":{"depth":-20},"geometry":{"type":"MultiLineString","coordinates":[[[8.5773,42.1935],[8.577,42.1854],[8.575,42.1809],[8.5679,42.1771]]]}},{"type":"Feature","properties":{"depth":-20},"geometry":{"type":"MultiLineString","coordinates":[[[11.6441,42.2542],[11.6453,42.25],[11.6542,42.2439],[11.6604,42.2411],[11.6643,42.2375],[11.6702,42.2292],[11.6792,42.2204],[11.6901,42.2062],[11.6925,42.2],[11.705,42.1833],[11.7125,42.1711],[11.7189,42.1646],[11.7217,42.1521],[11.7326,42.1375],[11.7458,42.1272],[11.7521,42.1181],[11.7615,42.1083],[11.7645,42.1021],[11.7771,42.0895],[11.79,42.0833],[11.7937,42.0792],[11.8023,42.0646],[11.8056,42.0562],[11.8133,42.0479],[11.8168,42.0354],[11.8229,42.0293],[11.8293,42.0208],[11.8354,42.0181],[11.85,42.0201],[11.8729,42.0282],[11.8792,42.0289],[11.9042,42.0216],[11.914,42.0167],[11.924,42.0021],[11.9313,41.9947],[11.9458,41.9862],[11.9523,41.975],[11.9583,41.9689],[11.9763,41.9604],[11.9854,41.9545],[12.0021,41.9472],[12.0083,41.9426],[12.0157,41.9292],[12.0203,41.9229],[12.025,41.9193],[12.0333,41.9158],[12.0458,41.9124],[12.0542,41.9115],[12.0667,41.9115],[12.0706,41.9104],[12.0781,41.9042],[12.0838,41.8979],[12.1,41.8844]]]}},{"type":"Feature","properties":{"depth":-10},"geometry":{"type":"MultiLineString","coordinates":[[[9.7524,40.65],[9.7594,40.6604],[9.7622,40.6667],[9.7608,40.6771],[9.7649,40.6812],[9.7646,40.6838],[9.7583,40.6839],[9.7521,40.687],[9.7396,40.6985],[9.7281,40.7062],[9.7247,40.7125],[9.7239,40.725],[9.7255,40.7375],[9.7186,40.7417],[9.7179,40.7471]]]}},{"type":"Feature","properties":{"depth":-10},"geometry":{"type":"MultiLineString","coordinates":[[[8.1325,40.73],[8.1438,40.722],[8.1562,40.7106],[8.1667,40.7032],[8.1744,40.6917],[8.1813,40.6876],[8.188,40.6812],[8.1898,40.6771],[8.1883,40.6625],[8.1864,40.6542],[8.184,40.65]]]}},{"type":"Feature","properties":{"depth":-10},"geometry":{"type":"MultiLineString","coordinates":[[[9.7117,40.7542],[9.702,40.7625],[9.6886,40.7812],[9.6813,40.7874],[9.6793,40.7917],[9.6815,40.8],[9.6888,40.8042],[9.6958,40.8114],[9.6973,40.8167],[9.6929,40.8208],[9.692,40.825],[9.6958,40.8287],[9.7,40.8298],[9.7081,40.8289]]]}},{"type":"Feature","properties":{"depth":-10},"geometry":{"type":"MultiLineString","coordinates":[[[8.1771,40.806],[8.1687,40.8018],[8.1625,40.7974],[8.1594,40.7896],[8.1606,40.7792],[8.1592,40.7687],[8.1549,40.7604],[8.1505,40.7542],[8.1354,40.7394],[8.1316,40.7316]]]}},{"type":"Feature","properties":{"depth":-10},"geometry":{"type":"MultiLineString","coordinates":[[[8.4165,40.8415],[8.4021,40.8552],[8.3854,40.859],[8.3667,40.8612],[8.3542,40.8616],[8.35,40.8609],[8.3438,40.8575],[8.3375,40.8515],[8.3333,40.85],[8.3146,40.8558],[8.2917,40.8671],[8.275,40.8794],[8.2625,40.8905],[8.24,40.9167],[8.2345,40.9312],[8.234,40.9381]]]}},{"type":"Feature","properties":{"depth":-10},"geometry":{"type":"MultiLineString","coordinates":[[[8.2063,40.8511],[8.2042,40.8491],[8.1953,40.8354]]]}},{"type":"Feature","properties":{"depth":-10},"geometry":{"type":"MultiLineString","coordinates":[[[9.6823,40.8615],[9.6804,40.8646],[9.6725,40.8687],[9.6718,40.8761]]]}},{"type":"Feature","properties":{"depth":-10},"geometry":{"type":"MultiLineString","coordinates":[[[9.6714,40.8776],[9.6687,40.88],[9.6625,40.8812],[9.6542,40.8898],[9.65,40.8909],[9.6375,40.8897],[9.6333,40.8901],[9.6295,40.8937],[9.6295,40.8979],[9.6321,40.903]]]}},{"type":"Feature","properties":{"depth":-10},"geometry":{"type":"MultiLineString","coordinates":[[[8.2194,40.8931],[8.2198,40.8875],[8.2155,40.8792],[8.2152,40.8652]]]}},{"type":"Feature","properties":{"depth":-10},"geometry":{"type":"MultiLineString","coordinates":[[[9.6199,40.922],[9.6104,40.9209],[9.5979,40.9163],[9.5854,40.9172],[9.5772,40.9229],[9.579,40.9292],[9.5771,40.9396],[9.5875,40.9583]]]}},{"type":"Feature","properties":{"depth":-10},"geometry":{"type":"MultiLineString","coordinates":[[[8.2368,40.9542],[8.2305,40.9604],[8.2344,40.9771],[8.2396,40.9823],[8.2508,40.9833]]]}},{"type":"Feature","properties":{"depth":-10},"geometry":{"type":"MultiLineString","coordinates":[[[9.5918,40.9686],[9.5888,40.9771],[9.5899,40.9833],[9.5939,40.9873]]]}},{"type":"Feature","properties":{"depth":-10},"geometry":{"type":"MultiLineString","coordinates":[[[8.2564,41.0124],[8.2548,41.0187],[8.2565,41.0229],[8.2548,41.0312],[8.255,41.0363]]]}},{"type":"Feature","properties":{"depth":-10},"geometry":{"type":"MultiLineString","coordinates":[[[9.6199,41.0104],[9.612,41.0167],[9.6042,41.0208],[9.5979,41.0229],[9.5908,41.0229],[9.5833,41.02],[9.5729,41.0193],[9.5688,41.0229],[9.5646,41.0348]]]}},{"type":"Feature","properties":{"depth":-10},"geometry":{"type":"MultiLineString","coordinates":[[[9.5636,41.0364],[9.5587,41.0396],[9.55,41.0409],[9.5437,41.0404],[9.5396,41.0438],[9.5427,41.0583],[9.5417,41.064]]]}},{"type":"Feature","properties":{"depth":-10},"geometry":{"type":"MultiLineString","coordinates":[[[8.2688,41.0475],[8.2739,41.05],[8.2792,41.0554],[8.2875,41.058],[8.2917,41.0558],[8.2979,41.0496],[8.3021,41.0482],[8.3033,41.0521],[8.3083,41.0552],[8.3253,41.0518]]]}},{"type":"Feature","properties":{"depth":-10},"geometry":{"type":"MultiLineString","coordinates":[[[9.5406,41.0656],[9.5352,41.0708],[9.5375,41.0767],[9.5437,41.0787],[9.5484,41.0787]]]}},{"type":"Feature","properties":{"depth":-10},"geometry":{"type":"MultiLineString","coordinates":[[[9.4648,41.1397],[9.4615,41.1375],[9.459,41.1271],[9.4563,41.1234],[9.4521,41.1217],[9.4439,41.1375],[9.4348,41.1473]]]}},{"type":"Feature","properties":{"depth":-10},"geometry":{"type":"MultiLineString","coordinates":[[[9.1536,41.1964],[9.1533,41.1708],[9.1507,41.1667],[9.1458,41.1629],[9.1417,41.1617],[9.1271,41.1611],[9.1208,41.1623],[9.1167,41.1616],[9.1125,41.1583],[9.1079,41.1479],[9.1042,41.1444],[9.0896,41.1386],[9.075,41.1359],[9.0646,41.1367],[9.056,41.1417],[9.05,41.1437],[9.0396,41.1425],[9.0229,41.1347],[9.0104,41.13],[9.0062,41.127],[8.9958,41.1153],[8.9828,41.1063],[8.9751,41.0979],[8.9714,41.0917],[8.9616,41.0792],[8.9417,41.0616],[8.9354,41.0576],[8.9229,41.0471],[8.9146,41.0422],[8.9042,41.0399],[8.8917,41.0343],[8.8757,41.0292],[8.8717,41.0229],[8.8617,41.0167],[8.8598,41.0125],[8.8636,41.0021],[8.8637,40.9979],[8.8588,40.9896],[8.8471,40.9771],[8.8417,40.9723],[8.8211,40.9562],[8.8104,40.9468],[8.7979,40.9392],[8.7896,40.933],[8.7812,40.929],[8.7729,40.9267],[8.7521,40.9252],[8.7396,40.9251],[8.725,40.9219],[8.7188,40.9236],[8.7083,40.9229],[8.6911,40.9167],[8.6792,40.9094],[8.6667,40.9041],[8.6544,40.9],[8.6458,40.8962],[8.6292,40.8875],[8.6224,40.8813],[8.6152,40.8708],[8.6104,40.8666],[8.5979,40.859],[8.5896,40.8559],[8.5729,40.8486],[8.5437,40.8406],[8.5083,40.8344],[8.4958,40.8313],[8.4875,40.8303],[8.4604,40.8296],[8.4521,40.8315],[8.4375,40.8368],[8.4313,40.8368],[8.4253,40.8351]]]}},{"type":"Feature","properties":{"depth":-10},"geometry":{"type":"MultiLineString","coordinates":[[[9.3167,41.1996],[9.3104,41.1956],[9.3021,41.1933],[9.295,41.1925]]]}},{"type":"Feature","properties":{"depth":-10},"geometry":{"type":"MultiLineString","coordinates":[[[9.2889,41.2188],[9.2841,41.225],[9.281,41.2313],[9.2753,41.2396],[9.2688,41.2421],[9.2615,41.2406]]]}},{"type":"Feature","properties":{"depth":-10},"geometry":{"type":"MultiLineString","coordinates":[[[9.1536,41.2328],[9.1583,41.2317],[9.1621,41.2271],[9.1618,41.2167],[9.155,41.2008]]]}},{"type":"Feature","properties":{"depth":-10},"geometry":{"type":"MultiLineString","coordinates":[[[9.2235,41.3693],[9.2271,41.3691],[9.2313,41.3729],[9.2342,41.3792],[9.2345,41.3833],[9.2393,41.3875],[9.2409,41.3951]]]}},{"type":"Feature","properties":{"depth":-10},"geometry":{"type":"MultiLineString","coordinates":[[[9.2588,41.3734],[9.2521,41.3756],[9.2479,41.3786],[9.2417,41.3796],[9.2393,41.3771],[9.2417,41.371],[9.2479,41.3693],[9.2547,41.3625],[9.2567,41.3588]]]}},{"type":"Feature","properties":{"depth":-10},"geometry":{"type":"MultiLineString","coordinates":[[[9.2462,41.4004],[9.2542,41.3999],[9.2589,41.4021],[9.2543,41.4085]]]}},{"type":"Feature","properties":{"depth":-10},"geometry":{"type":"MultiLineString","coordinates":[[[9.0913,41.4455],[9.0944,41.4417],[9.1042,41.4409],[9.1083,41.4376],[9.1074,41.4333],[9.1025,41.4288]]]}},{"type":"Feature","properties":{"depth":-10},"geometry":{"type":"MultiLineString","coordinates":[[[9.2937,41.5346],[9.2979,41.5375],[9.3083,41.5418],[9.3125,41.5455],[9.3208,41.5492],[9.3271,41.5534],[9.3368,41.557]]]}},{"type":"Feature","properties":{"depth":-10},"geometry":{"type":"MultiLineString","coordinates":[[[9.3674,41.5576],[9.3688,41.5601],[9.3625,41.5577],[9.3581,41.5521],[9.3583,41.5495]]]}},{"type":"Feature","properties":{"depth":-10},"geometry":{"type":"MultiLineString","coordinates":[[[9.3364,41.6021],[9.3325,41.6083],[9.3342,41.6104],[9.3496,41.6167]]]}},{"type":"Feature","properties":{"depth":-10},"geometry":{"type":"MultiLineString","coordinates":[[[8.7888,41.6154],[8.7886,41.6083],[8.7843,41.6021],[8.783,41.5958]]]}},{"type":"Feature","properties":{"depth":-10},"geometry":{"type":"MultiLineString","coordinates":[[[9.3562,41.6195],[9.3606,41.6292],[9.3694,41.6333],[9.3709,41.6354]]]}},{"type":"Feature","properties":{"depth":-10},"geometry":{"type":"MultiLineString","coordinates":[[[8.8814,41.6709],[8.8781,41.6688],[8.8712,41.6521],[8.8665,41.6479]]]}},{"type":"Feature","properties":{"depth":-10},"geometry":{"type":"MultiLineString","coordinates":[[[9.3905,41.6718],[9.383,41.675],[9.3829,41.6792],[9.3941,41.6854],[9.3959,41.6896]]]}},{"type":"Feature","properties":{"depth":-10},"geometry":{"type":"MultiLineString","coordinates":[[[9.4062,41.8569],[9.4082,41.8625],[9.4053,41.8792],[9.4084,41.8875],[9.4091,41.8958],[9.4125,41.9021],[9.4217,41.9083],[9.4241,41.9125],[9.4227,41.9188],[9.4256,41.925],[9.4268,41.9375],[9.4233,41.9458],[9.4244,41.95],[9.4306,41.9604],[9.4419,41.9729],[9.4549,41.9854],[9.4625,41.9919],[9.4688,41.9992],[9.4812,42.008],[9.4828,42.0146],[9.4855,42.0187],[9.5151,42.0542],[9.5234,42.0625],[9.5297,42.0708],[9.5375,42.0788],[9.5563,42.0945],[9.561,42.1021],[9.5629,42.1104],[9.5637,42.1333],[9.5619,42.1562],[9.5624,42.1729],[9.5673,42.1979],[9.5636,42.2167],[9.5616,42.2292],[9.562,42.2396],[9.5647,42.2542]]]}},{"type":"Feature","properties":{"depth":-10},"geometry":{"type":"MultiLineString","coordinates":[[[8.7833,41.8709],[8.7865,41.8625],[8.7865,41.8583],[8.7833,41.8513],[8.7793,41.8479]]]}},{"type":"Feature","properties":{"depth":-10},"geometry":{"type":"MultiLineString","coordinates":[[[8.6104,41.9137],[8.6077,41.9083],[8.6078,41.8958],[8.6093,41.8948]]]}},{"type":"Feature","properties":{"depth":-10},"geometry":{"type":"MultiLineString","coordinates":[[[8.6531,41.9718],[8.6396,41.9694],[8.6305,41.9695]]]}},{"type":"Feature","properties":{"depth":-10},"geometry":{"type":"MultiLineString","coordinates":[[[11.88,42.0354],[11.883,42.0333],[11.8917,42.0308],[11.9104,42.0283],[11.9203,42.0229],[11.9276,42.0167],[11.9333,42.0097],[11.9375,42.0062],[11.9479,42.0003],[11.9553,41.9937],[11.9604,41.9811],[11.9646,41.9777],[11.9792,41.9732],[11.9854,41.9727],[11.9958,41.976],[12.0062,41.9747],[12.0136,41.9688],[12.0229,41.9587],[12.0265,41.9521],[12.0296,41.9333],[12.0312,41.9307],[12.0396,41.9297],[12.05,41.9338],[12.0583,41.9337],[12.0687,41.9298],[12.1,41.9148],[12.1,41.9148]]]}},{"type":"Feature","properties":{"depth":-10},"geometry":{"type":"MultiLineString","coordinates":[[[11.7892,42.0875],[11.7952,42.0833],[11.805,42.0667],[11.8083,42.0586],[11.8166,42.05],[11.8208,42.0391],[11.8313,42.0251],[11.8375,42.0225],[11.8479,42.0237],[11.8646,42.0287],[11.8691,42.0312]]]}},{"type":"Feature","properties":{"depth":-10},"geometry":{"type":"MultiLineString","coordinates":[[[11.7639,42.1097],[11.7672,42.1021],[11.7771,42.0925],[11.7867,42.0883]]]}},{"type":"Feature","properties":{"depth":-10},"geometry":{"type":"MultiLineString","coordinates":[[[8.6444,42.1187],[8.6562,42.1034],[8.6583,42.1022]]]}},{"type":"Feature","properties":{"depth":-10},"geometry":{"type":"MultiLineString","coordinates":[[[11.6623,42.2542],[11.6708,42.2464],[11.6777,42.2354],[11.6838,42.2313],[11.6871,42.2271],[11.6896,42.2208],[11.6959,42.2146],[11.7023,42.2042],[11.7057,42.1958],[11.714,42.1812],[11.7188,42.1763],[11.725,42.1728],[11.7281,42.1688],[11.727,42.1562],[11.7287,42.1521],[11.7371,42.1396],[11.7479,42.1296],[11.7562,42.1193],[11.7604,42.1163],[11.7626,42.1124]]]}},{"type":"Feature","properties":{"depth":-5},"geometry":{"type":"MultiLineString","coordinates":[[[8.1896,40.6569],[8.1871,40.65]]]}},{"type":"Feature","properties":{"depth":-5},"geometry":{"type":"MultiLineString","coordinates":[[[8.1793,40.6917],[8.1833,40.6896],[8.1905,40.6833],[8.1929,40.675],[8.19,40.6588]]]}},{"type":"Feature","properties":{"depth":-5},"geometry":{"type":"MultiLineString","coordinates":[[[9.7258,40.7],[9.7208,40.7038],[9.717,40.7104],[9.7178,40.7167],[9.7162,40.7245]]]}},{"type":"Feature","properties":{"depth":-5},"geometry":{"type":"MultiLineString","coordinates":[[[8.1577,40.7125],[8.1694,40.7042],[8.1729,40.6975]]]}},{"type":"Feature","properties":{"depth":-5},"geometry":{"type":"MultiLineString","coordinates":[[[9.6914,40.7667],[9.6854,40.7715],[9.6824,40.7771],[9.6734,40.7875],[9.6723,40.7952]]]}},{"type":"Feature","properties":{"depth":-5},"geometry":{"type":"MultiLineString","coordinates":[[[8.1628,40.781],[8.1623,40.7708],[8.1611,40.7667],[8.1554,40.7563],[8.1522,40.7521],[8.139,40.7396]]]}},{"type":"Feature","properties":{"depth":-5},"geometry":{"type":"MultiLineString","coordinates":[[[8.4147,40.8397],[8.4021,40.8509],[8.3917,40.8523],[8.3833,40.8555],[8.3667,40.8574],[8.3542,40.8571],[8.3479,40.8548],[8.3417,40.8489],[8.3313,40.8457],[8.325,40.848],[8.3146,40.8487],[8.3083,40.8525],[8.2875,40.8623],[8.2676,40.8771],[8.2604,40.8849],[8.2479,40.8998],[8.2358,40.9128]]]}},{"type":"Feature","properties":{"depth":-5},"geometry":{"type":"MultiLineString","coordinates":[[[9.6794,40.8625],[9.675,40.8648],[9.6687,40.8653],[9.6658,40.8687],[9.6692,40.875],[9.6583,40.8807],[9.655,40.8862]]]}},{"type":"Feature","properties":{"depth":-5},"geometry":{"type":"MultiLineString","coordinates":[[[9.523,40.9209],[9.5312,40.9238],[9.5418,40.9229],[9.5396,40.9194],[9.5292,40.9194],[9.5199,40.9208]]]}},{"type":"Feature","properties":{"depth":-5},"geometry":{"type":"MultiLineString","coordinates":[[[8.8622,41.0128],[8.8625,41.0104],[8.8674,41.0042],[8.8675,40.9979],[8.8661,40.9937],[8.8598,40.9854],[8.8479,40.9732],[8.8354,40.9622],[8.8125,40.9433],[8.7896,40.928],[8.7792,40.9239],[8.7729,40.9224],[8.7625,40.9216],[8.7438,40.922],[8.7271,40.9182],[8.7229,40.9182],[8.7167,40.9207],[8.7104,40.9209],[8.6941,40.9146],[8.6792,40.9053],[8.6604,40.8988],[8.6479,40.8937],[8.6296,40.8833],[8.6261,40.8792],[8.6185,40.8667],[8.6125,40.862],[8.5979,40.853],[8.5833,40.8464],[8.5729,40.8424],[8.5437,40.8343],[8.4938,40.826],[8.4729,40.8251],[8.4583,40.8253],[8.45,40.8277],[8.4375,40.8331],[8.4297,40.8328]]]}},{"type":"Feature","properties":{"depth":-5},"geometry":{"type":"MultiLineString","coordinates":[[[9.5943,41.0214],[9.5854,41.0178],[9.5687,41.0153],[9.5668,41.0167],[9.5658,41.025],[9.5635,41.0322]]]}},{"type":"Feature","properties":{"depth":-5},"geometry":{"type":"MultiLineString","coordinates":[[[8.8808,41.0287],[8.8769,41.0271],[8.8744,41.0208],[8.8651,41.0162]]]}},{"type":"Feature","properties":{"depth":-5},"geometry":{"type":"MultiLineString","coordinates":[[[8.9061,41.0374],[8.8997,41.0354],[8.8938,41.0321],[8.8828,41.0292]]]}},{"type":"Feature","properties":{"depth":-5},"geometry":{"type":"MultiLineString","coordinates":[[[9.5587,41.0375],[9.5521,41.038],[9.5437,41.0362],[9.5362,41.0396],[9.5349,41.0458],[9.5396,41.0545],[9.5404,41.0592]]]}},{"type":"Feature","properties":{"depth":-5},"geometry":{"type":"MultiLineString","coordinates":[[[9.1554,41.1925],[9.1562,41.1788],[9.1584,41.1729],[9.1561,41.1667],[9.1458,41.159],[9.1271,41.158],[9.1208,41.1595],[9.1168,41.1583],[9.1144,41.1542],[9.1112,41.1437],[9.1062,41.1402],[9.0896,41.1345],[9.075,41.1323],[9.0646,41.1326],[9.0521,41.1401],[9.0417,41.1399],[9.025,41.1322],[9.0125,41.1277],[9.0087,41.125],[8.9938,41.1092],[8.9863,41.1042],[8.9787,41.0958],[8.9736,41.0875],[8.9625,41.0758],[8.9437,41.0592],[8.9354,41.0538],[8.925,41.0452],[8.9125,41.0384],[8.907,41.0375]]]}},{"type":"Feature","properties":{"depth":-5},"geometry":{"type":"MultiLineString","coordinates":[[[9.2897,41.5895],[9.3003,41.6042],[9.3016,41.612]]]}},{"type":"Feature","properties":{"depth":-5},"geometry":{"type":"MultiLineString","coordinates":[[[8.8792,41.6641],[8.8761,41.6542],[8.8699,41.6467]]]}},{"type":"Feature","properties":{"depth":-5},"geometry":{"type":"MultiLineString","coordinates":[[[9.4106,41.9085],[9.4164,41.9125],[9.4152,41.9167],[9.4163,41.9208],[9.4209,41.9292],[9.4199,41.9354],[9.4164,41.9417],[9.4156,41.9479],[9.4178,41.9542],[9.4239,41.9646],[9.4381,41.9813],[9.45,41.9924],[9.4583,41.9981],[9.4625,42.0052],[9.4729,42.0145],[9.4906,42.0354],[9.5237,42.0729],[9.5375,42.0878],[9.5417,42.0913],[9.5521,42.0976],[9.5562,42.1021],[9.5568,42.1125],[9.5586,42.1271],[9.5582,42.1352]]]}},{"type":"Feature","properties":{"depth":-5},"geometry":{"type":"MultiLineString","coordinates":[[[11.8854,42.0354],[11.8917,42.0338],[11.9083,42.0331],[11.9125,42.0323],[11.9229,42.0266],[11.9375,42.0157],[11.9479,42.0101],[11.9542,42.0048],[11.9622,42.0],[11.9667,41.9909],[11.9688,41.9891],[11.9792,41.9844],[11.9875,41.9832],[11.9958,41.9834],[12.0042,41.9822],[12.0104,41.98],[12.0227,41.9708],[12.0292,41.9646],[12.0345,41.9562],[12.037,41.9479],[12.0396,41.9444],[12.0437,41.9432],[12.0521,41.9431],[12.0625,41.941],[12.0729,41.9365],[12.0896,41.9271],[12.1,41.9228],[12.1,41.9228]]]}},{"type":"Feature","properties":{"depth":-5},"geometry":{"type":"MultiLineString","coordinates":[[[11.8206,42.046],[11.8229,42.0413],[11.8313,42.0296],[11.8354,42.0262],[11.8396,42.0257],[11.85,42.0271],[11.8647,42.0312]]]}},{"type":"Feature","properties":{"depth":-5},"geometry":{"type":"MultiLineString","coordinates":[[[11.8003,42.0833],[11.8042,42.0729],[11.8084,42.0646]]]}},{"type":"Feature","properties":{"depth":-5},"geometry":{"type":"MultiLineString","coordinates":[[[9.5581,42.1419],[9.5567,42.1583],[9.5573,42.1729],[9.5626,42.1979],[9.5565,42.2271],[9.5568,42.2437],[9.5589,42.2542]]]}},{"type":"Feature","properties":{"depth":-5},"geometry":{"type":"MultiLineString","coordinates":[[[11.6686,42.2542],[11.6813,42.2386],[11.6881,42.2333],[11.7011,42.2146],[11.7096,42.1979],[11.7191,42.1812],[11.7292,42.1755],[11.7334,42.1708],[11.7304,42.1604],[11.7307,42.1562],[11.7396,42.1416],[11.7542,42.1265]]]}},{"type":"Feature","properties":{"depth":-1000},"geometry":{"type":"MultiLineString","coordinates":[[[10.1594,41.6615],[10.1522,41.676],[10.1509,41.6823],[10.1512,41.6906],[10.1562,41.701],[10.1667,41.7118],[10.175,41.7171],[10.1813,41.7191],[10.1928,41.726],[10.2001,41.7365],[10.2201,41.7594],[10.2253,41.7677],[10.2357,41.7781],[10.24,41.7927],[10.2499,41.8073],[10.251,41.8135],[10.2564,41.8323],[10.2575,41.8427],[10.2636,41.8698],[10.2664,41.8802],[10.275,41.901],[10.2868,41.9177],[10.2839,41.924],[10.2875,41.9281],[10.2958,41.9324],[10.3013,41.9365],[10.3031,41.9406],[10.3,41.9442],[10.284,41.9469],[10.2825,41.951],[10.2851,41.9656],[10.2896,41.973],[10.2979,41.9787],[10.3063,41.9811],[10.3125,41.98],[10.325,41.9733],[10.3313,41.9721],[10.35,41.9659],[10.353,41.9615],[10.35,41.9531],[10.35,41.949],[10.3562,41.9427],[10.3639,41.9198],[10.3659,41.9156],[10.3743,41.9073],[10.3754,41.9031],[10.3729,41.9001],[10.3583,41.898],[10.3542,41.895],[10.3526,41.8823],[10.3545,41.8698],[10.355,41.8552],[10.3529,41.8406],[10.3558,41.8323],[10.3625,41.8257],[10.3729,41.8209],[10.3812,41.8086],[10.3887,41.801],[10.389,41.7969],[10.3854,41.7819],[10.3917,41.7758],[10.399,41.7573],[10.399,41.7531],[10.3958,41.7375],[10.3938,41.7351],[10.3854,41.733],[10.3792,41.7285],[10.3624,41.724],[10.3471,41.7135],[10.3375,41.7093],[10.3234,41.701],[10.3167,41.6923],[10.3112,41.6802],[10.3014,41.6698],[10.3003,41.6615]]]}},{"type":"Feature","properties":{"depth":-1000},"geometry":{"type":"MultiLineString","coordinates":[[[10.4283,41.6615],[10.431,41.6698],[10.4328,41.6885],[10.4358,41.6969],[10.4366,41.7031],[10.4347,41.7094],[10.4382,41.7156],[10.4448,41.7344],[10.4456,41.7448],[10.4414,41.7552],[10.44,41.7698],[10.432,41.7844],[10.433,41.7969],[10.432,41.8115],[10.4304,41.8156],[10.4254,41.8219],[10.4187,41.8278],[10.4152,41.8344],[10.4146,41.8406],[10.4159,41.851],[10.4209,41.8635],[10.423,41.8719],[10.431,41.8865],[10.4329,41.8969],[10.4438,41.9094],[10.4479,41.9153],[10.4533,41.926],[10.4628,41.9427],[10.475,41.9603],[10.491,41.974],[10.4962,41.9823],[10.5004,42.001],[10.5041,42.0094],[10.5188,42.0329],[10.5265,42.0427],[10.527,42.0469],[10.5188,42.0509],[10.5167,42.0552],[10.5142,42.0677],[10.519,42.0781],[10.5231,42.0927],[10.5253,42.0969],[10.5312,42.1007],[10.5315,42.1073],[10.5272,42.1135],[10.5238,42.1219],[10.5271,42.1226],[10.5458,42.1196],[10.5517,42.124],[10.5533,42.1281],[10.5545,42.1385],[10.5559,42.1427],[10.5646,42.1499],[10.5687,42.1515],[10.575,42.1508],[10.5813,42.1478],[10.5854,42.1504],[10.5917,42.1597],[10.5979,42.1643],[10.6042,42.1673],[10.6164,42.176],[10.6229,42.1824],[10.6292,42.1862],[10.6354,42.1876],[10.6417,42.1869],[10.6498,42.1906],[10.6562,42.197],[10.6875,42.2112],[10.6937,42.2116],[10.7063,42.21],[10.7146,42.2171],[10.7312,42.2242],[10.7354,42.2239],[10.7562,42.2168],[10.7604,42.2166],[10.7708,42.2188],[10.7875,42.2174],[10.8,42.2147],[10.8167,42.2085],[10.8218,42.2052],[10.8248,42.201],[10.8246,42.1969],[10.8197,42.1906],[10.8191,42.1865],[10.8212,42.176],[10.8192,42.1719],[10.8104,42.1646],[10.8,42.1541],[10.7885,42.1469],[10.784,42.1427],[10.7826,42.1385],[10.7836,42.1281],[10.7809,42.1219],[10.7777,42.1198],[10.7646,42.1158],[10.7565,42.1073],[10.7534,42.101],[10.7472,42.0927],[10.7447,42.0844],[10.7474,42.0781],[10.7548,42.074],[10.7557,42.0677],[10.759,42.0594],[10.7667,42.0511],[10.7729,42.0485],[10.7792,42.0486],[10.7854,42.0528],[10.7937,42.0521],[10.8,42.049],[10.8063,42.0481],[10.8208,42.0495],[10.8396,42.0481],[10.8438,42.0462],[10.85,42.0394],[10.8565,42.0344],[10.8599,42.0281],[10.8606,42.0177],[10.8645,42.0073],[10.863,42.001],[10.8646,41.9969],[10.8715,41.9927],[10.8792,41.9917],[10.8833,41.9946],[10.8917,41.9934],[10.9,41.9873],[10.9062,41.9802],[10.9268,41.9635],[10.9295,41.9573],[10.925,41.9487],[10.9187,41.9435],[10.9068,41.9365],[10.9031,41.9323],[10.9013,41.9198],[10.8938,41.907],[10.8829,41.9052],[10.88,41.901],[10.8852,41.8969],[10.8958,41.8948],[10.893,41.8906],[10.8928,41.8865],[10.8979,41.879],[10.9021,41.8761],[10.9104,41.8755],[10.9229,41.8851],[10.9292,41.8877],[10.9479,41.8919],[10.9552,41.8948],[10.9594,41.899],[10.9618,41.9073],[10.9653,41.9115],[10.9708,41.9141],[10.9833,41.9144],[10.9896,41.9131],[11.0021,41.9134],[11.0188,41.9129],[11.0271,41.9141],[11.0354,41.9171],[11.0542,41.9279],[11.0708,41.9361],[11.0765,41.9427],[11.0813,41.9447],[11.0856,41.9427],[11.0913,41.9344],[11.0933,41.9219],[11.0932,41.9031],[11.0917,41.8885],[11.097,41.8823],[11.0966,41.8719],[11.0926,41.8615],[11.0925,41.8573],[11.0954,41.8406],[11.1,41.8358],[11.1079,41.8302],[11.1097,41.826],[11.1105,41.8156],[11.112,41.8115],[11.1173,41.8052],[11.1177,41.801],[11.1152,41.7969],[11.1052,41.7906],[11.1022,41.7865],[11.0938,41.7829],[11.0729,41.7766],[11.0563,41.7768],[11.0438,41.774],[11.0333,41.7682],[11.0292,41.7646],[11.0208,41.7534],[11.0003,41.7323],[10.9939,41.7156],[10.9935,41.7094],[11.0003,41.6969],[11.0027,41.6802],[11.0083,41.6705],[11.0196,41.6635],[11.0213,41.6615]]]}},{"type":"Feature","properties":{"depth":-1000},"geometry":{"type":"MultiLineString","coordinates":[[[11.1264,41.6615],[11.1258,41.6698],[11.1267,41.676],[11.1264,41.6927],[11.1274,41.699],[11.1312,41.7136],[11.1375,41.724],[11.1438,41.7208],[11.1521,41.71],[11.1562,41.7062],[11.1646,41.7019],[11.1687,41.6978],[11.175,41.6994],[11.1854,41.7067],[11.2,41.7114],[11.2146,41.7229],[11.2292,41.7317],[11.2333,41.7331],[11.2396,41.7325],[11.2562,41.7216],[11.2667,41.7199],[11.2792,41.712],[11.2833,41.711],[11.287,41.7156],[11.2882,41.724],[11.2893,41.7448],[11.2866,41.7552],[11.28,41.7635],[11.2769,41.7698],[11.2756,41.776],[11.2712,41.7885],[11.272,41.7927],[11.2854,41.7977],[11.2896,41.7978],[11.3083,41.793],[11.3125,41.7932],[11.316,41.7969],[11.3208,41.8101],[11.3229,41.8123],[11.3292,41.812],[11.3375,41.8063],[11.3417,41.8001],[11.3429,41.7927],[11.3408,41.7844],[11.3415,41.774],[11.3458,41.7662],[11.3541,41.7594],[11.3646,41.7564],[11.3678,41.7531],[11.3683,41.749],[11.3667,41.7371],[11.3625,41.7302],[11.35,41.7189],[11.3458,41.7167],[11.3333,41.7132],[11.3277,41.7073],[11.3083,41.6981],[11.3039,41.6948],[11.3016,41.6906],[11.307,41.6698],[11.3121,41.6615]]]}},{"type":"Feature","properties":{"depth":-1000},"geometry":{"type":"MultiLineString","coordinates":[[[11.6846,41.6615],[11.6827,41.6656],[11.6771,41.672],[11.6625,41.6767],[11.6582,41.6802],[11.6542,41.6871],[11.6333,41.7024],[11.6188,41.7061],[11.6157,41.7135],[11.6164,41.726],[11.6271,41.7357],[11.6333,41.7443],[11.6375,41.7556],[11.6458,41.7687],[11.65,41.7698],[11.6667,41.7631],[11.6792,41.7667],[11.6877,41.7635],[11.694,41.7573],[11.6998,41.7448],[11.7028,41.7344],[11.7083,41.7261],[11.7074,41.7198],[11.7093,41.7135],[11.7124,41.7094],[11.7229,41.7005],[11.7354,41.6972],[11.7438,41.697],[11.7562,41.6996],[11.765,41.6969],[11.7713,41.6885],[11.774,41.6781],[11.7738,41.6677],[11.775,41.6615]]]}},{"type":"Feature","properties":{"depth":-1000},"geometry":{"type":"MultiLineString","coordinates":[[[7.35,43.5723],[7.3538,43.5719],[7.3583,43.5821],[7.3847,43.5927],[7.3838,43.5948],[7.3727,43.6052],[7.3688,43.6135],[7.3729,43.6196],[7.3854,43.6196],[7.3979,43.6207],[7.4104,43.6265],[7.4208,43.6292],[7.4237,43.6365],[7.4294,43.6427],[7.429,43.649],[7.4313,43.65],[7.45,43.6527],[7.4583,43.6463],[7.4667,43.6435],[7.4792,43.6377],[7.4833,43.6371],[7.4868,43.6406],[7.4941,43.6448],[7.5021,43.651],[7.5083,43.6616],[7.5125,43.6635],[7.5229,43.656],[7.5271,43.6558],[7.5324,43.6677],[7.5417,43.6799],[7.5458,43.682],[7.5583,43.6746],[7.5687,43.6734],[7.5729,43.6756],[7.5775,43.6823],[7.5854,43.6859],[7.5888,43.6823],[7.5903,43.6698],[7.5958,43.6627],[7.6021,43.6601],[7.6167,43.6599],[7.6229,43.6563],[7.6293,43.6573],[7.6309,43.6594],[7.6298,43.6781],[7.6313,43.6948],[7.6388,43.7052],[7.6416,43.7135],[7.6479,43.7086],[7.6542,43.6974],[7.6646,43.6912],[7.6813,43.6835],[7.6883,43.6844],[7.6895,43.6948],[7.6958,43.7037],[7.7062,43.7115],[7.7125,43.7134],[7.7147,43.7094],[7.7122,43.7031],[7.7146,43.6994],[7.7188,43.6994],[7.7224,43.7031],[7.7396,43.7059],[7.7458,43.7013],[7.7687,43.6937],[7.7729,43.6946],[7.7792,43.7023],[7.7812,43.7028],[7.7917,43.6987],[7.8,43.7028],[7.8042,43.7034],[7.8104,43.7],[7.8229,43.7],[7.8292,43.7018],[7.8396,43.7066],[7.8438,43.7056],[7.8542,43.6974],[7.8625,43.6967],[7.8729,43.7033],[7.8792,43.7088],[7.8833,43.7097],[7.8937,43.7067],[7.8969,43.7094],[7.8878,43.7302],[7.8874,43.7406],[7.8911,43.7469],[7.8931,43.7552],[7.8979,43.7612],[7.9021,43.7595],[7.9077,43.7531],[7.9167,43.7495],[7.9313,43.7495],[7.9417,43.7455],[7.9542,43.7444],[7.9688,43.7486],[7.975,43.749],[7.9896,43.7464],[8.0021,43.7452],[8.0104,43.7454],[8.0229,43.7431],[8.0333,43.7467],[8.0456,43.749],[8.0462,43.7531],[8.0357,43.7635],[8.0375,43.7665],[8.0479,43.7665],[8.0666,43.7615],[8.075,43.7606],[8.0792,43.7617],[8.0875,43.7668],[8.0938,43.767],[8.1021,43.759],[8.1104,43.7576],[8.1417,43.7613],[8.1521,43.7605],[8.1729,43.7615],[8.2,43.7654],[8.2125,43.7682],[8.2292,43.7709],[8.2521,43.7763],[8.2562,43.7779],[8.2688,43.7872],[8.2729,43.7889],[8.2896,43.7929],[8.3019,43.7969],[8.3146,43.8031],[8.3278,43.8135],[8.3323,43.8198],[8.337,43.824],[8.3458,43.8276],[8.3583,43.8297],[8.3792,43.8377],[8.3917,43.8459],[8.4042,43.8511],[8.4146,43.8563],[8.4229,43.8595],[8.4333,43.8655],[8.4472,43.8719],[8.4542,43.8762],[8.4632,43.8865],[8.4668,43.901],[8.4662,43.9052],[8.4601,43.9156],[8.4495,43.9281],[8.4465,43.9406],[8.4529,43.9552],[8.4599,43.9615],[8.4605,43.9656],[8.4417,43.9679],[8.425,43.9641],[8.4083,43.9595],[8.4042,43.96],[8.4028,43.9635],[8.4046,43.974],[8.4068,43.9802],[8.4119,43.9865],[8.4237,43.9948],[8.4302,44.0031],[8.4287,44.0073],[8.4216,44.0135],[8.4125,44.0165],[8.3923,44.0177],[8.3897,44.0219],[8.3921,44.026],[8.3887,44.0302],[8.3763,44.0365],[8.3811,44.0406],[8.3804,44.0469],[8.3833,44.049],[8.4031,44.049],[8.4084,44.051],[8.4122,44.0573],[8.4167,44.0598],[8.4206,44.0656],[8.4128,44.074],[8.402,44.0802],[8.3979,44.0848],[8.4,44.0861],[8.4146,44.0855],[8.4322,44.0885],[8.4329,44.0927],[8.427,44.101],[8.4235,44.1094],[8.4333,44.118],[8.4417,44.1181],[8.4479,44.12],[8.4604,44.1308],[8.4729,44.1398],[8.4792,44.1422],[8.4896,44.1439],[8.5,44.1428],[8.5033,44.1469],[8.5004,44.1552],[8.4907,44.1677],[8.4901,44.174],[8.4917,44.1781],[8.4958,44.1805],[8.4993,44.176],[8.5062,44.1725],[8.5188,44.1639],[8.5271,44.1619],[8.5354,44.1629],[8.55,44.1608],[8.5604,44.156],[8.5667,44.1552],[8.5708,44.157],[8.5792,44.1671],[8.5816,44.176],[8.5831,44.1885],[8.5854,44.1944],[8.5896,44.1954],[8.5979,44.1928],[8.6062,44.1844],[8.6125,44.1743],[8.6167,44.1733],[8.6271,44.1761],[8.6333,44.1801],[8.6417,44.1835],[8.65,44.192],[8.6646,44.195],[8.6729,44.1989],[8.6854,44.1985],[8.6958,44.1935],[8.7188,44.1897],[8.725,44.1874],[8.7312,44.1905],[8.7348,44.1948],[8.7407,44.2052],[8.7434,44.2177],[8.7508,44.2302],[8.7554,44.2406],[8.7653,44.2469],[8.7729,44.2611],[8.7854,44.2635],[8.7979,44.2609],[8.8063,44.2676],[8.816,44.2906],[8.8288,44.2969],[8.8279,44.3073],[8.8292,44.3111],[8.8375,44.307],[8.8438,44.2977],[8.8467,44.2844],[8.8449,44.2781],[8.8394,44.2719],[8.8376,44.2677],[8.8374,44.2573],[8.8363,44.2531],[8.831,44.2469],[8.8284,44.2406],[8.8233,44.2344],[8.8145,44.2302],[8.8017,44.2115],[8.7967,44.201],[8.796,44.1927],[8.7979,44.189],[8.8083,44.1807],[8.8125,44.1796],[8.8313,44.1817],[8.8396,44.1889],[8.85,44.1964],[8.8584,44.2052],[8.8684,44.2135],[8.875,44.2208],[8.8958,44.2321],[8.9009,44.2365],[8.9032,44.2406],[8.9032,44.251],[8.9059,44.2719],[8.9125,44.2844],[8.9146,44.2852],[8.9166,44.274],[8.9192,44.2656],[8.9284,44.2531],[8.9328,44.2448],[8.9333,44.2406],[8.9271,44.2218],[8.9241,44.2094],[8.9271,44.2037],[8.9479,44.201],[8.9604,44.1955],[8.9685,44.1927],[8.9792,44.1905],[8.9896,44.1895],[8.9938,44.1877],[9.0,44.1797],[9.0021,44.1805],[9.0062,44.1885],[9.0125,44.1931],[9.0188,44.1948],[9.025,44.1947],[9.0354,44.1916],[9.0395,44.1885],[9.0458,44.1788],[9.05,44.1791],[9.0625,44.2021],[9.0687,44.2064],[9.0792,44.2076],[9.0846,44.2115],[9.0917,44.2224],[9.0938,44.2237],[9.1104,44.2224],[9.1151,44.2198],[9.1161,44.2156],[9.1159,44.2052],[9.114,44.201],[9.1062,44.1927],[9.1043,44.1865],[9.1146,44.1745],[9.1229,44.1695],[9.1354,44.1653],[9.1646,44.1613],[9.1896,44.1607],[9.1958,44.1615],[9.2021,44.1603],[9.2125,44.1557],[9.2208,44.1544],[9.2292,44.1557],[9.2368,44.1552],[9.233,44.151],[9.2208,44.1478],[9.2112,44.1427],[9.2042,44.1408],[9.1958,44.1418],[9.1875,44.1399],[9.1771,44.1344],[9.1625,44.1333],[9.1479,44.1293],[9.1271,44.1282],[9.1206,44.124],[9.1183,44.1198],[9.1099,44.099],[9.1071,44.0865],[9.1007,44.0802],[9.0938,44.077],[9.0729,44.0708],[9.0437,44.0657],[9.0292,44.0678],[9.0167,44.0665],[9.0104,44.0686],[8.9979,44.0784],[8.9875,44.0813],[8.975,44.0867],[8.9521,44.0875],[8.9417,44.0892],[8.9348,44.0865],[8.9329,44.0802],[8.9232,44.0656],[8.9221,44.0615],[8.925,44.0507],[8.929,44.0448],[8.9318,44.0344],[8.9354,44.0256],[8.9395,44.0219],[8.95,44.0189],[8.9551,44.0156],[8.9664,44.0031],[8.9678,43.999],[8.9662,43.9927],[8.9669,43.9844],[8.9654,43.9781],[8.9604,43.9748],[8.9437,43.9772],[8.9292,43.9738],[8.9266,43.9698],[8.9296,43.9635],[8.9286,43.9573],[8.9206,43.9531],[8.916,43.9469],[8.9062,43.9431],[8.9033,43.9406],[8.902,43.9323],[8.8979,43.9284],[8.8875,43.9279],[8.8776,43.9198],[8.8778,43.9177],[8.8911,43.9073],[8.8941,43.901],[8.8926,43.8969],[8.8948,43.8927],[8.9009,43.8885],[8.9043,43.8844],[8.9036,43.8802],[8.8965,43.8719],[8.8932,43.8656],[8.8876,43.8594],[8.8862,43.8552],[8.8891,43.851],[8.8958,43.85],[8.9183,43.8531],[8.928,43.8573],[8.9354,43.8591],[8.9437,43.8597],[8.9625,43.8627],[8.9729,43.8654],[8.9817,43.8698],[8.9842,43.8781],[8.9917,43.8842],[8.9958,43.8856],[9.0083,43.883],[9.0146,43.8874],[9.0229,43.8898],[9.0333,43.8893],[9.0381,43.8906],[9.0418,43.8969],[9.0458,43.8998],[9.05,43.9001],[9.0646,43.8974],[9.0687,43.8989],[9.0745,43.9073],[9.0813,43.9114],[9.0896,43.9116],[9.0938,43.9091],[9.1065,43.8927],[9.1146,43.8869],[9.1229,43.8858],[9.1375,43.8877],[9.1458,43.8868],[9.1583,43.8836],[9.1708,43.8867],[9.175,43.8865],[9.1792,43.8834],[9.1889,43.8698],[9.1855,43.8635],[9.1792,43.8619],[9.1757,43.8573],[9.1771,43.8525],[9.1833,43.8484],[9.1937,43.8452],[9.1979,43.8469],[9.2008,43.8573],[9.2035,43.8615],[9.2093,43.8656],[9.2146,43.867],[9.225,43.8671],[9.2312,43.8714],[9.2375,43.8731],[9.2479,43.8739],[9.25,43.8754],[9.2562,43.8851],[9.2604,43.8897],[9.2646,43.8905],[9.275,43.8879],[9.2831,43.876],[9.2859,43.8656],[9.2855,43.8573],[9.2907,43.849],[9.3013,43.8427],[9.3059,43.8365],[9.3058,43.8302],[9.3034,43.8219],[9.2986,43.8115],[9.2916,43.8052],[9.2821,43.801],[9.2781,43.7906],[9.275,43.7868],[9.2655,43.7802],[9.2641,43.776],[9.2663,43.774],[9.2792,43.7698],[9.2896,43.7615],[9.293,43.751],[9.2916,43.7385],[9.2958,43.7323],[9.3167,43.7243],[9.3208,43.7234],[9.3313,43.7242],[9.3438,43.7236],[9.35,43.7218],[9.3604,43.7224],[9.3646,43.7216],[9.3649,43.7156],[9.3618,43.7115],[9.3628,43.7052],[9.3688,43.7009],[9.3917,43.6969],[9.3967,43.6948],[9.3992,43.6906],[9.3993,43.6802],[9.3932,43.6719],[9.3935,43.6656],[9.3894,43.6594],[9.3788,43.649],[9.3773,43.6406],[9.3812,43.626],[9.3842,43.6198],[9.3857,43.6094],[9.3905,43.6031],[9.3961,43.5927],[9.3964,43.5885],[9.3896,43.5824],[9.3837,43.5677],[9.3875,43.5573],[9.3854,43.5534],[9.3729,43.5503],[9.3625,43.5445],[9.3417,43.5547],[9.3271,43.5658],[9.3125,43.5736],[9.2979,43.5772],[9.2896,43.5784],[9.2854,43.5771],[9.2792,43.57],[9.2688,43.5683],[9.2583,43.564],[9.2542,43.5638],[9.2438,43.5696],[9.2396,43.5697],[9.2354,43.5673],[9.225,43.5655],[9.2195,43.5594],[9.2225,43.5469],[9.2271,43.5396],[9.2333,43.5383],[9.2375,43.535],[9.2438,43.5267],[9.25,43.5225],[9.2539,43.5177],[9.2538,43.5094],[9.2596,43.499],[9.2609,43.4948],[9.2583,43.4865],[9.2543,43.4844],[9.2458,43.4839],[9.2396,43.4816],[9.2363,43.476],[9.2387,43.4635],[9.233,43.4573],[9.2343,43.4531],[9.2417,43.4485],[9.25,43.4453],[9.2604,43.4386],[9.2619,43.4323],[9.2688,43.4251],[9.2792,43.4236],[9.2833,43.4199],[9.2861,43.4115],[9.2927,43.401],[9.3104,43.3933],[9.3271,43.399],[9.3313,43.3987],[9.3366,43.3948],[9.3375,43.3865],[9.3362,43.3844],[9.3271,43.3807],[9.316,43.3781],[9.3125,43.369],[9.2981,43.3635],[9.2952,43.3615],[9.2953,43.3573],[9.3053,43.3531],[9.3065,43.351],[9.3039,43.3427],[9.3123,43.3365],[9.3124,43.3323],[9.3083,43.3264],[9.2988,43.3198],[9.2969,43.3156],[9.2996,43.3073],[9.3109,43.2969],[9.3111,43.2927],[9.3083,43.2901],[9.2937,43.2875],[9.2896,43.2844],[9.2911,43.2802],[9.2979,43.2753],[9.3087,43.2635],[9.322,43.2573],[9.3222,43.2552],[9.3167,43.2492],[9.2993,43.2385],[9.297,43.2344],[9.2975,43.226],[9.2854,43.2234],[9.275,43.2201],[9.2667,43.2203],[9.2484,43.2302],[9.2417,43.232],[9.2262,43.224],[9.2245,43.2198],[9.2256,43.2115],[9.2312,43.2071],[9.25,43.2043],[9.2604,43.2012],[9.2633,43.199],[9.2643,43.1927],[9.2604,43.1862],[9.2535,43.1802],[9.2523,43.176],[9.2546,43.1635],[9.2531,43.1406],[9.2543,43.1323],[9.2514,43.124],[9.2654,43.1177],[9.2659,43.1135],[9.2605,43.1073],[9.2646,43.1038],[9.2771,43.1022],[9.2909,43.099],[9.2962,43.0948],[9.2792,43.0921],[9.2729,43.0894],[9.2583,43.0854],[9.2458,43.0879],[9.2208,43.0839],[9.2104,43.0846],[9.1979,43.0816],[9.1896,43.0838],[9.1771,43.0842],[9.1562,43.0872],[9.1354,43.095],[9.125,43.0926],[9.12,43.0865],[9.1209,43.076],[9.1229,43.0729],[9.1312,43.0742],[9.1354,43.0719],[9.1362,43.0656],[9.1458,43.0621],[9.1583,43.0631],[9.1604,43.062],[9.1644,43.051],[9.1729,43.0486],[9.1875,43.042],[9.1937,43.04],[9.2042,43.0339],[9.2131,43.0302],[9.2245,43.0219],[9.2188,43.019],[9.2042,43.0181],[9.1854,43.0105],[9.1771,43.0051],[9.1687,42.9973],[9.1656,42.9927],[9.1651,42.9885],[9.1672,42.9844],[9.175,42.9759],[9.1792,42.9731],[9.1917,42.9695],[9.2021,42.9689],[9.2208,42.9623],[9.2354,42.9592],[9.2407,42.9552],[9.2398,42.951],[9.2314,42.9469],[9.2244,42.9385],[9.2236,42.9323],[9.2188,42.926],[9.218,42.9219],[9.221,42.9052],[9.2311,42.8906],[9.2146,42.8923],[9.2071,42.8906],[9.2013,42.8823],[9.1956,42.8719],[9.1908,42.8656],[9.1916,42.8615],[9.1992,42.8552],[9.2188,42.8452],[9.225,42.8409],[9.2356,42.8302],[9.2433,42.8198],[9.2529,42.8115],[9.2557,42.8031],[9.2542,42.8009],[9.2438,42.808],[9.2375,42.8089],[9.225,42.8169],[9.2167,42.824],[9.2042,42.8276],[9.1896,42.826],[9.1687,42.8298],[9.1655,42.8323],[9.1604,42.8402],[9.15,42.8462],[9.1458,42.8471],[9.1354,42.8445],[9.1229,42.8471],[9.1125,42.8475],[9.0854,42.8528],[9.0708,42.8496],[9.0601,42.851],[9.0542,42.8539],[9.0417,42.8529],[9.0307,42.8531],[9.0288,42.851],[9.0274,42.8427],[9.0289,42.8344],[9.0271,42.8311],[9.0229,42.8307],[9.0083,42.8322],[8.9958,42.8303],[8.9854,42.8316],[8.9771,42.8296],[8.969,42.8219],[8.9625,42.8202],[8.9542,42.8209],[8.9498,42.8198],[8.9484,42.8156],[8.9514,42.8052],[8.9515,42.799],[8.9463,42.7844],[8.9452,42.7698],[8.9439,42.7677],[8.9396,42.7721],[8.9355,42.7823],[8.9333,42.7906],[8.9292,42.7952],[8.925,42.7965],[8.9209,42.7948],[8.92,42.7865],[8.9139,42.774],[8.9154,42.7656],[8.9146,42.7627],[8.9104,42.7609],[8.8979,42.7625],[8.8902,42.7573],[8.8875,42.7535],[8.8729,42.749],[8.8688,42.7419],[8.8604,42.7407],[8.85,42.7483],[8.8396,42.7467],[8.8333,42.7475],[8.8271,42.7452],[8.8208,42.745],[8.8104,42.7387],[8.7792,42.7326],[8.7729,42.7273],[8.7625,42.7259],[8.7562,42.7192],[8.7521,42.7171],[8.7417,42.718],[8.7354,42.7201],[8.7294,42.7177],[8.7229,42.7053],[8.7188,42.7059],[8.7104,42.7138],[8.7063,42.7142],[8.7,42.7116],[8.6937,42.7067],[8.6832,42.7031],[8.6818,42.699],[8.6917,42.6914],[8.698,42.6885],[8.699,42.6844],[8.6967,42.676],[8.6986,42.6698],[8.6983,42.6635],[8.6958,42.6543],[8.6896,42.6584],[8.6841,42.6656],[8.675,42.6728],[8.6687,42.6764],[8.6604,42.6775],[8.6562,42.6766],[8.65,42.6689],[8.6458,42.6692],[8.6375,42.6808],[8.6271,42.6805],[8.6208,42.6854],[8.6146,42.6844],[8.6087,42.676],[8.5998,42.6656],[8.594,42.6573],[8.5814,42.6531],[8.5776,42.649],[8.5791,42.6448],[8.5833,42.6424],[8.5896,42.6436],[8.6,42.6414],[8.6032,42.6385],[8.6037,42.6344],[8.6022,42.626],[8.6027,42.6177],[8.6,42.6158],[8.5896,42.6131],[8.5835,42.6073],[8.5837,42.6031],[8.5887,42.5906],[8.5877,42.5885],[8.5687,42.5862],[8.5646,42.5837],[8.5542,42.5808],[8.5506,42.5781],[8.5343,42.5615],[8.5321,42.5573],[8.5324,42.5448],[8.5264,42.5385],[8.5232,42.5323],[8.525,42.5236],[8.5292,42.521],[8.5379,42.5198],[8.5349,42.5094],[8.5375,42.5064],[8.5479,42.5022],[8.5507,42.499],[8.5508,42.4906],[8.553,42.4865],[8.5642,42.4781],[8.5673,42.4719],[8.5753,42.4635],[8.5708,42.4606],[8.5604,42.4614],[8.5542,42.4644],[8.5479,42.4725],[8.5333,42.4776],[8.5292,42.4769],[8.5167,42.4718],[8.5125,42.4736],[8.5083,42.4779],[8.4958,42.4757],[8.4931,42.474],[8.4916,42.4677],[8.4927,42.4635],[8.4977,42.4573],[8.4976,42.449],[8.496,42.4469],[8.4854,42.4423],[8.4759,42.4406],[8.4736,42.4302],[8.4672,42.4156],[8.4685,42.4115],[8.4792,42.4025],[8.4896,42.4012],[8.4939,42.399],[8.4854,42.3936],[8.475,42.3906],[8.4725,42.3865],[8.4707,42.3781],[8.4637,42.3656],[8.4571,42.3552],[8.4554,42.349],[8.4565,42.3448],[8.4667,42.3392],[8.475,42.3391],[8.4833,42.3426],[8.4913,42.3427],[8.4953,42.3344],[8.4875,42.3262],[8.4833,42.3253],[8.4729,42.3275],[8.4656,42.324],[8.4616,42.3198],[8.4607,42.3156],[8.4606,42.299],[8.4673,42.2906],[8.4729,42.2854],[8.4854,42.2847],[8.4921,42.2865],[8.4979,42.2913],[8.5062,42.293],[8.5146,42.2987],[8.5229,42.3003],[8.5312,42.3047],[8.5437,42.3],[8.5479,42.2995],[8.5604,42.3027],[8.5687,42.3061],[8.5729,42.305],[8.5793,42.299],[8.5806,42.2948],[8.5771,42.2915],[8.5708,42.2934],[8.5625,42.2914],[8.5542,42.2839],[8.5479,42.2815],[8.5375,42.2826],[8.5324,42.2781],[8.5325,42.2719],[8.5396,42.2656],[8.541,42.2615],[8.5388,42.2594],[8.5292,42.2576],[8.5197,42.2531],[8.5125,42.251],[8.5021,42.2501],[8.4941,42.2469],[8.491,42.2427],[8.4911,42.2365],[8.487,42.226],[8.4939,42.2219],[8.4944,42.2198],[8.4871,42.2135],[8.4827,42.2031],[8.479,42.1969],[8.4801,42.1927],[8.4866,42.1844],[8.4818,42.176],[8.4839,42.1698],[8.4887,42.1635],[8.4901,42.1594],[8.4979,42.1555],[8.5042,42.1546],[8.5107,42.151],[8.5095,42.149],[8.5001,42.1448],[8.4968,42.1406],[8.4998,42.1344],[8.4995,42.1281],[8.4967,42.124],[8.4894,42.1198],[8.4877,42.1156],[8.4917,42.1133],[8.5,42.1128],[8.501,42.1115],[8.4978,42.1031],[8.5033,42.0948],[8.5039,42.0844],[8.5146,42.0824],[8.5292,42.0876],[8.5366,42.0865],[8.5294,42.076],[8.5284,42.0719],[8.5325,42.0656],[8.5311,42.0594],[8.5208,42.0522],[8.5083,42.0457],[8.4985,42.0427],[8.4918,42.0385],[8.4914,42.0344],[8.4936,42.0323],[8.5,42.033],[8.5104,42.0324],[8.5149,42.0344],[8.5208,42.0412],[8.5396,42.0418],[8.555,42.0365],[8.5687,42.029],[8.5771,42.0284],[8.5904,42.0302],[8.5899,42.0281],[8.584,42.024],[8.5771,42.0217],[8.5667,42.0209],[8.5639,42.0177],[8.5646,42.0095],[8.5583,42.0114],[8.5479,42.0168],[8.5396,42.0153],[8.5241,42.0073],[8.5203,41.999],[8.5101,41.9927],[8.5119,41.9844],[8.5018,41.9781],[8.5005,41.976],[8.5037,41.9698],[8.504,41.9656],[8.5,41.9594],[8.5006,41.9552],[8.5171,41.9385],[8.5083,41.9383],[8.4938,41.9411],[8.4896,41.9434],[8.4812,41.9437],[8.4708,41.9455],[8.4604,41.9403],[8.4521,41.9389],[8.4436,41.9323],[8.426,41.9115],[8.4253,41.9073],[8.4288,41.9052],[8.4417,41.9074],[8.4583,41.9032],[8.4656,41.899],[8.47,41.8948],[8.4709,41.8906],[8.4563,41.8811],[8.4458,41.8784],[8.4437,41.8765],[8.4371,41.8615],[8.4271,41.8531],[8.4229,41.8467],[8.4149,41.8385],[8.4158,41.8344],[8.4208,41.8321],[8.4354,41.8309],[8.4458,41.8274],[8.4547,41.8302],[8.4604,41.8347],[8.4646,41.836],[8.4709,41.8344],[8.4711,41.8302],[8.4673,41.8177],[8.4729,41.8133],[8.4792,41.8134],[8.4938,41.8104],[8.4984,41.8073],[8.5021,41.7996],[8.5083,41.8005],[8.5125,41.8038],[8.5167,41.8043],[8.5229,41.7992],[8.5271,41.7981],[8.5354,41.8001],[8.5437,41.804],[8.5521,41.8045],[8.5646,41.8111],[8.5771,41.8155],[8.5854,41.8166],[8.5938,41.8195],[8.6,41.8186],[8.6125,41.8203],[8.6167,41.824],[8.6243,41.8365],[8.6354,41.8457],[8.6423,41.849],[8.6521,41.8505],[8.6536,41.8469],[8.6417,41.8386],[8.6376,41.8281],[8.6371,41.8177],[8.6384,41.8115],[8.6271,41.8055],[8.616,41.7948],[8.6133,41.7844],[8.6,41.7723],[8.5958,41.7673],[8.5896,41.7645],[8.5834,41.7573],[8.5771,41.7526],[8.5687,41.7447],[8.5646,41.7423],[8.5634,41.7385],[8.5668,41.7323],[8.5635,41.7281],[8.5563,41.7246],[8.55,41.7238],[8.5473,41.7177],[8.544,41.7156],[8.5354,41.7157],[8.5304,41.7135],[8.5231,41.7031],[8.5269,41.699],[8.5312,41.6982],[8.5396,41.6933],[8.5437,41.6925],[8.5542,41.6941],[8.5708,41.691],[8.5747,41.6885],[8.5808,41.6802],[8.5779,41.6698],[8.5774,41.6615]]]}},{"type":"Feature","properties":{"depth":-1000},"geometry":{"type":"MultiLineString","coordinates":[[[10.5479,41.6853],[10.5521,41.6848],[10.5563,41.689],[10.5591,41.6948],[10.5678,41.7073],[10.5745,41.724],[10.5826,41.7365],[10.5863,41.7448],[10.5903,41.7573],[10.6028,41.774],[10.6049,41.7802],[10.6058,41.7885],[10.6125,41.7957],[10.6189,41.8052],[10.6211,41.8156],[10.6191,41.824],[10.6202,41.8281],[10.6264,41.8385],[10.6288,41.8531],[10.6278,41.8677],[10.6239,41.8823],[10.6202,41.8927],[10.6191,41.901],[10.6204,41.9094],[10.6188,41.9127],[10.6125,41.9177],[10.6094,41.9219],[10.6003,41.9281],[10.5989,41.9323],[10.5997,41.9385],[10.5979,41.9448],[10.5917,41.9514],[10.5792,41.9558],[10.575,41.9555],[10.5699,41.949],[10.5686,41.9427],[10.5696,41.9302],[10.5712,41.924],[10.5754,41.9177],[10.5763,41.9073],[10.5694,41.8927],[10.5684,41.8865],[10.5713,41.8635],[10.571,41.8531],[10.5731,41.8344],[10.5698,41.8219],[10.5638,41.8073],[10.5599,41.7948],[10.5563,41.7885],[10.5488,41.7573],[10.5472,41.7448],[10.5441,41.7385],[10.5434,41.7281],[10.5407,41.7073],[10.5416,41.6969],[10.5434,41.6906],[10.5479,41.6853]]]}},{"type":"Feature","properties":{"depth":-1000},"geometry":{"type":"MultiLineString","coordinates":[[[11.1354,41.8005],[11.1325,41.8115],[11.1332,41.8177],[11.1379,41.826],[11.1397,41.8385],[11.1458,41.8465],[11.1483,41.8531],[11.1493,41.8615],[11.1487,41.874],[11.1498,41.8844],[11.1478,41.8906],[11.1489,41.8948],[11.1562,41.8981],[11.175,41.9004],[11.1958,41.8959],[11.2083,41.9009],[11.2167,41.9065],[11.2208,41.9079],[11.2278,41.9073],[11.2354,41.9047],[11.2458,41.9036],[11.2562,41.9061],[11.2611,41.9052],[11.2752,41.899],[11.2822,41.8927],[11.2817,41.8802],[11.2771,41.8768],[11.2625,41.8768],[11.2576,41.8781],[11.2521,41.8834],[11.2458,41.8832],[11.2375,41.8859],[11.232,41.8844],[11.2354,41.8803],[11.2425,41.8781],[11.2423,41.874],[11.2351,41.8594],[11.235,41.851],[11.2375,41.8385],[11.2348,41.8344],[11.2292,41.8304],[11.2275,41.826],[11.2271,41.8135],[11.2241,41.8031],[11.2188,41.801],[11.2083,41.8028],[11.2,41.8013],[11.1896,41.7982],[11.1813,41.7989],[11.1747,41.801],[11.1695,41.8052],[11.1648,41.8135],[11.1542,41.8177],[11.1458,41.8138],[11.1423,41.8094],[11.1398,41.8031],[11.1354,41.8005]]]}},{"type":"Feature","properties":{"depth":-500},"geometry":{"type":"MultiLineString","coordinates":[[[9.5003,41.6615],[9.5026,41.6698],[9.4955,41.676],[9.4926,41.6802],[9.4919,41.6865],[9.498,41.6927],[9.4969,41.6969],[9.4906,41.701],[9.4899,41.7031],[9.4972,41.7094],[9.4976,41.7135],[9.4898,41.7219],[9.4827,41.726],[9.4832,41.7281],[9.4933,41.7344],[9.493,41.7385],[9.4819,41.7448],[9.4794,41.7552],[9.48,41.7573],[9.4888,41.7677],[9.4958,41.7733],[9.4997,41.7781],[9.5075,41.7844],[9.5099,41.7885],[9.5146,41.8031],[9.5243,41.8115],[9.5347,41.8177],[9.5409,41.826],[9.5441,41.8365],[9.552,41.8427],[9.5604,41.846],[9.5683,41.851],[9.572,41.8552],[9.5744,41.8615],[9.5748,41.8677],[9.5813,41.874],[9.5878,41.876],[9.5889,41.8781],[9.5833,41.8885],[9.5827,41.901],[9.5854,41.9016],[9.5938,41.8986],[9.5976,41.901],[9.6022,41.9198],[9.6091,41.9344],[9.6192,41.9448],[9.6365,41.9552],[9.6421,41.9594],[9.6492,41.9677],[9.6489,41.976],[9.6616,41.9927],[9.6668,41.9969],[9.6736,42.0052],[9.6765,42.0135],[9.6862,42.024],[9.6936,42.0365],[9.7021,42.0448],[9.7001,42.051],[9.6913,42.0594],[9.6899,42.0635],[9.6958,42.0651],[9.7021,42.0648],[9.7146,42.0596],[9.7188,42.0613],[9.72,42.0677],[9.7176,42.0802],[9.7111,42.0865],[9.7096,42.0906],[9.7111,42.0969],[9.7065,42.1031],[9.7049,42.1198],[9.7064,42.1385],[9.7102,42.149],[9.7127,42.1594],[9.7039,42.174],[9.7023,42.1781],[9.7005,42.1969],[9.7029,42.2073],[9.6992,42.226],[9.7003,42.2323],[9.6995,42.2406],[9.6967,42.2531],[9.6951,42.2656],[9.6896,42.276],[9.6891,42.2802],[9.6929,42.2865],[9.6925,42.2969],[9.6908,42.3031],[9.6908,42.3594],[9.6935,42.3823],[9.6966,42.399],[9.7047,42.4302],[9.71,42.4552],[9.7135,42.474],[9.7162,42.4823],[9.7188,42.4863],[9.7285,42.4948],[9.7244,42.501],[9.7317,42.5073],[9.7292,42.5145],[9.7239,42.5177],[9.7209,42.5219],[9.7223,42.526],[9.7278,42.5344],[9.739,42.5427],[9.742,42.5469],[9.7414,42.551],[9.7467,42.5573],[9.7504,42.5698],[9.7492,42.574],[9.7438,42.5812],[9.7354,42.5866],[9.7304,42.5927],[9.7293,42.5969],[9.7294,42.6073],[9.7276,42.6135],[9.7289,42.626],[9.7215,42.6385],[9.7251,42.6469],[9.7216,42.6552],[9.7149,42.6615],[9.7126,42.6656],[9.7134,42.6719],[9.709,42.701],[9.7072,42.7052],[9.6952,42.7198],[9.6929,42.7344],[9.693,42.7406],[9.6904,42.7469],[9.6842,42.751],[9.6771,42.759],[9.6707,42.7635],[9.6671,42.7677],[9.6644,42.774],[9.6562,42.7786],[9.6537,42.7865],[9.6485,42.7969],[9.648,42.8052],[9.651,42.8094],[9.6583,42.8158],[9.6687,42.8211],[9.6792,42.8299],[9.6937,42.8372],[9.6979,42.8369],[9.7083,42.8337],[9.7292,42.8333],[9.7458,42.8361],[9.7521,42.8388],[9.7625,42.8475],[9.7667,42.8489],[9.775,42.8484],[9.7812,42.8462],[9.7937,42.8401],[9.8021,42.8334],[9.8125,42.8282],[9.8208,42.817],[9.8313,42.814],[9.8403,42.7948],[9.858,42.7698],[9.8692,42.7552],[9.8785,42.749],[9.8875,42.7472],[9.9042,42.7477],[9.9138,42.7469],[9.9138,42.7427],[9.9024,42.7323],[9.9,42.724],[9.9004,42.7198],[9.9039,42.7115],[9.91,42.701],[9.9167,42.6814],[9.925,42.6748],[9.9292,42.667],[9.9396,42.636],[9.9521,42.6074],[9.9588,42.5948],[9.9667,42.5819],[9.9729,42.5699],[9.9802,42.551],[9.9821,42.5198],[9.9811,42.5156],[9.9743,42.5094],[9.9708,42.5043],[9.9689,42.4969],[9.9686,42.4802],[9.9708,42.4596],[9.9748,42.4385],[9.9764,42.426],[9.9831,42.401],[9.9852,42.3885],[9.9951,42.3552],[9.9936,42.3427],[9.9951,42.3344],[9.9979,42.3259],[9.9993,42.3031],[9.9984,42.2927],[9.9958,42.2895],[9.988,42.2844],[9.9835,42.276],[9.9759,42.2469],[9.9739,42.2344],[9.9721,42.2094],[9.9735,42.1865],[9.9787,42.1781],[9.9814,42.1698],[9.9764,42.1552],[9.9773,42.149],[9.9897,42.1448],[9.9933,42.1365],[9.9948,42.124],[9.9968,42.1177],[9.9964,42.1073],[9.9901,42.074],[9.9881,42.0656],[9.9895,42.051],[9.9979,42.0302],[10.0023,42.0219],[10.0062,42.017],[10.0208,42.0128],[10.025,42.0143],[10.0286,42.0219],[10.0292,42.0312],[10.0312,42.0322],[10.0396,42.021],[10.0424,42.0156],[10.0437,42.0094],[10.05,41.9964],[10.0575,41.9885],[10.0625,41.9886],[10.0588,41.9927],[10.0687,41.9999],[10.075,41.9956],[10.0875,41.991],[10.0938,41.99],[10.1104,41.99],[10.1188,41.9891],[10.1354,41.9908],[10.1479,41.9962],[10.1583,41.9973],[10.1667,41.9991],[10.1979,42.0144],[10.2063,42.0145],[10.2133,42.0177],[10.2163,42.0219],[10.2167,42.0302],[10.2189,42.0365],[10.2202,42.0469],[10.2229,42.0487],[10.2354,42.0427],[10.2458,42.0433],[10.2605,42.0469],[10.2669,42.0531],[10.265,42.0656],[10.2717,42.0802],[10.2732,42.0948],[10.2746,42.099],[10.2841,42.1094],[10.2933,42.1219],[10.3,42.1259],[10.3208,42.1356],[10.3292,42.139],[10.3417,42.1408],[10.3562,42.1381],[10.3646,42.1403],[10.3757,42.149],[10.3817,42.1552],[10.3834,42.1635],[10.3792,42.1698],[10.3702,42.176],[10.3662,42.1802],[10.3636,42.1885],[10.3645,42.1927],[10.3693,42.1969],[10.3792,42.2017],[10.3866,42.2177],[10.3938,42.2242],[10.4021,42.2236],[10.4076,42.2198],[10.4097,42.2156],[10.4093,42.2052],[10.4123,42.199],[10.4208,42.1949],[10.4292,42.194],[10.4354,42.1951],[10.4437,42.1995],[10.4525,42.2094],[10.4612,42.2302],[10.4673,42.2427],[10.4674,42.2469],[10.4575,42.2594],[10.4552,42.2677],[10.4563,42.2782],[10.4556,42.2927],[10.453,42.301],[10.4475,42.3135],[10.4428,42.3219],[10.4348,42.3302],[10.425,42.3372],[10.4104,42.3439],[10.4062,42.3472],[10.4022,42.3531],[10.395,42.3698],[10.3854,42.3822],[10.3786,42.3885],[10.3792,42.3915],[10.3875,42.3856],[10.3995,42.3823],[10.4093,42.3781],[10.4211,42.3719],[10.4287,42.3656],[10.4396,42.3515],[10.4458,42.3474],[10.4563,42.3462],[10.4625,42.3478],[10.4706,42.3531],[10.4792,42.3616],[10.4854,42.3642],[10.4938,42.3629],[10.5104,42.3555],[10.5188,42.3529],[10.5292,42.3528],[10.5354,42.3547],[10.5521,42.3621],[10.5583,42.3641],[10.5667,42.3644],[10.575,42.3616],[10.5813,42.3564],[10.5897,42.3469],[10.6042,42.3355],[10.6099,42.3281],[10.6137,42.3094],[10.6172,42.2969],[10.6204,42.2885],[10.6254,42.2802],[10.6355,42.2698],[10.6438,42.2652],[10.6521,42.2627],[10.6971,42.2531],[10.7358,42.2469],[10.75,42.2456],[10.7688,42.2463],[10.7771,42.2486],[10.7878,42.2469],[10.8021,42.2463],[10.8146,42.2435],[10.8271,42.2446],[10.8329,42.2427],[10.837,42.2365],[10.8417,42.2372],[10.8479,42.2409],[10.8604,42.2385],[10.8667,42.2382],[10.8833,42.2323],[10.9035,42.2198],[10.9055,42.2156],[10.9005,42.2073],[10.8938,42.2023],[10.8854,42.1993],[10.8771,42.1989],[10.868,42.1927],[10.8668,42.1823],[10.8694,42.176],[10.8663,42.1719],[10.8542,42.1628],[10.8426,42.1573],[10.8354,42.1521],[10.8246,42.1406],[10.8235,42.1344],[10.8292,42.1265],[10.8438,42.1219],[10.8514,42.1135],[10.8522,42.1094],[10.8479,42.105],[10.8396,42.1025],[10.8292,42.103],[10.8125,42.0988],[10.8044,42.0927],[10.7917,42.0871],[10.7814,42.0802],[10.7859,42.0719],[10.7958,42.0658],[10.8104,42.0639],[10.8208,42.066],[10.8271,42.0657],[10.8479,42.0609],[10.8604,42.0529],[10.8667,42.0506],[10.8708,42.0474],[10.8745,42.0406],[10.8755,42.0344],[10.8786,42.0281],[10.8854,42.0223],[10.8957,42.0115],[10.9049,42.0052],[10.9127,42.001],[10.9208,41.9989],[10.9646,41.9975],[10.9812,41.9965],[11.0,41.999],[11.0088,42.001],[11.025,42.0065],[11.0333,42.0123],[11.0395,42.0219],[11.0437,42.0314],[11.0479,42.0325],[11.0583,42.0316],[11.0708,42.0351],[11.0813,42.0426],[11.0854,42.0443],[11.0917,42.0439],[11.1,42.0392],[11.1083,42.031],[11.1125,42.0295],[11.1292,42.0267],[11.1331,42.024],[11.1349,42.0156],[11.1327,42.0094],[11.1283,42.0031],[11.129,41.9927],[11.1327,41.9885],[11.1454,41.9823],[11.1646,41.9767],[11.1813,41.967],[11.1875,41.9669],[11.1937,41.9694],[11.2229,41.9548],[11.2305,41.949],[11.2417,41.9458],[11.2563,41.9406],[11.2646,41.9392],[11.275,41.9345],[11.2875,41.9383],[11.3002,41.9448],[11.3083,41.9507],[11.3255,41.9594],[11.3396,41.9617],[11.3562,41.9669],[11.3781,41.9719],[11.3844,41.976],[11.3839,41.9802],[11.3863,41.9844],[11.4062,42.0025],[11.4146,42.0048],[11.4229,42.0042],[11.4354,42.0008],[11.4437,41.9965],[11.4479,41.9961],[11.4563,42.0001],[11.4625,42.0099],[11.4708,42.0136],[11.4802,42.0115],[11.4896,42.0081],[11.4999,42.0031],[11.5002,42.001],[11.4959,41.9844],[11.4976,41.974],[11.4954,41.9677],[11.4948,41.9552],[11.4962,41.951],[11.5076,41.9302],[11.5108,41.926],[11.5188,41.92],[11.5292,41.9173],[11.5456,41.9115],[11.5625,41.9086],[11.5833,41.9],[11.5938,41.8978],[11.6229,41.8957],[11.6417,41.8914],[11.6604,41.8849],[11.6646,41.8825],[11.6708,41.8764],[11.6928,41.8594],[11.7049,41.8531],[11.7228,41.8469],[11.7521,41.839],[11.7604,41.8354],[11.7719,41.8281],[11.7833,41.8224],[11.7902,41.8177],[11.8006,41.8073],[11.8083,41.8014],[11.8167,41.7968],[11.8292,41.7884],[11.8354,41.7866],[11.8542,41.7853],[11.8646,41.7866],[11.8771,41.7895],[11.9,41.7784],[11.9062,41.7728],[11.9115,41.7635],[11.9187,41.7553],[11.9281,41.749],[11.9325,41.7427],[11.9331,41.7344],[11.9479,41.7209],[11.9604,41.7075],[11.9792,41.6928],[11.9854,41.6864],[11.9979,41.6706],[12.0106,41.6635],[12.0128,41.6615]]]}},{"type":"Feature","properties":{"depth":-500},"geometry":{"type":"MultiLineString","coordinates":[[[11.5688,41.6615],[11.5678,41.674],[11.5776,41.6865],[11.5777,41.6927],[11.57,41.7052],[11.567,41.7177],[11.5607,41.7302],[11.5565,41.7365],[11.5512,41.751],[11.5497,41.7573],[11.5467,41.7615],[11.5396,41.7667],[11.5351,41.7719],[11.5212,41.7948],[11.5093,41.8073],[11.5034,41.8177],[11.4979,41.8248],[11.4875,41.8294],[11.4799,41.8344],[11.4747,41.8406],[11.4624,41.851],[11.4542,41.8537],[11.4489,41.8531],[11.4444,41.849],[11.4451,41.8448],[11.4501,41.8365],[11.4515,41.824],[11.4558,41.8156],[11.4708,41.7982],[11.4814,41.7802],[11.4856,41.7698],[11.489,41.751],[11.4923,41.7406],[11.4933,41.7302],[11.4984,41.7073],[11.4989,41.701],[11.4927,41.6781],[11.4915,41.6719],[11.493,41.6615]]]}},{"type":"Feature","properties":{"depth":-500},"geometry":{"type":"MultiLineString","coordinates":[[[7.35,43.6534],[7.3583,43.6557],[7.3646,43.6543],[7.3812,43.656],[7.3899,43.6594],[7.3896,43.6677],[7.391,43.6698],[7.4062,43.672],[7.4104,43.6741],[7.4146,43.6788],[7.4271,43.686],[7.4396,43.6909],[7.4479,43.6876],[7.4667,43.6846],[7.475,43.6798],[7.4771,43.6811],[7.4917,43.701],[7.4979,43.7038],[7.5083,43.701],[7.5187,43.6955],[7.5229,43.6959],[7.5354,43.7042],[7.5396,43.7049],[7.5521,43.7026],[7.5667,43.7048],[7.5729,43.7034],[7.5771,43.7045],[7.5854,43.7153],[7.5896,43.7171],[7.5938,43.7154],[7.6083,43.7017],[7.6118,43.7094],[7.6189,43.7198],[7.621,43.7365],[7.625,43.7513],[7.6375,43.7541],[7.6417,43.7508],[7.6451,43.7427],[7.65,43.736],[7.6574,43.7219],[7.6646,43.7129],[7.6708,43.7073],[7.6765,43.7073],[7.6802,43.7219],[7.6855,43.7281],[7.6782,43.7385],[7.6765,43.7448],[7.6792,43.7476],[7.6854,43.7457],[7.6917,43.7527],[7.6964,43.7531],[7.7,43.7469],[7.7167,43.7384],[7.725,43.7285],[7.7333,43.7251],[7.7438,43.7264],[7.75,43.7258],[7.7562,43.7279],[7.7646,43.7385],[7.7708,43.7397],[7.7792,43.7386],[7.7854,43.7362],[7.7896,43.7364],[7.8021,43.7443],[7.8063,43.7457],[7.8187,43.7442],[7.825,43.7419],[7.8375,43.7428],[7.85,43.7398],[7.8583,43.7396],[7.8617,43.7469],[7.8599,43.751],[7.8547,43.7573],[7.8548,43.7615],[7.8583,43.7634],[7.8718,43.7677],[7.8752,43.7719],[7.8757,43.776],[7.8741,43.7865],[7.8771,43.7945],[7.8812,43.7942],[7.8929,43.7823],[7.9125,43.7694],[7.9208,43.7679],[7.9271,43.7693],[7.9375,43.7736],[7.9479,43.7727],[7.9562,43.7693],[7.9667,43.7688],[7.9843,43.7719],[7.9927,43.776],[7.9945,43.7802],[7.9907,43.7927],[7.9918,43.799],[7.9958,43.8017],[8.0188,43.8038],[8.0312,43.8001],[8.0437,43.7948],[8.0521,43.796],[8.0583,43.8001],[8.0875,43.807],[8.0958,43.81],[8.1104,43.8133],[8.1208,43.8123],[8.1292,43.8146],[8.1375,43.824],[8.1417,43.8258],[8.1479,43.8239],[8.1521,43.8248],[8.1729,43.8346],[8.1833,43.8308],[8.1875,43.8322],[8.1933,43.8406],[8.1929,43.849],[8.1995,43.8531],[8.2271,43.8598],[8.2342,43.8635],[8.2387,43.8677],[8.2398,43.8719],[8.234,43.876],[8.234,43.8802],[8.2479,43.8892],[8.2587,43.8948],[8.2628,43.899],[8.2634,43.9135],[8.266,43.9177],[8.2727,43.924],[8.2749,43.9281],[8.2706,43.9344],[8.2646,43.938],[8.2562,43.9402],[8.2476,43.951],[8.2604,43.9515],[8.2708,43.9539],[8.2771,43.9563],[8.285,43.9615],[8.2862,43.9698],[8.2927,43.9802],[8.3004,43.9865],[8.3067,44.0031],[8.3135,44.0115],[8.3126,44.024],[8.3084,44.0323],[8.3144,44.0385],[8.3018,44.0427],[8.2988,44.0448],[8.3028,44.049],[8.3153,44.0552],[8.3272,44.0573],[8.3302,44.0594],[8.3246,44.0781],[8.3292,44.0799],[8.3458,44.0813],[8.3542,44.0809],[8.3594,44.0844],[8.3584,44.0906],[8.3494,44.1052],[8.3379,44.1156],[8.337,44.1198],[8.3479,44.1229],[8.3583,44.1231],[8.3625,44.1244],[8.3662,44.1344],[8.3729,44.1334],[8.3775,44.1281],[8.3875,44.1219],[8.3919,44.1302],[8.3958,44.1331],[8.4083,44.1351],[8.4125,44.1378],[8.4148,44.1427],[8.4154,44.149],[8.4271,44.1506],[8.4375,44.1488],[8.4458,44.1511],[8.4538,44.1552],[8.4632,44.1635],[8.4654,44.1802],[8.4526,44.1844],[8.4535,44.1885],[8.4615,44.1969],[8.4603,44.201],[8.4546,44.2073],[8.4545,44.2115],[8.4583,44.214],[8.4667,44.2118],[8.4771,44.2118],[8.4875,44.2102],[8.4958,44.2077],[8.5083,44.2068],[8.5147,44.2094],[8.5138,44.2156],[8.5042,44.2223],[8.5007,44.2281],[8.4942,44.2344],[8.4904,44.2448],[8.4915,44.249],[8.4964,44.2531],[8.5,44.2594],[8.5104,44.2563],[8.5137,44.2531],[8.525,44.2495],[8.5292,44.2493],[8.5417,44.2536],[8.5465,44.2469],[8.55,44.2445],[8.5583,44.2433],[8.5658,44.2385],[8.5708,44.2372],[8.5792,44.2386],[8.5938,44.2444],[8.5997,44.249],[8.6024,44.2552],[8.6062,44.2599],[8.6188,44.2683],[8.625,44.2685],[8.6375,44.2652],[8.6444,44.2677],[8.6513,44.274],[8.6583,44.2763],[8.6708,44.2731],[8.6813,44.2719],[8.6875,44.2691],[8.7,44.2689],[8.7188,44.2733],[8.7375,44.2745],[8.7438,44.2767],[8.7459,44.2802],[8.7475,44.2885],[8.75,44.2913],[8.7583,44.2928],[8.7792,44.2918],[8.7875,44.2927],[8.7917,44.2955],[8.7964,44.3031],[8.8024,44.3198],[8.8092,44.3281],[8.8098,44.3385],[8.8162,44.3427],[8.8229,44.3495],[8.8237,44.35]],[[8.8441,44.35],[8.8476,44.3448],[8.8542,44.3425],[8.8567,44.3385],[8.8515,44.3281],[8.8565,44.3219],[8.8604,44.3122],[8.8646,44.3097],[8.8917,44.3003],[8.8958,44.3006],[8.8997,44.3073],[8.9128,44.326],[8.9146,44.3354],[8.9271,44.3335],[8.9313,44.3313],[8.9359,44.326],[8.9346,44.3177],[8.9354,44.313],[8.9412,44.3094],[8.9429,44.301],[8.947,44.2969],[8.9604,44.2932],[8.975,44.2936],[8.9875,44.2897],[9.0064,44.2802],[9.0191,44.2719],[9.021,44.2635],[9.0271,44.2574],[9.0354,44.2548],[9.0542,44.2518],[9.0583,44.253],[9.0708,44.2624],[9.0813,44.2644],[9.0938,44.262],[9.1083,44.257],[9.1208,44.2555],[9.1333,44.2585],[9.1396,44.2582],[9.15,44.2528],[9.1583,44.2501],[9.1646,44.2465],[9.1813,44.245],[9.1917,44.2418],[9.2101,44.2344],[9.2271,44.2285],[9.2458,44.2276],[9.2562,44.2256],[9.2729,44.2243],[9.2833,44.2248],[9.2896,44.2234],[9.3016,44.2156],[9.3125,44.2103],[9.3271,44.201],[9.3438,44.1949],[9.3604,44.1876],[9.3792,44.1746],[9.3938,44.1703],[9.4042,44.1654],[9.4167,44.1651],[9.425,44.1689],[9.4292,44.1695],[9.4308,44.1656],[9.4315,44.1552],[9.4303,44.149],[9.4479,44.1415],[9.4583,44.1406],[9.469,44.1385],[9.4896,44.133],[9.4917,44.1317],[9.5021,44.1199],[9.5104,44.1142],[9.5204,44.1094],[9.5251,44.1031],[9.5296,44.0823],[9.5336,44.0781],[9.533,44.0719],[9.5356,44.0698],[9.55,44.0675],[9.5563,44.0648],[9.5646,44.0637],[9.5682,44.0615],[9.5688,44.0552],[9.5636,44.0552],[9.5604,44.0584],[9.5563,44.0589],[9.5437,44.056],[9.5333,44.056],[9.5125,44.0577],[9.4938,44.0514],[9.4729,44.0478],[9.4583,44.0417],[9.4483,44.0344],[9.4437,44.029],[9.4396,44.0272],[9.4271,44.0255],[9.4218,44.0198],[9.4241,44.0073],[9.4234,43.9969],[9.4276,43.9906],[9.4271,43.9845],[9.4208,43.9839],[9.4104,43.9846],[9.4062,43.9832],[9.3875,43.9731],[9.3708,43.9683],[9.3667,43.9656],[9.3657,43.9615],[9.3717,43.951],[9.3726,43.9469],[9.3716,43.9323],[9.3771,43.9276],[9.3812,43.9277],[9.3896,43.9308],[9.3979,43.9322],[9.4208,43.932],[9.4292,43.9303],[9.4333,43.928],[9.4396,43.9208],[9.4481,43.9135],[9.4497,43.901],[9.4458,43.8896],[9.4417,43.8871],[9.4375,43.8884],[9.4313,43.8931],[9.4271,43.8941],[9.4083,43.8953],[9.4042,43.8934],[9.4002,43.8865],[9.4002,43.8802],[9.4029,43.876],[9.4096,43.8698],[9.4283,43.8302],[9.4345,43.8135],[9.4352,43.8094],[9.4332,43.8031],[9.4396,43.7977],[9.4457,43.7885],[9.457,43.7802],[9.4646,43.7707],[9.4729,43.765],[9.4812,43.7564],[9.491,43.749],[9.4958,43.7436],[9.5042,43.7384],[9.5083,43.7382],[9.5167,43.7451],[9.5271,43.7397],[9.5479,43.7338],[9.5522,43.7302],[9.5554,43.724],[9.5517,43.7177],[9.5543,43.7135],[9.5609,43.7135],[9.5594,43.724],[9.5632,43.7281],[9.5708,43.7316],[9.5792,43.7325],[9.5833,43.7316],[9.5958,43.7191],[9.6125,43.7089],[9.6271,43.7092],[9.6338,43.7052],[9.633,43.701],[9.6292,43.6983],[9.6208,43.6965],[9.6146,43.6973],[9.6083,43.7005],[9.6011,43.699],[9.5976,43.6948],[9.5965,43.6865],[9.6,43.6745],[9.6083,43.6751],[9.6125,43.6656],[9.6203,43.6615],[9.6312,43.6596],[9.6375,43.6561],[9.6458,43.6541],[9.6583,43.6497],[9.6875,43.6512],[9.7042,43.6501],[9.7188,43.6529],[9.7375,43.6517],[9.7417,43.6493],[9.743,43.6385],[9.7465,43.6302],[9.7542,43.6269],[9.7604,43.627],[9.775,43.6326],[9.7792,43.6319],[9.7818,43.6281],[9.7812,43.6239],[9.775,43.6174],[9.7667,43.613],[9.7545,43.599],[9.7525,43.5885],[9.7479,43.5838],[9.7342,43.5781],[9.7294,43.574],[9.7281,43.5656],[9.7354,43.5554],[9.7393,43.5469],[9.7378,43.5406],[9.7312,43.5394],[9.7208,43.5404],[9.7063,43.5399],[9.6979,43.5361],[9.6896,43.5354],[9.6824,43.5365],[9.6793,43.5385],[9.6815,43.5448],[9.6804,43.549],[9.6729,43.5509],[9.6654,43.549],[9.6592,43.5448],[9.6606,43.5406],[9.669,43.5365],[9.6652,43.524],[9.6625,43.5195],[9.6529,43.5115],[9.6521,43.5094],[9.6546,43.501],[9.6503,43.4948],[9.6493,43.4906],[9.6486,43.474],[9.6521,43.4655],[9.6604,43.4554],[9.6646,43.4534],[9.6729,43.4564],[9.6813,43.4572],[9.6866,43.4552],[9.6899,43.451],[9.6899,43.4469],[9.6854,43.4416],[9.6709,43.4365],[9.6707,43.4323],[9.6749,43.4281],[9.6848,43.4219],[9.6917,43.4201],[9.7,43.4223],[9.7229,43.4361],[9.7271,43.436],[9.7312,43.433],[9.7417,43.4229],[9.7446,43.4156],[9.7413,43.401],[9.7418,43.3969],[9.7452,43.3927],[9.7602,43.3802],[9.7713,43.3719],[9.7756,43.3635],[9.7812,43.3573],[9.8,43.3433],[9.8083,43.3345],[9.8164,43.3302],[9.8221,43.324],[9.8313,43.321],[9.8358,43.3177],[9.8402,43.3115],[9.8345,43.3073],[9.8167,43.3031],[9.8075,43.299],[9.8034,43.2906],[9.7896,43.2802],[9.7792,43.2794],[9.775,43.2809],[9.772,43.2865],[9.7731,43.2906],[9.7788,43.301],[9.7778,43.3052],[9.7708,43.309],[9.7396,43.3187],[9.725,43.3253],[9.7208,43.3282],[9.7144,43.3365],[9.7019,43.3469],[9.6842,43.3656],[9.6782,43.374],[9.6768,43.3781],[9.6785,43.3885],[9.6667,43.3945],[9.6583,43.4003],[9.6502,43.4073],[9.6411,43.4177],[9.6367,43.4302],[9.6308,43.4385],[9.6229,43.4438],[9.6173,43.449],[9.6125,43.4649],[9.6073,43.4719],[9.6061,43.476],[9.6079,43.4885],[9.6139,43.4948],[9.6154,43.499],[9.6125,43.501],[9.6,43.5003],[9.5955,43.5031],[9.5896,43.5108],[9.575,43.5147],[9.5627,43.524],[9.5521,43.5272],[9.5437,43.5308],[9.5354,43.5319],[9.5208,43.5294],[9.5167,43.5274],[9.5062,43.5253],[9.4958,43.5215],[9.4896,43.5155],[9.4853,43.5073],[9.4827,43.4927],[9.4789,43.4823],[9.4799,43.4698],[9.4823,43.4573],[9.4852,43.4344],[9.4907,43.4177],[9.4938,43.4147],[9.5042,43.4089],[9.5104,43.4036],[9.5167,43.4014],[9.5292,43.4002],[9.5369,43.3969],[9.5391,43.3906],[9.5398,43.3802],[9.545,43.3656],[9.5487,43.3594],[9.5482,43.3552],[9.5437,43.3447],[9.5375,43.3479],[9.5312,43.3535],[9.5229,43.3556],[9.5125,43.354],[9.5073,43.351],[9.5029,43.3448],[9.4959,43.3406],[9.4911,43.3427],[9.4888,43.3469],[9.4833,43.3504],[9.4792,43.3496],[9.4646,43.3408],[9.4563,43.337],[9.4519,43.3323],[9.4474,43.324],[9.4328,43.3219],[9.428,43.3177],[9.4167,43.3124],[9.4042,43.3107],[9.3896,43.3128],[9.3795,43.3094],[9.3762,43.3031],[9.3773,43.2969],[9.3821,43.2906],[9.3818,43.2865],[9.3785,43.276],[9.3851,43.2635],[9.383,43.2594],[9.3782,43.2552],[9.3814,43.249],[9.3908,43.2406],[9.3931,43.2365],[9.3931,43.2302],[9.3869,43.226],[9.3833,43.221],[9.375,43.2224],[9.365,43.2302],[9.3542,43.2339],[9.3458,43.2325],[9.34,43.226],[9.3407,43.2031],[9.35,43.2024],[9.3555,43.1969],[9.3549,43.1885],[9.3583,43.186],[9.3688,43.1842],[9.3708,43.176],[9.377,43.1656],[9.3752,43.1635],[9.3667,43.1601],[9.3584,43.1552],[9.3529,43.1448],[9.3479,43.1418],[9.3375,43.1436],[9.333,43.1427],[9.3322,43.1365],[9.3427,43.1302],[9.3451,43.124],[9.3562,43.1159],[9.3579,43.1135],[9.359,43.1052],[9.362,43.101],[9.3688,43.0951],[9.379,43.0906],[9.3786,43.0865],[9.3667,43.0804],[9.3562,43.0791],[9.3396,43.0808],[9.3313,43.0781],[9.3208,43.0769],[9.3083,43.0731],[9.2896,43.0723],[9.2729,43.07],[9.2625,43.0708],[9.2479,43.0692],[9.2331,43.0656],[9.2245,43.0594],[9.223,43.051],[9.2264,43.0448],[9.2312,43.0428],[9.2438,43.0408],[9.2604,43.0417],[9.2837,43.0385],[9.2921,43.0323],[9.2936,43.0281],[9.2896,43.0244],[9.275,43.0216],[9.2667,43.0224],[9.2604,43.0204],[9.25,43.0131],[9.2333,43.0089],[9.225,43.0053],[9.2104,43.0033],[9.2021,42.9996],[9.1954,42.9948],[9.1951,42.9906],[9.2042,42.9868],[9.2188,42.989],[9.2229,42.9887],[9.2396,42.9824],[9.2479,42.977],[9.2562,42.9738],[9.2646,42.9672],[9.2771,42.9636],[9.2936,42.9531],[9.3,42.9427],[9.3063,42.9385],[9.3069,42.9344],[9.3,42.9319],[9.2792,42.9341],[9.275,42.9334],[9.2604,42.9283],[9.25,42.9263],[9.2455,42.924],[9.2421,42.9177],[9.2446,42.9073],[9.2542,42.8978],[9.2688,42.8943],[9.272,42.8906],[9.2636,42.8802],[9.2708,42.8698],[9.2775,42.8635],[9.2719,42.8594],[9.2646,42.8568],[9.2562,42.8571],[9.2532,42.8552],[9.2555,42.851],[9.2614,42.8469],[9.2551,42.8365],[9.2582,42.8302],[9.2657,42.8219],[9.2767,42.8135],[9.2786,42.8073],[9.2875,42.8021],[9.297,42.799],[9.2968,42.7948],[9.283,42.7885],[9.2816,42.7865],[9.283,42.7802],[9.2904,42.7719],[9.2986,42.7656],[9.3021,42.759],[9.3,42.7571],[9.2917,42.76],[9.2812,42.7597],[9.2729,42.7643],[9.2604,42.7687],[9.2417,42.7702],[9.2371,42.774],[9.2382,42.7823],[9.2371,42.7844],[9.225,42.7937],[9.2208,42.7987],[9.1979,42.8055],[9.1813,42.811],[9.1708,42.8126],[9.1545,42.8135],[9.1486,42.8156],[9.1438,42.8217],[9.1375,42.8235],[9.125,42.8244],[9.1188,42.8257],[9.1125,42.8252],[9.1021,42.8276],[9.0958,42.8314],[9.0875,42.8323],[9.0792,42.8281],[9.078,42.824],[9.0809,42.8135],[9.0884,42.8052],[9.0892,42.801],[9.0833,42.7952],[9.075,42.791],[9.0646,42.7911],[9.0583,42.7896],[9.0521,42.7904],[9.0479,42.7892],[9.0417,42.7848],[9.0375,42.7841],[9.0312,42.7863],[9.0208,42.784],[9.0083,42.7788],[9.0021,42.7771],[8.9854,42.7707],[8.9806,42.7677],[8.968,42.7573],[8.9703,42.751],[8.9828,42.7385],[8.992,42.724],[8.9931,42.7156],[8.9864,42.7115],[8.9833,42.698],[8.9771,42.7014],[8.9714,42.7135],[8.9646,42.7213],[8.9521,42.7321],[8.9458,42.7352],[8.9396,42.7341],[8.9317,42.7281],[8.9229,42.7263],[8.9167,42.7265],[8.8938,42.7221],[8.8812,42.7166],[8.8774,42.7135],[8.8729,42.7052],[8.8667,42.7052],[8.8562,42.7093],[8.8458,42.7079],[8.8396,42.7112],[8.8354,42.7115],[8.8271,42.7052],[8.8125,42.7047],[8.8063,42.7086],[8.8021,42.7084],[8.7913,42.7031],[8.7708,42.6976],[8.7562,42.6909],[8.7396,42.6903],[8.7333,42.6872],[8.7208,42.684],[8.7146,42.6756],[8.7131,42.6719],[8.7143,42.6573],[8.7188,42.6462],[8.7271,42.6433],[8.7314,42.6385],[8.731,42.6344],[8.7271,42.6317],[8.7188,42.6349],[8.7125,42.6331],[8.7063,42.6341],[8.6956,42.6385],[8.6886,42.6427],[8.6771,42.6568],[8.6729,42.659],[8.6667,42.6592],[8.664,42.6573],[8.6604,42.6507],[8.6542,42.6472],[8.65,42.6468],[8.6354,42.6516],[8.6312,42.6517],[8.6273,42.649],[8.6251,42.6427],[8.6262,42.626],[8.6252,42.6198],[8.6191,42.6073],[8.6124,42.601],[8.6127,42.5969],[8.621,42.5885],[8.6245,42.5802],[8.6188,42.5787],[8.6083,42.5784],[8.5938,42.575],[8.5833,42.5753],[8.5771,42.5744],[8.5625,42.5657],[8.5523,42.5552],[8.5505,42.5365],[8.5569,42.5323],[8.5583,42.5281],[8.5554,42.5156],[8.5617,42.5052],[8.5637,42.4927],[8.5653,42.4885],[8.5792,42.4758],[8.5875,42.476],[8.5996,42.4698],[8.608,42.4635],[8.6093,42.4573],[8.5979,42.4542],[8.5917,42.451],[8.5813,42.4506],[8.5708,42.4462],[8.5667,42.4474],[8.561,42.4531],[8.55,42.457],[8.5433,42.4656],[8.5354,42.469],[8.5312,42.4678],[8.5202,42.4594],[8.5142,42.4469],[8.5062,42.4385],[8.4979,42.4273],[8.4913,42.4219],[8.49,42.4177],[8.4939,42.4115],[8.5046,42.4073],[8.5097,42.401],[8.517,42.3969],[8.5197,42.3927],[8.5146,42.389],[8.5021,42.3875],[8.4938,42.3847],[8.4833,42.3736],[8.4771,42.3701],[8.4732,42.3656],[8.4712,42.3594],[8.4729,42.3526],[8.4771,42.3507],[8.4875,42.356],[8.4958,42.3545],[8.5021,42.3554],[8.5167,42.3517],[8.5206,42.349],[8.5213,42.3406],[8.5246,42.3344],[8.5236,42.3302],[8.5146,42.3249],[8.5042,42.3224],[8.4967,42.3156],[8.4799,42.3115],[8.4782,42.3052],[8.4812,42.2972],[8.4854,42.2964],[8.4938,42.3027],[8.5042,42.3036],[8.5167,42.309],[8.5354,42.3156],[8.5479,42.3101],[8.5563,42.3123],[8.5652,42.3198],[8.5792,42.3266],[8.5823,42.324],[8.5787,42.3177],[8.58,42.3135],[8.5859,42.3094],[8.5913,42.3031],[8.5927,42.2969],[8.5958,42.294],[8.6062,42.2925],[8.6146,42.2865],[8.6271,42.2831],[8.6383,42.274],[8.6372,42.2719],[8.6292,42.2688],[8.6229,42.2721],[8.6104,42.2725],[8.6042,42.2713],[8.5979,42.2722],[8.5854,42.2702],[8.5667,42.2785],[8.5583,42.2761],[8.5515,42.2719],[8.5514,42.2677],[8.5598,42.2573],[8.5587,42.2552],[8.5521,42.2528],[8.5312,42.2498],[8.5208,42.2469],[8.5111,42.2406],[8.5096,42.2365],[8.5116,42.224],[8.5104,42.2156],[8.5072,42.2115],[8.5037,42.199],[8.5038,42.1948],[8.5064,42.1844],[8.5058,42.1781],[8.5097,42.1677],[8.5139,42.1635],[8.5208,42.16],[8.5256,42.1531],[8.5219,42.1469],[8.5219,42.1344],[8.5192,42.1281],[8.5194,42.124],[8.5267,42.1094],[8.5333,42.1018],[8.5375,42.1017],[8.5458,42.1041],[8.5521,42.1046],[8.5628,42.1073],[8.5645,42.1052],[8.5584,42.099],[8.5573,42.0927],[8.56,42.0865],[8.5616,42.074],[8.5615,42.0656],[8.5599,42.0531],[8.5646,42.0506],[8.5771,42.0504],[8.5875,42.0475],[8.5938,42.0475],[8.6021,42.0526],[8.6083,42.0533],[8.6186,42.0573],[8.625,42.062],[8.6312,42.0604],[8.6417,42.0617],[8.6502,42.0552],[8.6542,42.0541],[8.6729,42.0527],[8.6789,42.051],[8.6781,42.049],[8.6687,42.0424],[8.6646,42.041],[8.6562,42.0412],[8.6458,42.0384],[8.6375,42.0373],[8.6229,42.0329],[8.6155,42.0281],[8.6062,42.0245],[8.6,42.0183],[8.5901,42.0135],[8.5901,42.0073],[8.5979,41.9993],[8.6042,41.9973],[8.6052,41.9927],[8.6,41.9914],[8.5917,41.9916],[8.5854,41.9944],[8.5813,41.9942],[8.575,41.9905],[8.5667,41.9896],[8.5639,41.9948],[8.5583,41.9971],[8.5542,41.9965],[8.5472,41.9927],[8.54,41.9823],[8.5303,41.9698],[8.5223,41.9531],[8.5244,41.949],[8.5333,41.9426],[8.5479,41.9406],[8.5566,41.9385],[8.5592,41.9365],[8.5563,41.9258],[8.5521,41.9255],[8.5437,41.9291],[8.5312,41.9265],[8.5083,41.9267],[8.4958,41.9234],[8.4792,41.9219],[8.4768,41.9198],[8.4807,41.9156],[8.4869,41.9135],[8.4958,41.9129],[8.5146,41.9131],[8.525,41.9099],[8.5306,41.9052],[8.5326,41.901],[8.5253,41.8948],[8.511,41.8802],[8.5021,41.876],[8.4907,41.8719],[8.4792,41.8643],[8.4729,41.8622],[8.4729,41.8576],[8.4896,41.8545],[8.5,41.8551],[8.5157,41.851],[8.5157,41.8448],[8.5051,41.8385],[8.5013,41.8344],[8.503,41.8302],[8.5104,41.826],[8.5354,41.8208],[8.5458,41.8217],[8.5583,41.8265],[8.5667,41.832],[8.5729,41.8345],[8.5833,41.8477],[8.5875,41.848],[8.5958,41.8439],[8.6062,41.8428],[8.6104,41.8436],[8.6188,41.8486],[8.624,41.8531],[8.6336,41.8594],[8.6364,41.8635],[8.6365,41.8698],[8.6396,41.8711],[8.6521,41.8698],[8.6604,41.8732],[8.6667,41.8775],[8.6729,41.8762],[8.6854,41.8765],[8.6898,41.8781],[8.6937,41.882],[8.7,41.8842],[8.7083,41.883],[8.7208,41.8879],[8.7312,41.8935],[8.7417,41.8968],[8.748,41.8969],[8.7462,41.8927],[8.7354,41.8802],[8.7234,41.8719],[8.7207,41.8677],[8.725,41.8628],[8.7304,41.8615],[8.7288,41.8573],[8.7188,41.8555],[8.7083,41.8575],[8.7027,41.8552],[8.7037,41.849],[8.7106,41.8385],[8.7102,41.8344],[8.7063,41.8336],[8.6852,41.8385],[8.6853,41.8323],[8.6836,41.8281],[8.6775,41.8198],[8.6727,41.8156],[8.6608,41.801],[8.6612,41.7969],[8.6649,41.7885],[8.65,41.7879],[8.6451,41.7823],[8.6492,41.7719],[8.6458,41.7686],[8.6354,41.7688],[8.6292,41.7635],[8.6229,41.762],[8.6146,41.7567],[8.6114,41.7531],[8.6055,41.7427],[8.604,41.7365],[8.5986,41.7281],[8.5915,41.7219],[8.5918,41.7115],[8.5856,41.7052],[8.5917,41.7032],[8.6083,41.7035],[8.6208,41.6981],[8.6333,41.6942],[8.6435,41.6927],[8.6562,41.6877],[8.6646,41.6824],[8.6687,41.6821],[8.6796,41.6865],[8.6816,41.6885],[8.6804,41.6969],[8.6833,41.7021],[8.6941,41.6906],[8.7,41.6817],[8.7104,41.6829],[8.7167,41.6806],[8.725,41.6819],[8.7292,41.6856],[8.7337,41.6927],[8.7354,41.6988],[8.7375,41.6997],[8.7417,41.6951],[8.7452,41.6865],[8.75,41.6821],[8.7583,41.6817],[8.7667,41.685],[8.775,41.6818],[8.7875,41.681],[8.7979,41.6793],[8.8083,41.6817],[8.8125,41.6772],[8.8222,41.674],[8.8245,41.6719],[8.8229,41.6644],[8.8083,41.666],[8.7979,41.6624],[8.7917,41.6623],[8.7812,41.6652],[8.7771,41.6651],[8.7663,41.6615]]]}},{"type":"Feature","properties":{"depth":-200},"geometry":{"type":"MultiLineString","coordinates":[[[9.4705,41.6615],[9.4547,41.6802],[9.4556,41.6885],[9.4503,41.7031],[9.449,41.7094],[9.4429,41.7198],[9.4343,41.7281],[9.4316,41.7344],[9.4369,41.7385],[9.4383,41.7427],[9.4369,41.7635],[9.4385,41.774],[9.4439,41.7865],[9.4511,41.799],[9.4531,41.8073],[9.4563,41.8097],[9.4656,41.8115],[9.4729,41.8217],[9.4783,41.826],[9.4804,41.8302],[9.4789,41.8365],[9.4803,41.8385],[9.488,41.8406],[9.5069,41.8594],[9.5092,41.8635],[9.5087,41.8677],[9.5112,41.8719],[9.5199,41.8781],[9.5398,41.899],[9.54,41.9031],[9.5333,41.9115],[9.52,41.9177],[9.5181,41.9198],[9.5208,41.923],[9.5354,41.9247],[9.5521,41.9222],[9.5604,41.9275],[9.5708,41.9385],[9.5824,41.9531],[9.5878,41.9615],[9.5927,41.9719],[9.5939,41.9802],[9.5937,41.9885],[9.5979,41.9918],[9.6062,41.9928],[9.6115,41.9969],[9.6168,42.0052],[9.6208,42.0135],[9.6231,42.024],[9.6251,42.0281],[9.6333,42.0365],[9.6373,42.0448],[9.6408,42.0573],[9.6437,42.074],[9.6401,42.0781],[9.6287,42.0844],[9.6248,42.0885],[9.6263,42.0906],[9.6354,42.0942],[9.6438,42.099],[9.6476,42.1031],[9.6509,42.1156],[9.6531,42.1281],[9.654,42.1427],[9.65,42.1479],[9.6396,42.1452],[9.6351,42.149],[9.6371,42.1552],[9.6444,42.1635],[9.655,42.1698],[9.6578,42.1781],[9.6598,42.1948],[9.6564,42.2052],[9.6504,42.2156],[9.6458,42.2205],[9.64,42.224],[9.6416,42.2281],[9.6507,42.2344],[9.6497,42.2448],[9.6541,42.2552],[9.654,42.2677],[9.6523,42.2823],[9.6491,42.2948],[9.6427,42.3115],[9.6383,42.326],[9.6369,42.3344],[9.6354,42.351],[9.6356,42.376],[9.6396,42.4084],[9.6433,42.4281],[9.6436,42.4344],[9.6476,42.449],[9.655,42.4719],[9.6576,42.4823],[9.6571,42.4865],[9.6521,42.4921],[9.6479,42.5002],[9.6379,42.5052],[9.6393,42.5094],[9.6521,42.517],[9.6604,42.5186],[9.6657,42.5219],[9.6674,42.5281],[9.6663,42.5427],[9.6641,42.549],[9.6648,42.5552],[9.6607,42.5635],[9.6533,42.5677],[9.6529,42.5698],[9.6573,42.576],[9.6585,42.5865],[9.6559,42.5927],[9.6521,42.5948],[9.6377,42.599],[9.6313,42.6073],[9.625,42.6118],[9.6104,42.6115],[9.6083,42.6135],[9.6104,42.6177],[9.6096,42.6219],[9.5979,42.6297],[9.5885,42.6323],[9.5836,42.6406],[9.579,42.6448],[9.5687,42.6487],[9.5634,42.6552],[9.5604,42.6617],[9.5562,42.6635],[9.55,42.6598],[9.5458,42.6601],[9.5375,42.6742],[9.5295,42.6781],[9.5279,42.6823],[9.5302,42.6885],[9.5295,42.6948],[9.5228,42.7052],[9.5167,42.7103],[9.5125,42.7163],[9.5093,42.726],[9.5074,42.7427],[9.5083,42.749],[9.5128,42.7615],[9.5298,42.7844],[9.5403,42.7948],[9.5452,42.801],[9.547,42.8094],[9.5396,42.8219],[9.5397,42.8365],[9.5359,42.849],[9.5353,42.8552],[9.5378,42.8615],[9.5403,42.874],[9.5552,42.9177],[9.5583,42.9362],[9.563,42.951],[9.5663,42.9656],[9.5694,42.974],[9.5696,42.9781],[9.5646,42.9885],[9.5665,42.9927],[9.573,42.9969],[9.58,43.0073],[9.5938,43.0245],[9.601,43.0344],[9.6073,43.0469],[9.6097,43.0552],[9.6095,43.0594],[9.6009,43.0802],[9.5915,43.0948],[9.5792,43.1123],[9.5768,43.1177],[9.5729,43.1341],[9.5631,43.1573],[9.5588,43.1698],[9.5563,43.1847],[9.5527,43.1969],[9.5491,43.2156],[9.5437,43.2276],[9.5353,43.2385],[9.5248,43.2573],[9.5191,43.2656],[9.5064,43.2823],[9.5,43.2939],[9.4938,43.3024],[9.4812,43.3046],[9.4708,43.3103],[9.4625,43.3116],[9.4458,43.3091],[9.4333,43.3048],[9.4146,43.301],[9.4103,43.299],[9.3979,43.2828],[9.3964,43.2781],[9.4021,43.275],[9.4104,43.2784],[9.4146,43.2784],[9.4197,43.274],[9.4216,43.2698],[9.4282,43.2448],[9.4275,43.2365],[9.4227,43.2281],[9.4177,43.2135],[9.4146,43.209],[9.408,43.2031],[9.4039,43.1969],[9.4022,43.1865],[9.4044,43.1802],[9.4046,43.174],[9.4018,43.1656],[9.3988,43.1615],[9.3896,43.1541],[9.3804,43.149],[9.3783,43.1448],[9.3767,43.1323],[9.3802,43.124],[9.3805,43.1177],[9.3776,43.1073],[9.3809,43.1031],[9.3917,43.1001],[9.395,43.0969],[9.3983,43.0885],[9.3976,43.0823],[9.388,43.0719],[9.375,43.066],[9.3688,43.0652],[9.3604,43.0659],[9.3515,43.0719],[9.3458,43.0734],[9.3354,43.0685],[9.3042,43.0629],[9.2812,43.0619],[9.2667,43.0621],[9.2601,43.0615],[9.2546,43.0573],[9.2583,43.0513],[9.2792,43.047],[9.2896,43.0458],[9.2937,43.0439],[9.3042,43.0359],[9.307,43.0323],[9.3082,43.0219],[9.3042,43.0108],[9.3,43.0082],[9.2917,43.0094],[9.2812,43.0145],[9.2688,43.0143],[9.2646,43.0132],[9.2562,43.0083],[9.2375,43.0005],[9.2344,42.9969],[9.2357,42.9927],[9.2415,42.9885],[9.2521,42.9842],[9.2625,42.9815],[9.2692,42.976],[9.2833,42.9686],[9.2913,42.9635],[9.3042,42.9594],[9.3067,42.9573],[9.3104,42.9482],[9.3167,42.9457],[9.3199,42.9427],[9.3208,42.9281],[9.319,42.924],[9.3146,42.9205],[9.3021,42.9202],[9.2937,42.9227],[9.2812,42.9234],[9.2688,42.9191],[9.2654,42.9156],[9.2661,42.9115],[9.2697,42.9073],[9.2771,42.9038],[9.2875,42.9007],[9.2907,42.8948],[9.2903,42.8906],[9.285,42.8823],[9.2865,42.876],[9.301,42.8698],[9.3035,42.8677],[9.3013,42.8635],[9.2917,42.8586],[9.2822,42.851],[9.2812,42.8468],[9.2828,42.8323],[9.2867,42.8219],[9.2965,42.8094],[9.3072,42.8031],[9.316,42.799],[9.3145,42.7948],[9.3003,42.7865],[9.298,42.7823],[9.301,42.776],[9.3065,42.7698],[9.3156,42.7531],[9.3147,42.7469],[9.3083,42.7453],[9.2999,42.7385],[9.2937,42.7321],[9.2896,42.7319],[9.2872,42.7365],[9.2871,42.7469],[9.2854,42.7492],[9.2729,42.7448],[9.2675,42.7469],[9.2682,42.7531],[9.2653,42.7573],[9.2521,42.7602],[9.2333,42.758],[9.2229,42.7612],[9.2125,42.7595],[9.206,42.7615],[9.2072,42.7656],[9.2136,42.7698],[9.2201,42.776],[9.2196,42.7781],[9.208,42.7865],[9.2041,42.7927],[9.1958,42.7974],[9.1792,42.8035],[9.1625,42.806],[9.1417,42.8029],[9.1292,42.8055],[9.1229,42.8032],[9.1125,42.7935],[9.1006,42.7865],[9.0938,42.7806],[9.0833,42.7754],[9.0646,42.7684],[9.0563,42.7661],[9.0375,42.7583],[9.0156,42.7531],[9.0034,42.7469],[8.999,42.7427],[8.9994,42.7385],[9.0067,42.724],[9.0127,42.7156],[9.0114,42.7094],[9.0042,42.706],[8.9979,42.7051],[8.9946,42.701],[8.9963,42.6865],[8.9958,42.675],[8.9896,42.6737],[8.9854,42.6755],[8.9771,42.6834],[8.9693,42.6927],[8.9669,42.7073],[8.9646,42.7105],[8.9563,42.7156],[8.9437,42.7185],[8.9187,42.7137],[8.9083,42.71],[8.8938,42.7074],[8.8896,42.7052],[8.8821,42.6948],[8.875,42.6903],[8.8667,42.6912],[8.8583,42.6949],[8.8458,42.6945],[8.8375,42.6959],[8.8292,42.6948],[8.8187,42.6913],[8.8104,42.6914],[8.8,42.6932],[8.7912,42.6927],[8.7833,42.6906],[8.7708,42.6858],[8.7646,42.6843],[8.7438,42.6719],[8.7311,42.6615],[8.7284,42.6573],[8.7301,42.6531],[8.7354,42.6501],[8.7409,42.6427],[8.7419,42.6385],[8.7409,42.6302],[8.7427,42.624],[8.7441,42.6115],[8.7438,42.6065],[8.7396,42.6056],[8.7271,42.6136],[8.7211,42.624],[8.7042,42.6265],[8.6924,42.6323],[8.6813,42.6351],[8.6771,42.6335],[8.6667,42.6218],[8.65,42.5972],[8.6438,42.5865],[8.641,42.576],[8.6375,42.5714],[8.6213,42.5677],[8.6146,42.5624],[8.6062,42.5537],[8.5936,42.5385],[8.5877,42.5281],[8.5802,42.5115],[8.5782,42.5052],[8.5767,42.4948],[8.5774,42.4906],[8.5833,42.4846],[8.5938,42.4832],[8.6146,42.4698],[8.6208,42.467],[8.6248,42.4635],[8.6255,42.4594],[8.6232,42.451],[8.6188,42.4479],[8.6042,42.4494],[8.5896,42.4444],[8.5813,42.4448],[8.5729,42.4397],[8.5667,42.4393],[8.5583,42.4453],[8.5521,42.4468],[8.5479,42.4451],[8.5292,42.4218],[8.5241,42.4135],[8.5244,42.4094],[8.5273,42.4031],[8.5325,42.3969],[8.5332,42.3927],[8.5306,42.3885],[8.5167,42.3813],[8.5062,42.3804],[8.5002,42.374],[8.4987,42.3698],[8.5019,42.3635],[8.5146,42.3611],[8.525,42.3578],[8.5295,42.3552],[8.5329,42.349],[8.5327,42.3427],[8.5347,42.3281],[8.5321,42.324],[8.5479,42.3163],[8.5542,42.3176],[8.5604,42.3231],[8.5702,42.3281],[8.5833,42.3378],[8.5875,42.3397],[8.5917,42.339],[8.5971,42.3344],[8.5928,42.324],[8.5871,42.3177],[8.5884,42.3135],[8.596,42.3073],[8.6,42.2994],[8.6104,42.2978],[8.6188,42.2923],[8.6417,42.2828],[8.6521,42.2833],[8.6684,42.274],[8.6694,42.2719],[8.6646,42.2692],[8.6542,42.2685],[8.6375,42.2635],[8.6292,42.2594],[8.625,42.2597],[8.6188,42.2675],[8.6146,42.2677],[8.6042,42.2642],[8.5979,42.2651],[8.5875,42.263],[8.5771,42.2647],[8.5667,42.2681],[8.5647,42.2656],[8.5732,42.2594],[8.5736,42.2552],[8.5667,42.2499],[8.5625,42.2485],[8.5417,42.2469],[8.5333,42.2448],[8.5237,42.2406],[8.5188,42.2344],[8.5199,42.224],[8.5194,42.2156],[8.5151,42.199],[8.517,42.1823],[8.5226,42.1677],[8.5271,42.1623],[8.5333,42.1588],[8.5365,42.1552],[8.535,42.149],[8.5315,42.1427],[8.5322,42.1365],[8.5303,42.124],[8.5312,42.1198],[8.5375,42.1133],[8.5458,42.1115],[8.55,42.1119],[8.5646,42.1162],[8.5813,42.1166],[8.5941,42.1135],[8.5931,42.1094],[8.5805,42.101],[8.5781,42.0969],[8.5842,42.0865],[8.5866,42.076],[8.5896,42.0708],[8.5938,42.0683],[8.6021,42.0672],[8.6062,42.0683],[8.6146,42.0739],[8.625,42.0778],[8.6292,42.0778],[8.6353,42.0719],[8.6438,42.07],[8.6625,42.069],[8.6729,42.0692],[8.6773,42.0635],[8.6813,42.0615],[8.7021,42.064],[8.7063,42.063],[8.7119,42.0552],[8.7118,42.0531],[8.7021,42.0453],[8.6917,42.0458],[8.6875,42.0449],[8.6798,42.0406],[8.6731,42.0344],[8.6625,42.0325],[8.6562,42.0336],[8.6432,42.0302],[8.6354,42.0256],[8.6271,42.0252],[8.614,42.0198],[8.6018,42.0094],[8.6028,42.0073],[8.6146,42.0055],[8.6193,42.0031],[8.6212,41.9969],[8.625,41.9944],[8.6312,41.9938],[8.6333,41.9906],[8.6325,41.9865],[8.6292,41.9833],[8.6208,41.9819],[8.6083,41.9847],[8.5958,41.984],[8.5813,41.9845],[8.5687,41.9786],[8.5583,41.9763],[8.55,41.972],[8.5417,41.9657],[8.5391,41.9615],[8.5358,41.951],[8.5384,41.949],[8.5542,41.9462],[8.5708,41.9468],[8.5753,41.9427],[8.5744,41.9385],[8.57,41.9323],[8.5702,41.9198],[8.5667,41.9163],[8.5548,41.9135],[8.5519,41.9094],[8.5554,41.9031],[8.5548,41.8969],[8.5375,41.8888],[8.5195,41.874],[8.5067,41.8677],[8.5048,41.8635],[8.5076,41.8615],[8.5208,41.86],[8.5256,41.8573],[8.5296,41.8469],[8.5284,41.8427],[8.5215,41.8365],[8.5235,41.8323],[8.5297,41.8302],[8.5437,41.8289],[8.5521,41.8317],[8.5621,41.8385],[8.5713,41.8469],[8.5744,41.8531],[8.5792,41.8571],[8.5917,41.8571],[8.5979,41.8519],[8.6083,41.8512],[8.6162,41.8552],[8.6237,41.8615],[8.6242,41.8656],[8.6186,41.876],[8.625,41.8819],[8.6292,41.8825],[8.6396,41.8796],[8.6438,41.8804],[8.6471,41.8844],[8.6498,41.8927],[8.6542,41.8949],[8.6604,41.8906],[8.6667,41.8886],[8.675,41.8894],[8.6833,41.8943],[8.6937,41.8972],[8.7042,41.8956],[8.7167,41.8955],[8.7208,41.8965],[8.7292,41.9025],[8.7417,41.9047],[8.7521,41.9127],[8.7688,41.9106],[8.7729,41.9089],[8.775,41.9052],[8.7731,41.901],[8.7613,41.8906],[8.7591,41.8865],[8.7529,41.8823],[8.7475,41.876],[8.7481,41.8719],[8.7574,41.8656],[8.7577,41.8615],[8.7444,41.8573],[8.7383,41.851],[8.7268,41.8448],[8.7262,41.8385],[8.7413,41.8302],[8.7396,41.8263],[8.7271,41.823],[8.7208,41.8183],[8.7063,41.8226],[8.7021,41.8209],[8.6977,41.8156],[8.6833,41.8029],[8.6764,41.799],[8.6762,41.7969],[8.6821,41.7927],[8.6853,41.7865],[8.6917,41.7823],[8.69,41.7781],[8.6771,41.7762],[8.6716,41.774],[8.6702,41.7677],[8.6646,41.7648],[8.6521,41.7625],[8.6417,41.7617],[8.6375,41.7597],[8.6251,41.751],[8.6208,41.7403],[8.6174,41.7281],[8.6143,41.7219],[8.6146,41.7156],[8.6189,41.7115],[8.6271,41.7081],[8.6354,41.7074],[8.6438,41.7079],[8.6604,41.7062],[8.6667,41.7078],[8.6733,41.7177],[8.6792,41.7222],[8.6833,41.7221],[8.6875,41.7187],[8.6946,41.7073],[8.7021,41.7042],[8.7063,41.7041],[8.7146,41.7065],[8.725,41.7058],[8.7333,41.715],[8.7438,41.7183],[8.7562,41.7191],[8.7567,41.7177],[8.7524,41.7094],[8.7495,41.699],[8.7521,41.6936],[8.7562,41.6934],[8.7646,41.6959],[8.7771,41.6882],[8.7875,41.6893],[8.7937,41.6885],[8.8024,41.6927],[8.8104,41.6999],[8.8192,41.699],[8.8222,41.6948],[8.8212,41.6885],[8.8227,41.6844],[8.8271,41.6831],[8.8354,41.6836],[8.8458,41.6856],[8.8583,41.6852],[8.8612,41.6823],[8.8537,41.676],[8.8511,41.6719],[8.8553,41.6656],[8.8562,41.6615]]]}},{"type":"Feature","properties":{"depth":-200},"geometry":{"type":"MultiLineString","coordinates":[[[7.35,43.6681],[7.3521,43.6684],[7.3681,43.676],[7.3694,43.6802],[7.3667,43.6906],[7.3688,43.6941],[7.3812,43.696],[7.3937,43.6904],[7.3979,43.6904],[7.4093,43.6969],[7.4127,43.701],[7.4229,43.7051],[7.4271,43.7083],[7.4333,43.7165],[7.4354,43.7173],[7.45,43.7151],[7.4667,43.7183],[7.4771,43.7231],[7.4875,43.7245],[7.4979,43.7271],[7.5083,43.7246],[7.5229,43.7279],[7.5458,43.7306],[7.55,43.7301],[7.5667,43.7248],[7.5708,43.7247],[7.5896,43.7365],[7.5958,43.7377],[7.6063,43.7361],[7.6106,43.7427],[7.6089,43.7552],[7.6097,43.7615],[7.6188,43.7668],[7.6333,43.7692],[7.6417,43.7687],[7.6458,43.7665],[7.6521,43.7562],[7.6542,43.7558],[7.6646,43.764],[7.6688,43.7644],[7.677,43.7594],[7.6813,43.7589],[7.6875,43.7691],[7.6937,43.772],[7.6979,43.7717],[7.7083,43.7635],[7.7146,43.7539],[7.7188,43.7535],[7.7313,43.7552],[7.7417,43.753],[7.7458,43.7534],[7.7562,43.7571],[7.7667,43.757],[7.7896,43.7604],[7.8098,43.7656],[7.8135,43.7677],[7.8169,43.774],[7.8208,43.778],[7.8375,43.7768],[7.85,43.7783],[7.8563,43.7778],[7.8624,43.7802],[7.8627,43.7844],[7.8599,43.7948],[7.861,43.8031],[7.8667,43.8076],[7.8729,43.8062],[7.8771,43.8082],[7.8812,43.8131],[7.8854,43.8148],[7.8891,43.8135],[7.8912,43.799],[7.8976,43.7927],[7.9012,43.7865],[7.9146,43.7815],[7.9188,43.7814],[7.9271,43.7853],[7.9376,43.7885],[7.9479,43.7934],[7.9583,43.7995],[7.9626,43.8052],[7.9649,43.8156],[7.9684,43.8198],[7.975,43.8225],[7.9854,43.8247],[8.0083,43.8232],[8.0188,43.8195],[8.0354,43.8168],[8.0583,43.8195],[8.0792,43.825],[8.0854,43.8273],[8.0979,43.8338],[8.106,43.8406],[8.1088,43.851],[8.1125,43.8545],[8.1167,43.8556],[8.1271,43.8536],[8.1396,43.8564],[8.1472,43.8615],[8.1583,43.8741],[8.1646,43.8783],[8.1771,43.8806],[8.1819,43.8844],[8.1834,43.8927],[8.1769,43.9052],[8.1792,43.9125],[8.1833,43.9148],[8.1979,43.9117],[8.2063,43.9111],[8.2146,43.9126],[8.2208,43.9168],[8.2271,43.9236],[8.2312,43.9254],[8.2417,43.9244],[8.2437,43.926],[8.2375,43.9346],[8.225,43.9381],[8.2161,43.949],[8.2058,43.9677],[8.2083,43.9711],[8.2229,43.9762],[8.2438,43.9762],[8.25,43.981],[8.2615,44.001],[8.2656,44.0135],[8.2732,44.0344],[8.271,44.0448],[8.2684,44.051],[8.2688,44.0552],[8.2826,44.0594],[8.29,44.0656],[8.3018,44.0781],[8.3026,44.0865],[8.3063,44.0901],[8.3153,44.0948],[8.3233,44.1031],[8.3241,44.1073],[8.3167,44.113],[8.3119,44.1198],[8.3127,44.1281],[8.3167,44.1352],[8.3229,44.1387],[8.3375,44.1341],[8.3479,44.1353],[8.35,44.1385],[8.3501,44.1469],[8.3521,44.1494],[8.3604,44.1527],[8.3724,44.1469],[8.3875,44.1433],[8.3938,44.1443],[8.4,44.1486],[8.4054,44.1573],[8.4083,44.1592],[8.4187,44.1606],[8.4333,44.1594],[8.4375,44.1616],[8.4411,44.1677],[8.4396,44.1717],[8.4354,44.175],[8.4323,44.1844],[8.4429,44.1906],[8.447,44.1948],[8.4472,44.199],[8.4383,44.2052],[8.4381,44.2094],[8.4427,44.2198],[8.45,44.2236],[8.4688,44.2212],[8.4759,44.2219],[8.4779,44.224],[8.4791,44.2344],[8.4767,44.2406],[8.4772,44.2594],[8.4759,44.2656],[8.4792,44.2719],[8.4958,44.2747],[8.5146,44.2741],[8.5229,44.2725],[8.5271,44.2732],[8.5375,44.278],[8.5563,44.2808],[8.5646,44.2834],[8.5729,44.2874],[8.5811,44.2927],[8.5836,44.2969],[8.5831,44.3031],[8.5871,44.3073],[8.5958,44.3082],[8.6188,44.3077],[8.6333,44.3095],[8.6516,44.3135],[8.6646,44.3176],[8.6708,44.3185],[8.675,44.3167],[8.6813,44.3112],[8.6937,44.3107],[8.7083,44.3154],[8.7229,44.3227],[8.7355,44.3281],[8.7458,44.3357],[8.7646,44.334],[8.775,44.3358],[8.7958,44.3421],[8.8023,44.3469],[8.8058,44.35]],[[8.8614,44.35],[8.8679,44.3448],[8.8729,44.3365],[8.8771,44.3351],[8.8938,44.332],[8.8979,44.3322],[8.9054,44.3448],[8.9089,44.35]],[[8.9381,44.35],[8.9381,44.3448],[8.9417,44.3417],[8.9479,44.3302],[8.9521,44.3273],[8.9604,44.3245],[8.9917,44.3115],[8.998,44.3094],[9.0146,44.306],[9.0292,44.3023],[9.0625,44.2972],[9.0771,44.2924],[9.1021,44.2857],[9.1271,44.2812],[9.1479,44.2785],[9.175,44.2723],[9.1813,44.2689],[9.1937,44.264],[9.2,44.2628],[9.2271,44.2545],[9.2458,44.2482],[9.2646,44.2445],[9.2875,44.2459],[9.2917,44.2447],[9.3045,44.2365],[9.3175,44.224],[9.3333,44.2161],[9.35,44.2109],[9.3625,44.2063],[9.3833,44.1951],[9.4,44.1894],[9.4146,44.1828],[9.4208,44.1812],[9.4333,44.1857],[9.4417,44.1861],[9.4484,44.1844],[9.4499,44.1823],[9.4458,44.1774],[9.4458,44.1693],[9.4521,44.1609],[9.4724,44.151],[9.4958,44.1417],[9.5042,44.1362],[9.5229,44.1262],[9.5333,44.1245],[9.5396,44.1255],[9.5437,44.123],[9.5479,44.1176],[9.5792,44.1001],[9.5832,44.0969],[9.6029,44.0906],[9.6029,44.0823],[9.6104,44.0782],[9.6292,44.0761],[9.6375,44.0779],[9.65,44.0767],[9.6542,44.0743],[9.6563,44.0677],[9.6549,44.0635],[9.6458,44.0532],[9.6389,44.0531],[9.6419,44.0469],[9.6542,44.0258],[9.6594,44.0177],[9.6647,44.0073],[9.671,43.999],[9.6792,43.9919],[9.6896,43.9799],[9.7013,43.9677],[9.7077,43.9594],[9.7148,43.9552],[9.7186,43.951],[9.7224,43.9385],[9.7355,43.924],[9.7427,43.9094],[9.7488,43.9031],[9.7604,43.8864],[9.7654,43.8781],[9.7708,43.8727],[9.7844,43.8615],[9.7917,43.8517],[9.8,43.8387],[9.8151,43.8135],[9.821,43.801],[9.8339,43.7677],[9.8372,43.7531],[9.8422,43.7365],[9.8483,43.7219],[9.8542,43.7129],[9.8625,43.6975],[9.8732,43.6719],[9.8757,43.6635],[9.8756,43.6531],[9.8777,43.6469],[9.8792,43.6355],[9.8854,43.6353],[9.8875,43.6323],[9.8875,43.6156],[9.8898,43.6094],[9.8864,43.5948],[9.8917,43.5902],[9.9021,43.5915],[9.9062,43.5907],[9.9107,43.5865],[9.9118,43.5823],[9.9101,43.576],[9.9046,43.5677],[9.9048,43.5635],[9.9083,43.5611],[9.9187,43.5619],[9.922,43.5594],[9.9215,43.5552],[9.9146,43.5448],[9.9109,43.5365],[9.9103,43.5323],[9.9126,43.5281],[9.9187,43.523],[9.9229,43.5213],[9.9271,43.5234],[9.9313,43.5305],[9.9376,43.5323],[9.9387,43.5281],[9.937,43.5198],[9.9417,43.5108],[9.9458,43.5119],[9.9499,43.5198],[9.9511,43.526],[9.9563,43.5298],[9.9625,43.5297],[9.9667,43.5273],[9.9706,43.5156],[9.9723,43.5073],[9.9708,43.5031],[9.9604,43.4972],[9.9521,43.4948],[9.9396,43.4878],[9.9354,43.4872],[9.925,43.4916],[9.9083,43.4905],[9.8812,43.4829],[9.8667,43.4801],[9.8625,43.4806],[9.8489,43.4885],[9.8438,43.4906],[9.825,43.4927],[9.8205,43.4885],[9.8208,43.4821],[9.8313,43.4669],[9.8375,43.4626],[9.8451,43.4594],[9.8472,43.4552],[9.8485,43.4448],[9.8537,43.4323],[9.8562,43.4219],[9.8568,43.4094],[9.8597,43.401],[9.8631,43.3969],[9.8688,43.3933],[9.8832,43.3885],[9.8856,43.3865],[9.8872,43.3802],[9.8828,43.3677],[9.8875,43.3606],[9.8979,43.3601],[9.9014,43.3573],[9.9026,43.3531],[9.9018,43.3385],[9.903,43.3344],[9.9255,43.3115],[9.9375,43.3028],[9.9417,43.3009],[9.95,43.2995],[9.9667,43.3059],[9.9708,43.306],[9.9755,43.301],[9.9745,43.2969],[9.9703,43.2906],[9.9659,43.2802],[9.9686,43.2656],[9.9728,43.2573],[9.9867,43.2385],[9.9938,43.2256],[10.0012,43.2135],[10.0046,43.2052],[10.0058,43.199],[10.0056,43.1885],[10.0114,43.176],[10.0137,43.1573],[10.0122,43.149],[10.0083,43.1429],[10.0042,43.1419],[10.0,43.1464],[9.9938,43.1579],[9.9896,43.1634],[9.9688,43.1839],[9.9479,43.199],[9.9313,43.2206],[9.9195,43.2281],[9.9104,43.2321],[9.8875,43.2358],[9.8771,43.2355],[9.8691,43.2323],[9.8681,43.2281],[9.8772,43.2177],[9.8789,43.2135],[9.875,43.2095],[9.8479,43.2021],[9.8313,43.1921],[9.825,43.1863],[9.8083,43.1633],[9.8065,43.1594],[9.8008,43.1344],[9.7988,43.1302],[9.7937,43.1258],[9.7875,43.1224],[9.783,43.1177],[9.78,43.1115],[9.7673,43.0927],[9.753,43.076],[9.7438,43.0675],[9.7268,43.0573],[9.7208,43.0512],[9.7174,43.0406],[9.7169,43.0323],[9.7187,43.0219],[9.7229,43.0132],[9.7355,42.9969],[9.7395,42.9927],[9.7625,42.9802],[9.7771,42.9743],[9.7896,42.9729],[9.7979,42.9709],[9.8208,42.9667],[9.8354,42.9695],[9.8414,42.9677],[9.8557,42.9573],[9.8584,42.949],[9.8557,42.9344],[9.8486,42.9219],[9.8432,42.9156],[9.8416,42.9115],[9.8468,42.899],[9.85,42.8858],[9.8541,42.8781],[9.8604,42.873],[9.8664,42.8635],[9.872,42.8573],[9.8855,42.8469],[9.8958,42.8412],[9.9071,42.8323],[9.9167,42.826],[9.9309,42.8094],[9.9363,42.801],[9.9399,42.7906],[9.9401,42.7865],[9.9376,42.774],[9.9395,42.7677],[9.9433,42.7635],[9.9542,42.7599],[9.9589,42.7552],[9.9584,42.751],[9.9527,42.7406],[9.9549,42.7198],[9.9655,42.6823],[9.975,42.6612],[9.9792,42.6493],[9.989,42.6156],[9.9922,42.6073],[9.9969,42.5906],[9.9971,42.5781],[10.0003,42.5677],[10.0032,42.5615],[10.0109,42.549],[10.0208,42.5378],[10.0281,42.5323],[10.0371,42.5219],[10.0499,42.4927],[10.0535,42.4719],[10.0561,42.449],[10.0556,42.4365],[10.0545,42.4281],[10.0458,42.4052],[10.0379,42.3885],[10.0321,42.374],[10.0224,42.3448],[10.0202,42.3406],[10.0199,42.3323],[10.0234,42.3198],[10.025,42.3052],[10.0323,42.299],[10.0385,42.2906],[10.0354,42.2825],[10.0298,42.2594],[10.0325,42.2448],[10.0354,42.24],[10.0396,42.2393],[10.0475,42.2427],[10.0495,42.2469],[10.0497,42.2552],[10.0513,42.2615],[10.051,42.2698],[10.0479,42.2826],[10.0447,42.2885],[10.0479,42.2944],[10.05,42.2945],[10.071,42.2802],[10.0763,42.2719],[10.0768,42.2656],[10.07,42.2552],[10.0667,42.2469],[10.0669,42.2427],[10.0697,42.2365],[10.0717,42.226],[10.0752,42.2135],[10.0747,42.2052],[10.0813,42.199],[10.0856,42.1927],[10.0889,42.1719],[10.089,42.1656],[10.0917,42.1578],[10.0958,42.1524],[10.1,42.1506],[10.1062,42.1534],[10.1146,42.1612],[10.1312,42.1669],[10.1437,42.1698],[10.1542,42.1679],[10.1583,42.1695],[10.1611,42.1781],[10.1687,42.1819],[10.1808,42.1927],[10.1896,42.2047],[10.1937,42.2058],[10.1977,42.201],[10.2021,42.1995],[10.2058,42.201],[10.2063,42.2053],[10.1986,42.2073],[10.1981,42.2094],[10.2038,42.2135],[10.2032,42.226],[10.2069,42.2427],[10.2057,42.2469],[10.2021,42.2488],[10.1875,42.2525],[10.1792,42.2584],[10.1737,42.2677],[10.173,42.2719],[10.1757,42.276],[10.1832,42.2823],[10.1917,42.2853],[10.1985,42.2906],[10.2042,42.302],[10.2188,42.3159],[10.2322,42.324],[10.2356,42.3323],[10.2333,42.3427],[10.2341,42.351],[10.2396,42.3576],[10.2625,42.3717],[10.275,42.3774],[10.2771,42.3797],[10.2805,42.3885],[10.2827,42.401],[10.2821,42.4073],[10.2763,42.424],[10.2753,42.4365],[10.2774,42.4427],[10.2842,42.4531],[10.3042,42.4783],[10.3125,42.485],[10.3208,42.4877],[10.3292,42.4797],[10.3333,42.4797],[10.3368,42.4823],[10.3375,42.4885],[10.3329,42.4948],[10.3354,42.499],[10.3417,42.5033],[10.3729,42.5219],[10.3812,42.5256],[10.3938,42.5285],[10.4083,42.5337],[10.4229,42.5372],[10.4354,42.5366],[10.4396,42.5374],[10.45,42.542],[10.4646,42.5424],[10.4875,42.544],[10.5,42.5457],[10.5104,42.5448],[10.525,42.5459],[10.5396,42.5461],[10.5646,42.5425],[10.5896,42.5351],[10.5958,42.5348],[10.6292,42.5369],[10.6438,42.5403],[10.6479,42.5433],[10.6583,42.5572],[10.6625,42.5575],[10.6729,42.5484],[10.6813,42.5435],[10.6896,42.5347],[10.7093,42.5094],[10.7146,42.499],[10.7223,42.4885],[10.7312,42.4745],[10.7365,42.4677],[10.7396,42.4614],[10.7594,42.4323],[10.7625,42.4239],[10.7669,42.4156],[10.7693,42.4073],[10.7646,42.4032],[10.7636,42.3927],[10.7617,42.3885],[10.7553,42.3802],[10.7567,42.3698],[10.7556,42.3615],[10.7507,42.3469],[10.7518,42.3385],[10.7614,42.3281],[10.7711,42.3115],[10.7801,42.3031],[10.8016,42.2927],[10.8102,42.2865],[10.8163,42.276],[10.8237,42.276],[10.8292,42.2818],[10.8333,42.2834],[10.8396,42.2795],[10.8583,42.2579],[10.8625,42.2553],[10.8708,42.2544],[10.8833,42.2504],[10.8982,42.2427],[10.9125,42.2374],[10.9221,42.2302],[10.9333,42.2259],[10.9402,42.2219],[10.9441,42.2135],[10.9427,42.2073],[10.9373,42.199],[10.9359,42.1948],[10.9369,42.1865],[10.9396,42.1819],[10.9459,42.176],[10.9583,42.1681],[10.9688,42.1644],[10.9792,42.1594],[10.9974,42.1469],[11.0125,42.1395],[11.0324,42.1281],[11.0417,42.1242],[11.0521,42.1212],[11.0672,42.1156],[11.0813,42.1129],[11.1042,42.1071],[11.1271,42.1049],[11.1458,42.1073],[11.1563,42.1094],[11.175,42.1143],[11.1979,42.1148],[11.2292,42.1233],[11.2438,42.1262],[11.2604,42.128],[11.2833,42.1328],[11.3063,42.135],[11.3313,42.1352],[11.3479,42.1336],[11.3645,42.1302],[11.375,42.1272],[11.3875,42.1226],[11.3958,42.1186],[11.4229,42.1012],[11.4625,42.0834],[11.4771,42.0754],[11.4896,42.0712],[11.5083,42.0628],[11.525,42.0544],[11.5312,42.0531],[11.5699,42.0198],[11.5938,42.0007],[11.6104,41.99],[11.6271,41.9781],[11.6438,41.9687],[11.6528,41.9615],[11.6587,41.949],[11.6627,41.9448],[11.6729,41.9398],[11.6804,41.9323],[11.6917,41.923],[11.7,41.9199],[11.7125,41.9196],[11.7188,41.9176],[11.7329,41.9031],[11.7438,41.8942],[11.754,41.8823],[11.7667,41.8757],[11.7833,41.871],[11.7917,41.8672],[11.8,41.8613],[11.8104,41.8576],[11.8293,41.8469],[11.8667,41.8335],[11.875,41.8295],[11.888,41.8219],[11.8958,41.819],[11.9062,41.8174],[11.9146,41.8133],[11.9271,41.8031],[11.9409,41.7948],[11.9563,41.7838],[11.9646,41.7812],[11.9768,41.774],[11.9875,41.7664],[11.9928,41.7594],[12.0072,41.7448],[12.0208,41.7324],[12.0271,41.7279],[12.0396,41.7148],[12.0604,41.6912],[12.0774,41.6698],[12.0818,41.6615]]]}},{"type":"Feature","properties":{"depth":-200},"geometry":{"type":"MultiLineString","coordinates":[[[10.2854,42.2923],[10.2917,42.2913],[10.3063,42.291],[10.3208,42.294],[10.3292,42.298],[10.3438,42.3075],[10.3474,42.3115],[10.3507,42.3198],[10.3516,42.3365],[10.3457,42.3552],[10.3417,42.3616],[10.3229,42.3706],[10.3125,42.3737],[10.2854,42.3756],[10.2792,42.3747],[10.2708,42.3626],[10.2589,42.3469],[10.2573,42.3385],[10.2581,42.3281],[10.2601,42.3198],[10.2638,42.3115],[10.2689,42.3031],[10.2771,42.2958],[10.2854,42.2923]]]}},{"type":"Feature","properties":{"depth":-200},"geometry":{"type":"MultiLineString","coordinates":[[[10.7833,42.4194],[10.775,42.4237],[10.7665,42.4302],[10.7631,42.4344],[10.7606,42.4406],[10.7524,42.451],[10.7494,42.4573],[10.7412,42.4698],[10.7391,42.4802],[10.7354,42.4907],[10.718,42.5156],[10.7157,42.524],[10.712,42.5323],[10.7107,42.5406],[10.712,42.5427],[10.7292,42.5422],[10.7417,42.536],[10.7479,42.5302],[10.7646,42.5201],[10.7688,42.5168],[10.7828,42.501],[10.7936,42.4802],[10.7982,42.4469],[10.7953,42.4302],[10.7917,42.421],[10.7833,42.4194]]]}},{"type":"Feature","properties":{"depth":-100},"geometry":{"type":"MultiLineString","coordinates":[[[9.4512,41.6615],[9.4452,41.6781],[9.4449,41.6885],[9.4375,41.7102],[9.4333,41.7186],[9.4271,41.7246],[9.4235,41.7302],[9.4236,41.7385],[9.4276,41.7448],[9.4286,41.751],[9.4273,41.7615],[9.4274,41.774],[9.4319,41.7885],[9.4398,41.8031],[9.443,41.8135],[9.4458,41.8167],[9.4543,41.8219],[9.4596,41.8281],[9.465,41.8406],[9.4688,41.8455],[9.4788,41.8531],[9.5016,41.8844],[9.5122,41.901],[9.5128,41.9094],[9.5056,41.9177],[9.5061,41.924],[9.5146,41.9303],[9.525,41.9314],[9.5327,41.9344],[9.5381,41.9385],[9.5424,41.9448],[9.5521,41.9628],[9.5611,41.9781],[9.5708,41.996],[9.5846,42.0177],[9.5958,42.0395],[9.6051,42.0552],[9.6122,42.0719],[9.6134,42.0823],[9.6118,42.0927],[9.6178,42.101],[9.6189,42.1198],[9.6214,42.1323],[9.6198,42.1448],[9.6248,42.1552],[9.6259,42.1635],[9.6232,42.1865],[9.6232,42.199],[9.6215,42.2073],[9.6206,42.224],[9.6218,42.2385],[9.6243,42.251],[9.6262,42.2677],[9.6292,42.2729],[9.6354,42.2739],[9.637,42.276],[9.6309,42.2927],[9.6244,42.3052],[9.6208,42.3177],[9.6154,42.3302],[9.612,42.3427],[9.611,42.3615],[9.614,42.3781],[9.6226,42.4135],[9.6267,42.426],[9.6293,42.4448],[9.6282,42.4552],[9.6326,42.476],[9.6325,42.4844],[9.6298,42.4927],[9.6255,42.499],[9.6241,42.5052],[9.6355,42.5177],[9.637,42.5219],[9.637,42.5302],[9.6396,42.5377],[9.6461,42.5448],[9.649,42.5552],[9.6381,42.5677],[9.639,42.5719],[9.648,42.5781],[9.65,42.5823],[9.6501,42.5885],[9.6458,42.5905],[9.6292,42.5934],[9.6225,42.5969],[9.6146,42.6031],[9.5979,42.606],[9.5933,42.6094],[9.5899,42.6156],[9.5783,42.6219],[9.5563,42.6311],[9.5396,42.6409],[9.5326,42.6469],[9.5271,42.6593],[9.5238,42.6635],[9.5188,42.6664],[9.5133,42.6719],[9.5083,42.6828],[9.4931,42.7031],[9.4916,42.7073],[9.4931,42.7177],[9.4916,42.7281],[9.4918,42.7344],[9.4904,42.7469],[9.4944,42.7573],[9.5042,42.7702],[9.5125,42.7802],[9.5226,42.7906],[9.5283,42.799],[9.5305,42.8094],[9.5258,42.824],[9.5257,42.8344],[9.5158,42.8594],[9.5187,42.8698],[9.5281,42.8844],[9.5326,42.8969],[9.5364,42.9156],[9.5376,42.9323],[9.5437,42.9517],[9.5481,42.9594],[9.5506,42.9719],[9.5501,42.9823],[9.5473,42.9927],[9.55,43.0108],[9.5541,43.0219],[9.5604,43.0322],[9.5792,43.0503],[9.5898,43.0594],[9.592,43.0677],[9.5893,43.0719],[9.5729,43.0782],[9.5625,43.0796],[9.5583,43.083],[9.5525,43.0948],[9.5458,43.1018],[9.5354,43.1081],[9.5208,43.1091],[9.5171,43.1115],[9.5156,43.1156],[9.5188,43.12],[9.5229,43.1191],[9.5292,43.1145],[9.5305,43.1177],[9.5277,43.124],[9.5281,43.1302],[9.525,43.133],[9.5216,43.1323],[9.5167,43.1259],[9.5104,43.1242],[9.4979,43.1231],[9.4854,43.1238],[9.4729,43.122],[9.4417,43.1199],[9.4343,43.1177],[9.4295,43.1135],[9.4229,43.1044],[9.412,43.099],[9.412,43.0927],[9.417,43.0823],[9.4172,43.0781],[9.4136,43.0698],[9.4104,43.0664],[9.4,43.0625],[9.3875,43.061],[9.383,43.0594],[9.375,43.0533],[9.3708,43.0533],[9.3479,43.0648],[9.3417,43.0614],[9.3354,43.061],[9.3193,43.0552],[9.3125,43.051],[9.3096,43.0469],[9.3098,43.0427],[9.3132,43.0365],[9.3165,43.026],[9.3161,43.0219],[9.3125,43.0135],[9.3114,43.0031],[9.3083,42.9994],[9.2917,43.0041],[9.2792,43.0102],[9.2667,43.0094],[9.2499,43.001],[9.2441,42.9969],[9.2434,42.9927],[9.2477,42.9906],[9.2646,42.9854],[9.2744,42.9781],[9.2854,42.9728],[9.2937,42.967],[9.3042,42.9644],[9.3104,42.9613],[9.315,42.9531],[9.3246,42.9469],[9.3265,42.9406],[9.3258,42.9344],[9.3276,42.9281],[9.3271,42.924],[9.3187,42.9166],[9.3104,42.9138],[9.3021,42.9147],[9.2917,42.9186],[9.2833,42.9187],[9.2768,42.9156],[9.2749,42.9115],[9.2792,42.9085],[9.2917,42.907],[9.2968,42.9031],[9.2987,42.8948],[9.2981,42.8906],[9.2946,42.8844],[9.2953,42.8802],[9.3,42.876],[9.3083,42.8728],[9.3126,42.8698],[9.3134,42.8656],[9.3084,42.8615],[9.2944,42.8531],[9.2909,42.849],[9.2901,42.8448],[9.291,42.8365],[9.2941,42.826],[9.3037,42.8115],[9.3104,42.8056],[9.3187,42.8031],[9.3237,42.7969],[9.3187,42.7897],[9.3075,42.7823],[9.3078,42.7781],[9.3124,42.7719],[9.3144,42.7635],[9.3199,42.7552],[9.3219,42.7469],[9.3208,42.7427],[9.3167,42.7402],[9.3104,42.7399],[9.3049,42.7365],[9.3003,42.7302],[9.2958,42.7266],[9.2875,42.7256],[9.2825,42.7281],[9.2771,42.7357],[9.2625,42.7371],[9.2572,42.7448],[9.2582,42.751],[9.2521,42.7537],[9.2396,42.7515],[9.2312,42.7521],[9.2188,42.756],[9.2083,42.7551],[9.2042,42.7559],[9.1991,42.7615],[9.2007,42.7656],[9.2082,42.7719],[9.2097,42.776],[9.1979,42.7884],[9.1902,42.7927],[9.1792,42.7974],[9.1681,42.801],[9.1603,42.801],[9.1535,42.7906],[9.1417,42.7821],[9.1354,42.7804],[9.1271,42.7803],[9.1188,42.7788],[9.0958,42.7697],[9.0875,42.7644],[9.0708,42.7552],[9.0521,42.7488],[9.0396,42.743],[9.016,42.726],[9.0169,42.7198],[9.0293,42.7115],[9.0315,42.7073],[9.0281,42.7031],[9.0167,42.7019],[9.0002,42.699],[8.9996,42.6969],[9.0021,42.674],[9.0012,42.6698],[8.9958,42.6673],[8.9854,42.6682],[8.9798,42.6719],[8.9708,42.6846],[8.9651,42.6906],[8.9625,42.7045],[8.9604,42.706],[8.9479,42.7068],[8.9396,42.7055],[8.9229,42.7047],[8.9062,42.7011],[8.8917,42.695],[8.8792,42.6848],[8.8667,42.6823],[8.8583,42.6839],[8.8469,42.6802],[8.8438,42.6749],[8.8335,42.6698],[8.8307,42.6656],[8.8229,42.6603],[8.8181,42.6552],[8.813,42.6469],[8.8028,42.6385],[8.7917,42.6338],[8.7728,42.624],[8.7604,42.6213],[8.7513,42.6156],[8.7505,42.6115],[8.7542,42.6013],[8.7579,42.5948],[8.755,42.5906],[8.7479,42.5881],[8.7396,42.5906],[8.7292,42.5985],[8.7188,42.598],[8.7083,42.5935],[8.6958,42.5937],[8.6921,42.5885],[8.6928,42.5823],[8.6889,42.574],[8.6854,42.5573],[8.6816,42.5469],[8.6771,42.542],[8.6729,42.5406],[8.6604,42.5394],[8.65,42.5443],[8.6417,42.5444],[8.6378,42.5427],[8.6312,42.5369],[8.6221,42.5323],[8.6182,42.526],[8.6189,42.5198],[8.6175,42.5156],[8.6103,42.5073],[8.6116,42.5031],[8.6175,42.5031],[8.6208,42.5075],[8.6333,42.5153],[8.6375,42.5157],[8.6418,42.5115],[8.6423,42.5073],[8.6402,42.501],[8.6354,42.4961],[8.6297,42.4865],[8.6312,42.4833],[8.6358,42.4823],[8.6374,42.4781],[8.6329,42.4656],[8.6333,42.4609],[8.6359,42.4573],[8.6348,42.4531],[8.6296,42.4469],[8.6208,42.4412],[8.6167,42.4405],[8.6042,42.4445],[8.5844,42.4385],[8.5813,42.429],[8.5792,42.4264],[8.5674,42.4198],[8.5656,42.4156],[8.5682,42.4115],[8.5695,42.4052],[8.5669,42.401],[8.5573,42.3948],[8.5525,42.3885],[8.5417,42.3884],[8.527,42.3802],[8.5224,42.376],[8.5189,42.3677],[8.5223,42.3635],[8.5374,42.3573],[8.5401,42.3552],[8.5401,42.3344],[8.5449,42.324],[8.55,42.3205],[8.5583,42.3256],[8.5682,42.3302],[8.5833,42.3425],[8.5875,42.3439],[8.5958,42.3422],[8.6043,42.3365],[8.6057,42.3323],[8.5921,42.3177],[8.5915,42.3156],[8.5983,42.3094],[8.6017,42.3031],[8.6146,42.2993],[8.6209,42.2948],[8.6438,42.2864],[8.6542,42.2873],[8.6651,42.2802],[8.6741,42.276],[8.6761,42.2698],[8.6729,42.2672],[8.6646,42.2656],[8.6562,42.2656],[8.6416,42.2615],[8.6354,42.258],[8.6271,42.2551],[8.6229,42.2557],[8.6167,42.2635],[8.6062,42.2609],[8.5957,42.2615],[8.5896,42.2583],[8.5826,42.2573],[8.5801,42.2531],[8.5667,42.2461],[8.5521,42.2441],[8.5417,42.2437],[8.5311,42.2385],[8.529,42.2344],[8.5344,42.2156],[8.5343,42.2073],[8.5327,42.1969],[8.5369,42.1906],[8.5334,42.1844],[8.5337,42.1802],[8.539,42.1698],[8.5396,42.1635],[8.5465,42.1573],[8.5468,42.1531],[8.5396,42.1469],[8.5392,42.1427],[8.5443,42.1323],[8.5427,42.1219],[8.5458,42.1177],[8.5529,42.1177],[8.5604,42.1201],[8.5729,42.1196],[8.5792,42.1203],[8.5938,42.1192],[8.6006,42.1177],[8.6038,42.1135],[8.6009,42.1094],[8.592,42.101],[8.5931,42.0948],[8.6,42.0904],[8.6083,42.0887],[8.6167,42.0916],[8.6312,42.0892],[8.6333,42.0874],[8.6395,42.076],[8.6438,42.0737],[8.6562,42.0775],[8.6729,42.0806],[8.6771,42.0788],[8.6833,42.0685],[8.6854,42.067],[8.6937,42.0665],[8.7042,42.0695],[8.7119,42.0656],[8.7139,42.0615],[8.7204,42.0573],[8.7231,42.0531],[8.7216,42.051],[8.7122,42.0469],[8.7063,42.0408],[8.6958,42.0429],[8.6896,42.0426],[8.6829,42.0385],[8.6799,42.0344],[8.675,42.0312],[8.6646,42.0294],[8.6562,42.0295],[8.6496,42.0281],[8.6417,42.0227],[8.6375,42.0214],[8.6271,42.0213],[8.6163,42.0156],[8.6132,42.0115],[8.6256,42.0052],[8.6271,42.0001],[8.6375,41.9989],[8.6408,41.9969],[8.6424,41.9927],[8.6387,41.9844],[8.6292,41.9791],[8.6208,41.9787],[8.6083,41.9816],[8.583,41.9802],[8.5729,41.9752],[8.5597,41.9719],[8.552,41.9656],[8.5464,41.9573],[8.5455,41.9531],[8.5479,41.951],[8.5583,41.9497],[8.5708,41.951],[8.5783,41.949],[8.5806,41.9448],[8.5801,41.9385],[8.5768,41.9302],[8.5793,41.9198],[8.5779,41.9156],[8.5671,41.9094],[8.5676,41.9052],[8.5736,41.901],[8.5756,41.8969],[8.5646,41.8897],[8.5458,41.8862],[8.5312,41.8751],[8.5215,41.8698],[8.5192,41.8656],[8.5271,41.8628],[8.5327,41.8594],[8.5362,41.8552],[8.5404,41.8469],[8.539,41.8427],[8.5331,41.8365],[8.5341,41.8344],[8.5417,41.8326],[8.5521,41.8361],[8.5584,41.8406],[8.5687,41.8502],[8.575,41.8589],[8.5792,41.8609],[8.5896,41.8612],[8.5979,41.8589],[8.6021,41.8553],[8.6104,41.8552],[8.6167,41.8594],[8.6192,41.8635],[8.611,41.874],[8.6119,41.8781],[8.6176,41.8823],[8.6229,41.888],[8.6271,41.8887],[8.6375,41.8856],[8.641,41.8885],[8.6452,41.8969],[8.6521,41.9],[8.6562,41.9003],[8.6646,41.8928],[8.6708,41.8928],[8.6813,41.899],[8.6937,41.9011],[8.7167,41.8994],[8.7333,41.9083],[8.7396,41.9076],[8.7452,41.9115],[8.75,41.9175],[8.7542,41.9182],[8.7646,41.9144],[8.775,41.9146],[8.7792,41.9115],[8.7815,41.9052],[8.7805,41.901],[8.7735,41.8927],[8.7667,41.8872],[8.7578,41.8781],[8.7572,41.874],[8.7669,41.8656],[8.7662,41.8594],[8.7583,41.8557],[8.7521,41.8551],[8.7456,41.849],[8.7386,41.8448],[8.7351,41.8406],[8.7387,41.8365],[8.7458,41.834],[8.7505,41.8302],[8.751,41.826],[8.7482,41.8219],[8.7375,41.8213],[8.7332,41.8198],[8.7282,41.8135],[8.725,41.8118],[8.7146,41.8154],[8.7083,41.8158],[8.7021,41.8104],[8.6958,41.8072],[8.6914,41.8031],[8.6895,41.799],[8.6905,41.7906],[8.692,41.7885],[8.7013,41.7844],[8.7026,41.7781],[8.7,41.7754],[8.6852,41.7719],[8.6822,41.7698],[8.6792,41.7631],[8.6771,41.7621],[8.6438,41.7585],[8.6373,41.7552],[8.6311,41.7469],[8.6277,41.7198],[8.6311,41.7156],[8.6479,41.715],[8.6583,41.7129],[8.6625,41.7141],[8.6729,41.7256],[8.6792,41.728],[8.6854,41.7275],[8.6896,41.7255],[8.6958,41.715],[8.7021,41.7107],[8.7208,41.7129],[8.7271,41.7154],[8.7333,41.7207],[8.7438,41.7243],[8.75,41.7234],[8.7625,41.7259],[8.7637,41.7198],[8.7577,41.7073],[8.7576,41.701],[8.7708,41.6994],[8.7771,41.6921],[8.7937,41.6921],[8.8003,41.6948],[8.805,41.701],[8.8125,41.7051],[8.8208,41.7036],[8.8249,41.701],[8.8292,41.6888],[8.8375,41.688],[8.8438,41.6894],[8.85,41.6887],[8.8625,41.6894],[8.8726,41.6844],[8.8724,41.6802],[8.8667,41.6778],[8.8605,41.6719],[8.8639,41.6615]]]}},{"type":"Feature","properties":{"depth":-100},"geometry":{"type":"MultiLineString","coordinates":[[[7.35,43.6734],[7.35,43.6734],[7.3594,43.6823],[7.357,43.6927],[7.3579,43.699],[7.3667,43.7026],[7.3833,43.7035],[7.3896,43.7013],[7.3958,43.6966],[7.4,43.6971],[7.4087,43.7052],[7.4229,43.7122],[7.427,43.7198],[7.4313,43.7246],[7.4521,43.7281],[7.4583,43.7276],[7.4646,43.7294],[7.4708,43.7333],[7.4833,43.7357],[7.4979,43.74],[7.5062,43.7413],[7.5271,43.7399],[7.55,43.7411],[7.5646,43.7385],[7.5689,43.7385],[7.5875,43.7453],[7.6,43.7477],[7.6024,43.751],[7.6026,43.7615],[7.6061,43.7656],[7.6167,43.7709],[7.6333,43.7734],[7.6417,43.7728],[7.6483,43.7698],[7.6542,43.7649],[7.6646,43.7705],[7.6708,43.7701],[7.6771,43.7666],[7.6815,43.7719],[7.6896,43.7776],[7.7,43.7773],[7.7167,43.7702],[7.725,43.7657],[7.7354,43.7661],[7.75,43.7636],[7.7696,43.7635],[7.7893,43.7677],[7.8029,43.774],[7.8187,43.7876],[7.8292,43.7898],[7.8446,43.7885],[7.849,43.7906],[7.8491,43.7969],[7.8573,43.8094],[7.8625,43.8126],[7.8729,43.8138],[7.8771,43.8175],[7.8854,43.8202],[7.8896,43.8198],[7.8941,43.8156],[7.8945,43.8052],[7.8958,43.801],[7.902,43.7969],[7.906,43.7906],[7.9146,43.7872],[7.9188,43.7879],[7.9301,43.7927],[7.9437,43.801],[7.9523,43.8073],[7.9574,43.8177],[7.9646,43.8251],[7.9813,43.8297],[8.0042,43.834],[8.0218,43.8323],[8.0314,43.8302],[8.0428,43.826],[8.0563,43.8263],[8.079,43.8323],[8.0893,43.8385],[8.0954,43.8448],[8.0987,43.8531],[8.1062,43.861],[8.1167,43.864],[8.1229,43.8682],[8.1333,43.8697],[8.1438,43.8686],[8.1562,43.8825],[8.1667,43.8885],[8.1683,43.8948],[8.1669,43.9031],[8.1677,43.9073],[8.1719,43.9156],[8.1771,43.9207],[8.1854,43.9249],[8.1917,43.9257],[8.1964,43.9198],[8.2051,43.9198],[8.2089,43.9219],[8.2136,43.9302],[8.2135,43.9344],[8.2048,43.9469],[8.1996,43.9594],[8.1896,43.9677],[8.1887,43.9719],[8.1917,43.976],[8.2069,43.9802],[8.225,43.9901],[8.2354,43.9986],[8.2396,44.0033],[8.2569,44.0302],[8.2584,44.0365],[8.2572,44.049],[8.2591,44.0573],[8.2625,44.063],[8.2688,44.0677],[8.2737,44.076],[8.2874,44.0906],[8.296,44.099],[8.2969,44.1052],[8.3026,44.124],[8.3106,44.1385],[8.3187,44.1459],[8.3271,44.1483],[8.3354,44.1449],[8.3399,44.1448],[8.343,44.1531],[8.3479,44.1571],[8.3562,44.1599],[8.3625,44.1604],[8.3792,44.1573],[8.3875,44.1541],[8.3938,44.1533],[8.3979,44.1555],[8.4042,44.1634],[8.415,44.1656],[8.4271,44.174],[8.4264,44.1823],[8.4274,44.1865],[8.4313,44.19],[8.4398,44.1948],[8.4318,44.2052],[8.4314,44.2094],[8.4388,44.224],[8.4458,44.2272],[8.4563,44.2269],[8.4622,44.2302],[8.4668,44.2427],[8.4701,44.249],[8.4674,44.2635],[8.4684,44.2698],[8.4771,44.2771],[8.5089,44.2823],[8.5167,44.2889],[8.5313,44.299],[8.5417,44.3038],[8.5521,44.3064],[8.5646,44.3132],[8.5779,44.3156],[8.5917,44.3222],[8.6108,44.326],[8.6229,44.3309],[8.6312,44.3359],[8.6375,44.3382],[8.658,44.3406],[8.6667,44.3434],[8.6913,44.35]],[[8.9683,44.35],[8.9706,44.349],[8.9729,44.3449],[8.9771,44.3427],[8.9896,44.3418],[8.9946,44.3365],[9.0,44.3339],[9.0062,44.333],[9.025,44.3359],[9.0375,44.3351],[9.0563,44.3306],[9.0708,44.3252],[9.1083,44.3139],[9.1417,44.3019],[9.1708,44.2951],[9.1792,44.2939],[9.2042,44.2931],[9.2259,44.2885],[9.2333,44.2847],[9.2479,44.2805],[9.2625,44.278],[9.2667,44.2763],[9.2743,44.2677],[9.2771,44.2625],[9.2833,44.2592],[9.2875,44.2605],[9.2917,44.2644],[9.3021,44.2609],[9.3104,44.2566],[9.3187,44.255],[9.3271,44.2512],[9.3604,44.238],[9.3792,44.2312],[9.3875,44.229],[9.4083,44.218],[9.4354,44.2073],[9.4458,44.204],[9.4563,44.1982],[9.4688,44.194],[9.4917,44.1818],[9.5042,44.173],[9.5125,44.1684],[9.5229,44.1656],[9.5333,44.1555],[9.5603,44.1385],[9.5687,44.1349],[9.5813,44.126],[9.5959,44.1177],[9.6104,44.1107],[9.6167,44.1064],[9.6264,44.0969],[9.6396,44.0937],[9.6562,44.0881],[9.6625,44.0832],[9.6729,44.0717],[9.6798,44.0656],[9.6912,44.049],[9.697,44.0385],[9.7017,44.0323],[9.7062,44.0177],[9.7083,44.0059],[9.7104,44.0012],[9.7146,43.9987],[9.7292,43.9962],[9.7369,43.9906],[9.7411,43.9844],[9.7583,43.969],[9.7637,43.9615],[9.7637,43.9531],[9.7584,43.9469],[9.7581,43.9427],[9.7688,43.9382],[9.7829,43.926],[9.8016,43.9073],[9.8051,43.9031],[9.8125,43.8893],[9.8167,43.8902],[9.8271,43.8954],[9.8313,43.8947],[9.8436,43.8802],[9.8451,43.8719],[9.8427,43.8552],[9.8458,43.8533],[9.8562,43.8541],[9.8635,43.8531],[9.8688,43.8504],[9.8877,43.8344],[9.8914,43.8281],[9.9052,43.8135],[9.9104,43.8064],[9.925,43.7891],[9.9331,43.7781],[9.9487,43.7615],[9.9514,43.7573],[9.9529,43.751],[9.9561,43.7448],[9.9604,43.7399],[9.9657,43.7365],[9.9734,43.7281],[9.9812,43.7158],[9.9878,43.7031],[10.0021,43.6801],[10.0091,43.6677],[10.0125,43.6594],[10.0145,43.651],[10.0194,43.6198],[10.0218,43.6156],[10.0329,43.6052],[10.0331,43.599],[10.0293,43.5948],[10.0105,43.5865],[10.0042,43.5823],[9.998,43.576],[9.9961,43.5719],[9.9941,43.5552],[9.9951,43.5469],[10.0,43.5316],[10.0094,43.5219],[10.0229,43.5124],[10.0309,43.5031],[10.0329,43.4885],[10.0375,43.4759],[10.0417,43.4713],[10.0579,43.4594],[10.0667,43.4515],[10.075,43.4483],[10.0875,43.4486],[10.0979,43.4455],[10.1083,43.4438],[10.1229,43.445],[10.1354,43.4481],[10.1562,43.4473],[10.1646,43.4406],[10.1706,43.4344],[10.1906,43.4156],[10.1956,43.4094],[10.2103,43.3948],[10.2167,43.3894],[10.2252,43.3781],[10.2356,43.3615],[10.2401,43.351],[10.25,43.3458],[10.2583,43.34],[10.2632,43.3469],[10.2708,43.3482],[10.2757,43.3448],[10.2844,43.3344],[10.2866,43.326],[10.2854,43.3228],[10.2792,43.3241],[10.2708,43.3234],[10.2681,43.3219],[10.2646,43.3146],[10.2569,43.3115],[10.2451,43.3052],[10.2414,43.2969],[10.2394,43.2885],[10.2381,43.2781],[10.2485,43.2594],[10.2562,43.249],[10.2708,43.2445],[10.2875,43.2427],[10.3017,43.2365],[10.3063,43.2323],[10.3146,43.2221],[10.3258,43.2115],[10.3292,43.2094],[10.3354,43.2019],[10.3433,43.1823],[10.3469,43.176],[10.3537,43.1573],[10.3598,43.1469],[10.3634,43.1365],[10.3691,43.124],[10.3687,43.1156],[10.3744,43.1031],[10.3749,43.0969],[10.3776,43.0865],[10.3749,43.0781],[10.3761,43.074],[10.3807,43.0698],[10.3798,43.0594],[10.3762,43.0531],[10.3803,43.0448],[10.376,43.0344],[10.3795,43.024],[10.378,43.0177],[10.371,43.0031],[10.3732,42.9927],[10.3696,42.9865],[10.3717,42.9802],[10.3709,42.976],[10.3644,42.9656],[10.3654,42.9594],[10.3621,42.951],[10.3613,42.9406],[10.3552,42.9302],[10.35,42.9135],[10.3468,42.9115],[10.3396,42.9106],[10.3369,42.9073],[10.3375,42.9031],[10.3422,42.8969],[10.3429,42.8906],[10.3396,42.8797],[10.3354,42.8732],[10.3142,42.8594],[10.3063,42.8573],[10.2979,42.8574],[10.2896,42.8512],[10.2771,42.8477],[10.2688,42.8464],[10.2542,42.8491],[10.2479,42.8468],[10.2417,42.8358],[10.2354,42.83],[10.2271,42.8267],[10.2225,42.8281],[10.2167,42.8367],[10.2125,42.8385],[10.2,42.8359],[10.1875,42.83],[10.1758,42.826],[10.1687,42.825],[10.1542,42.8275],[10.1438,42.8273],[10.1354,42.8295],[10.1292,42.829],[10.1125,42.8211],[10.1029,42.8219],[10.0982,42.8281],[10.0964,42.8406],[10.0911,42.851],[10.0889,42.8615],[10.0854,42.868],[10.0809,42.8823],[10.0729,42.8906],[10.0665,42.899],[10.0647,42.9031],[10.0642,42.9115],[10.0664,42.9177],[10.0648,42.924],[10.0542,42.9318],[10.0479,42.9376],[10.0396,42.9427],[10.0309,42.9552],[10.0303,42.9656],[10.0324,42.976],[10.0323,42.9823],[10.0345,42.9927],[10.0311,43.001],[10.0203,43.0115],[10.0146,43.0155],[10.0083,43.0162],[10.0013,43.0219],[9.9979,43.0261],[9.9875,43.0289],[9.9833,43.0265],[9.9692,43.0094],[9.9673,43.0052],[9.9675,42.999],[9.9641,42.9885],[9.9669,42.9615],[9.9735,42.9427],[9.9812,42.925],[9.9827,42.9198],[9.9815,42.9135],[9.9771,42.9081],[9.9729,42.9075],[9.9646,42.9088],[9.9563,42.907],[9.9417,42.8978],[9.9313,42.8899],[9.9231,42.8823],[9.9182,42.874],[9.9131,42.8677],[9.9103,42.8573],[9.9071,42.851],[9.9081,42.8427],[9.9164,42.8344],[9.9271,42.8272],[9.9375,42.8142],[9.95,42.8051],[9.9561,42.7969],[9.9575,42.7906],[9.9619,42.7823],[9.9644,42.7677],[9.9736,42.7573],[9.9718,42.7469],[9.9721,42.7427],[9.981,42.7344],[9.9787,42.726],[9.9792,42.7073],[9.9812,42.7022],[9.9896,42.697],[9.9938,42.6963],[10.0083,42.6964],[10.0125,42.6947],[10.015,42.6885],[10.016,42.6781],[10.0146,42.6741],[10.0062,42.6735],[10.0007,42.6677],[10.0011,42.6635],[10.0107,42.649],[10.0074,42.6198],[10.0143,42.6094],[10.0156,42.599],[10.0098,42.5802],[10.0062,42.5747],[10.0083,42.5638],[10.0188,42.5508],[10.0271,42.5449],[10.0437,42.5355],[10.0491,42.5302],[10.0625,42.52],[10.0687,42.5198],[10.0744,42.5135],[10.0755,42.5031],[10.0797,42.4948],[10.0855,42.4865],[10.0871,42.4781],[10.0865,42.4698],[10.0804,42.4552],[10.0851,42.449],[10.0851,42.4406],[10.0771,42.4242],[10.0752,42.4177],[10.0667,42.4031],[10.0551,42.3885],[10.0458,42.3788],[10.0312,42.3446],[10.0286,42.3344],[10.0294,42.3281],[10.0333,42.3246],[10.0375,42.3237],[10.0458,42.3249],[10.0542,42.3289],[10.0625,42.3291],[10.0792,42.3196],[10.0854,42.3186],[10.0938,42.3213],[10.1042,42.3221],[10.1188,42.3186],[10.1312,42.3199],[10.1438,42.3176],[10.1625,42.3163],[10.1667,42.315],[10.1743,42.3094],[10.1803,42.3094],[10.1792,42.3154],[10.1708,42.3225],[10.1682,42.326],[10.1665,42.3344],[10.1671,42.3448],[10.1635,42.3552],[10.1528,42.3698],[10.1477,42.3781],[10.1453,42.3865],[10.1488,42.3948],[10.1577,42.4052],[10.1621,42.4135],[10.1596,42.4219],[10.1514,42.4302],[10.149,42.4385],[10.1506,42.449],[10.1498,42.4552],[10.1472,42.4615],[10.1475,42.4656],[10.1564,42.474],[10.1571,42.4823],[10.1544,42.4927],[10.1551,42.5073],[10.1527,42.5156],[10.148,42.526],[10.1426,42.5469],[10.1447,42.5552],[10.1512,42.5656],[10.1562,42.5702],[10.1729,42.5819],[10.1833,42.5917],[10.201,42.6031],[10.2088,42.6115],[10.2229,42.6237],[10.2354,42.6316],[10.2438,42.6352],[10.2646,42.6466],[10.2729,42.65],[10.2833,42.6561],[10.3104,42.6676],[10.3187,42.6699],[10.3396,42.6772],[10.3562,42.6821],[10.3625,42.683],[10.3979,42.6923],[10.4062,42.6929],[10.4125,42.6953],[10.4313,42.6998],[10.4354,42.702],[10.4406,42.7073],[10.4479,42.7217],[10.45,42.7241],[10.4583,42.7237],[10.4667,42.7254],[10.475,42.7302],[10.4896,42.7369],[10.5188,42.7471],[10.55,42.7526],[10.575,42.7547],[10.5938,42.7543],[10.6062,42.7551],[10.6187,42.7531],[10.6312,42.7539],[10.6375,42.7534],[10.6708,42.7423],[10.6771,42.7414],[10.6896,42.7417],[10.6979,42.741],[10.7083,42.7358],[10.7229,42.7315],[10.7375,42.7301],[10.7417,42.7285],[10.7521,42.7204],[10.7646,42.7154],[10.7771,42.7129],[10.7896,42.7085],[10.8063,42.705],[10.8208,42.703],[10.825,42.6992],[10.8316,42.6906],[10.8428,42.6823],[10.849,42.674],[10.8519,42.6719],[10.8625,42.6687],[10.8771,42.6603],[10.8938,42.6458],[10.9067,42.6365],[10.9133,42.6281],[10.9247,42.6156],[10.9385,42.5948],[10.9362,42.5906],[10.9297,42.5844],[10.9187,42.5768],[10.9117,42.574],[10.908,42.5698],[10.9068,42.5635],[10.9021,42.5653],[10.8997,42.5698],[10.8887,42.5802],[10.8792,42.5847],[10.8736,42.5823],[10.8743,42.5781],[10.8792,42.5714],[10.8869,42.5677],[10.8929,42.5594],[10.8948,42.5531],[10.9,42.547],[10.9075,42.549],[10.9104,42.5597],[10.9187,42.5613],[10.9375,42.5677],[10.9437,42.5669],[10.9583,42.5613],[10.9718,42.551],[10.9789,42.5427],[10.9875,42.5389],[10.9917,42.5348],[11.0013,42.5177],[11.0066,42.5115],[11.0063,42.4948],[11.0086,42.4865],[11.0136,42.4802],[11.0214,42.4635],[11.022,42.4594],[11.021,42.4406],[11.0217,42.4344],[11.0312,42.4192],[11.0394,42.4094],[11.0453,42.3948],[11.05,42.3909],[11.0617,42.3844],[11.0644,42.3802],[11.0651,42.3656],[11.0662,42.3615],[11.0716,42.3552],[11.076,42.3385],[11.0813,42.3317],[11.0854,42.3302],[11.0918,42.3323],[11.0976,42.3385],[11.1021,42.3383],[11.1148,42.3302],[11.1104,42.3267],[11.1,42.3287],[11.0958,42.3277],[11.0927,42.3219],[11.096,42.3156],[11.1083,42.3099],[11.1139,42.3052],[11.1155,42.2948],[11.111,42.2802],[11.1086,42.276],[11.0999,42.2656],[11.0938,42.2644],[11.0896,42.2619],[11.0866,42.2573],[11.0851,42.251],[11.0895,42.2427],[11.0906,42.2365],[11.0865,42.226],[11.0896,42.2238],[11.0958,42.2242],[11.1042,42.23],[11.1125,42.2316],[11.1196,42.2365],[11.1227,42.2448],[11.1283,42.251],[11.1297,42.2552],[11.1299,42.2635],[11.1361,42.2719],[11.1357,42.276],[11.1286,42.2844],[11.1281,42.2906],[11.1298,42.2948],[11.1375,42.3031],[11.1417,42.3119],[11.1458,42.3133],[11.1535,42.3115],[11.1604,42.3064],[11.1708,42.3018],[11.1833,42.2992],[11.1958,42.2983],[11.2125,42.2988],[11.2438,42.2978],[11.2688,42.2953],[11.2937,42.2917],[11.3271,42.2826],[11.3479,42.2812],[11.3708,42.2745],[11.375,42.2721],[11.3812,42.2655],[11.3854,42.2633],[11.3938,42.2615],[11.4125,42.2533],[11.4417,42.2374],[11.4521,42.2306],[11.4604,42.2234],[11.4812,42.2125],[11.4979,42.2017],[11.5042,42.1996],[11.5156,42.1927],[11.5193,42.1885],[11.5283,42.174],[11.5354,42.1687],[11.5479,42.1647],[11.5667,42.1607],[11.5787,42.1531],[11.5938,42.1449],[11.6,42.1405],[11.6167,42.1234],[11.6312,42.1177],[11.6406,42.1115],[11.647,42.1031],[11.6646,42.0884],[11.6771,42.0758],[11.6958,42.0634],[11.7017,42.0573],[11.7179,42.0427],[11.7242,42.0385],[11.7434,42.024],[11.75,42.018],[11.7774,41.999],[11.7812,41.9954],[11.7888,41.9844],[11.7975,41.974],[11.825,41.9585],[11.8438,41.9464],[11.8645,41.9302],[11.8812,41.9157],[11.9,41.9072],[11.9167,41.8958],[11.9333,41.8892],[11.9375,41.8868],[11.9521,41.8738],[11.9646,41.8663],[11.9875,41.8577],[12.0083,41.8418],[12.0192,41.8344],[12.0248,41.8281],[12.0433,41.8094],[12.0563,41.8006],[12.0604,41.7968],[12.0659,41.7865],[12.0796,41.7677],[12.0917,41.7565],[12.1,41.7467]]]}},{"type":"Feature","properties":{"depth":-100},"geometry":{"type":"MultiLineString","coordinates":[[[10.2958,42.3029],[10.3042,42.3019],[10.3167,42.3027],[10.325,42.3061],[10.3368,42.3135],[10.3401,42.3177],[10.342,42.326],[10.3416,42.3344],[10.3381,42.3469],[10.3333,42.353],[10.3167,42.3615],[10.3042,42.3624],[10.2958,42.3615],[10.2875,42.3573],[10.2833,42.3529],[10.2765,42.3406],[10.2745,42.3281],[10.2781,42.3156],[10.2854,42.3065],[10.2958,42.3029]]]}},{"type":"Feature","properties":{"depth":-100},"geometry":{"type":"MultiLineString","coordinates":[[[10.9167,42.313],[10.9229,42.3137],[10.9339,42.326],[10.9371,42.3385],[10.9351,42.3469],[10.9354,42.3531],[10.934,42.3594],[10.9257,42.3719],[10.9208,42.3758],[10.9103,42.3865],[10.9062,42.3895],[10.8958,42.3903],[10.8875,42.393],[10.8771,42.3908],[10.8604,42.3782],[10.8492,42.3656],[10.8469,42.3615],[10.8447,42.349],[10.8458,42.3456],[10.8521,42.3434],[10.8604,42.3427],[10.875,42.3395],[10.8823,42.3302],[10.8917,42.3233],[10.8979,42.3208],[10.9083,42.3185],[10.9167,42.313]]]}},{"type":"Feature","properties":{"depth":-100},"geometry":{"type":"MultiLineString","coordinates":[[[10.1188,42.684],[10.1104,42.6862],[10.1021,42.6912],[10.0979,42.6962],[10.0917,42.7009],[10.0821,42.7135],[10.0729,42.7291],[10.0598,42.7448],[10.0589,42.749],[10.0617,42.7531],[10.0708,42.7593],[10.075,42.7608],[10.0813,42.7603],[10.084,42.7573],[10.0874,42.749],[10.0875,42.7344],[10.0906,42.7281],[10.1042,42.7187],[10.1087,42.7135],[10.1119,42.7073],[10.1269,42.6948],[10.1293,42.6906],[10.1292,42.6862],[10.125,42.6831],[10.1188,42.684]]]}},{"type":"Feature","properties":{"depth":-100},"geometry":{"type":"MultiLineString","coordinates":[[[9.8063,42.9944],[9.8229,42.9937],[9.8271,42.9953],[9.8353,43.0031],[9.8373,43.0094],[9.843,43.0177],[9.8535,43.026],[9.8583,43.0285],[9.8646,43.0294],[9.87,43.0344],[9.8833,43.0419],[9.8912,43.0448],[9.8925,43.0469],[9.8832,43.051],[9.8753,43.0573],[9.8729,43.0656],[9.88,43.076],[9.8767,43.0823],[9.8708,43.086],[9.8583,43.0893],[9.8521,43.0895],[9.8417,43.0929],[9.8354,43.0918],[9.825,43.0953],[9.8208,43.0929],[9.8146,43.0864],[9.8042,43.0809],[9.7898,43.0698],[9.7845,43.0635],[9.7796,43.0552],[9.7776,43.049],[9.7729,43.0407],[9.7688,43.0385],[9.7583,43.0365],[9.7548,43.0344],[9.7531,43.0302],[9.7562,43.0219],[9.76,43.0177],[9.7729,43.01],[9.7812,43.01],[9.7854,43.0082],[9.7958,42.9988],[9.8063,42.9944]]]}},{"type":"Feature","properties":{"depth":-50},"geometry":{"type":"MultiLineString","coordinates":[[[9.4068,41.6615],[9.4149,41.6802],[9.4162,41.6948],[9.4152,41.7073],[9.416,41.7177],[9.4144,41.726],[9.415,41.7344],[9.4181,41.7448],[9.4145,41.7552],[9.4142,41.7656],[9.4113,41.7781],[9.4117,41.7948],[9.4197,41.824],[9.4307,41.8469],[9.435,41.8531],[9.4421,41.8698],[9.4458,41.8769],[9.4609,41.8969],[9.479,41.9219],[9.4881,41.9365],[9.4988,41.949],[9.5229,41.9794],[9.5312,41.9911],[9.5393,42.001],[9.5655,42.0365],[9.5768,42.051],[9.5871,42.0656],[9.5979,42.076],[9.6021,42.0821],[9.6037,42.0906],[9.6021,42.0949],[9.5967,42.101],[9.5938,42.1081],[9.5903,42.1198],[9.5895,42.126],[9.5881,42.151],[9.5882,42.1656],[9.5898,42.1865],[9.5925,42.2052],[9.5945,42.2281],[9.5972,42.2531],[9.5971,42.2719],[9.5944,42.2948],[9.5908,42.3052],[9.5798,42.326],[9.5762,42.3385],[9.5753,42.349],[9.5766,42.3698],[9.5805,42.3844],[9.5854,42.3969],[9.591,42.4156],[9.5963,42.4448],[9.5962,42.451],[9.5926,42.4802],[9.5929,42.4885],[9.5948,42.501],[9.5984,42.5094],[9.6125,42.5316],[9.6167,42.5413],[9.6188,42.5552],[9.6158,42.5677],[9.6092,42.5823],[9.5998,42.5927],[9.5882,42.601],[9.5768,42.6073],[9.5375,42.6225],[9.5229,42.6292],[9.4995,42.6427],[9.4896,42.6489],[9.4815,42.6552],[9.4688,42.6684],[9.4645,42.676],[9.4614,42.6927],[9.4625,42.701],[9.4616,42.7115],[9.4625,42.7177],[9.4688,42.7325],[9.4734,42.7406],[9.4736,42.7469],[9.4802,42.7615],[9.488,42.7719],[9.493,42.7844],[9.5,42.793],[9.5107,42.801],[9.5124,42.8094],[9.5065,42.826],[9.5058,42.8385],[9.4984,42.8552],[9.497,42.8635],[9.4984,42.8698],[9.5068,42.8844],[9.5077,42.8927],[9.5038,42.9115],[9.501,42.9219],[9.4987,42.9385],[9.4983,42.949],[9.4988,42.9656],[9.5004,42.9719],[9.5044,42.9781],[9.5091,42.9906],[9.509,42.9948],[9.5033,43.0031],[9.4875,43.0124],[9.475,43.0157],[9.4646,43.0161],[9.4583,43.0181],[9.4437,43.017],[9.4271,43.0216],[9.4187,43.0276],[9.4104,43.035],[9.4,43.0391],[9.3938,43.0378],[9.3854,43.0296],[9.3708,43.0216],[9.3583,43.0245],[9.3479,43.0246],[9.3428,43.0323],[9.3375,43.0339],[9.3352,43.0323],[9.3316,43.0198],[9.3322,43.0115],[9.325,43.0053],[9.323,43.001],[9.3235,42.9885],[9.3221,42.9844],[9.3167,42.9802],[9.3209,42.9677],[9.3212,42.9615],[9.3271,42.9552],[9.3363,42.949],[9.3388,42.9406],[9.3378,42.9302],[9.3385,42.924],[9.3371,42.9198],[9.3329,42.9156],[9.3171,42.9073],[9.3125,42.9029],[9.3088,42.8948],[9.308,42.8844],[9.3146,42.8792],[9.3233,42.8698],[9.3241,42.8656],[9.319,42.8573],[9.3081,42.851],[9.3043,42.8448],[9.3015,42.8344],[9.3017,42.8302],[9.3115,42.8198],[9.314,42.8094],[9.3229,42.8057],[9.3287,42.801],[9.3309,42.7969],[9.3309,42.7885],[9.3291,42.7823],[9.3293,42.7719],[9.3255,42.7635],[9.3267,42.7573],[9.3302,42.751],[9.3312,42.7448],[9.3271,42.7364],[9.3167,42.7315],[9.3063,42.7221],[9.2917,42.7139],[9.2792,42.7105],[9.2708,42.7127],[9.2642,42.7219],[9.2535,42.7302],[9.25,42.7362],[9.2438,42.7415],[9.2333,42.7421],[9.2146,42.7492],[9.2042,42.7505],[9.1958,42.7496],[9.1833,42.75],[9.1695,42.7552],[9.1521,42.7698],[9.1479,42.7714],[9.125,42.7682],[9.1117,42.7615],[9.1042,42.7543],[9.0958,42.7505],[9.0896,42.749],[9.0854,42.7453],[9.0813,42.7385],[9.0718,42.7344],[9.0625,42.7281],[9.0598,42.724],[9.0584,42.7177],[9.05,42.7066],[9.0456,42.699],[9.0407,42.6844],[9.0354,42.6738],[9.0275,42.6677],[9.0208,42.6654],[9.0044,42.6573],[8.9979,42.6556],[8.9833,42.6536],[8.9646,42.653],[8.9563,42.6509],[8.9479,42.6517],[8.9333,42.6515],[8.925,42.6499],[8.9083,42.6483],[8.8979,42.6437],[8.8896,42.645],[8.8854,42.6488],[8.8812,42.6494],[8.8688,42.6474],[8.8651,42.6448],[8.8646,42.6344],[8.8604,42.6293],[8.8562,42.6275],[8.8458,42.6329],[8.8313,42.6343],[8.8292,42.633],[8.8279,42.6198],[8.8229,42.6157],[8.8083,42.6137],[8.7917,42.6105],[8.7844,42.6052],[8.7885,42.599],[8.7888,42.5948],[8.7809,42.5906],[8.7742,42.5802],[8.7708,42.5783],[8.75,42.575],[8.7417,42.5763],[8.7333,42.5823],[8.7271,42.5887],[8.7229,42.5893],[8.7125,42.5814],[8.7063,42.5798],[8.7014,42.576],[8.701,42.5719],[8.7037,42.5615],[8.7077,42.5573],[8.7091,42.551],[8.7085,42.5406],[8.7042,42.5325],[8.7,42.5307],[8.6937,42.5313],[8.6875,42.5251],[8.6813,42.5225],[8.6708,42.5216],[8.6625,42.5227],[8.6583,42.525],[8.652,42.524],[8.6522,42.5219],[8.658,42.5177],[8.6553,42.501],[8.6557,42.4927],[8.648,42.4823],[8.645,42.474],[8.6447,42.4698],[8.6479,42.4656],[8.6543,42.4635],[8.6562,42.4594],[8.6525,42.451],[8.6432,42.4448],[8.6412,42.4406],[8.6427,42.4302],[8.6375,42.4259],[8.6104,42.4267],[8.6042,42.4314],[8.6,42.4301],[8.5936,42.4198],[8.5923,42.4135],[8.5954,42.4031],[8.5938,42.3969],[8.5875,42.3916],[8.5813,42.3909],[8.575,42.3876],[8.5667,42.3794],[8.5583,42.3764],[8.5521,42.3777]]]}},{"type":"Feature","properties":{"depth":-50},"geometry":{"type":"MultiLineString","coordinates":[[[8.7456,41.9179],[8.7521,41.922],[8.7646,41.9171],[8.775,41.919],[8.7827,41.9135],[8.7851,41.9094],[8.7879,41.8969],[8.7861,41.8927],[8.7747,41.8865],[8.7695,41.8781],[8.769,41.874],[8.7743,41.8635],[8.7744,41.8594],[8.7708,41.8564],[8.7604,41.8525],[8.7538,41.851],[8.7437,41.8427],[8.7435,41.8385],[8.7578,41.8344],[8.7601,41.8302],[8.7581,41.8219],[8.7521,41.8179],[8.7417,41.8179],[8.7356,41.8156],[8.7323,41.8094],[8.7292,41.8079],[8.7208,41.8079],[8.7146,41.81],[8.7104,41.809],[8.7065,41.8052],[8.6989,41.801],[8.6984,41.7927],[8.7098,41.7865],[8.7121,41.7802],[8.7102,41.7719],[8.7042,41.7677],[8.6917,41.7694],[8.6873,41.7656],[8.6864,41.7594],[8.6833,41.7574],[8.6708,41.7578],[8.6604,41.7572],[8.6478,41.7552],[8.6436,41.7531],[8.6408,41.7469],[8.6428,41.7344],[8.6464,41.7281],[8.6542,41.7227],[8.6583,41.7215],[8.6625,41.7234],[8.6687,41.7308],[8.6729,41.7328],[8.6896,41.7314],[8.6937,41.7284],[8.7,41.7174],[8.7042,41.7164],[8.7104,41.7178],[8.7229,41.7178],[8.7312,41.7232],[8.7417,41.7277],[8.7538,41.7281],[8.7625,41.7309],[8.7667,41.7308],[8.7702,41.7281],[8.7698,41.724],[8.7647,41.7135],[8.7667,41.7064],[8.7754,41.7031],[8.777,41.6969],[8.7812,41.6945],[8.7875,41.6957],[8.7937,41.6946],[8.7988,41.6969],[8.8021,41.7038],[8.8063,41.7065],[8.8146,41.7079],[8.825,41.7051],[8.8288,41.701],[8.8333,41.6925],[8.8438,41.6927],[8.85,41.6914],[8.8646,41.693],[8.8771,41.6894],[8.8839,41.6823],[8.8804,41.6781],[8.8706,41.674],[8.8673,41.6698],[8.8677,41.6615]]]}},{"type":"Feature","properties":{"depth":-50},"geometry":{"type":"MultiLineString","coordinates":[[[8.7208,42.0615],[8.7301,42.0573],[8.7317,42.0552],[8.7292,42.0491],[8.7162,42.0448],[8.7141,42.0427],[8.7128,42.0365],[8.7083,42.0337],[8.7021,42.0344],[8.6958,42.0405],[8.6877,42.0385],[8.6833,42.0323],[8.675,42.0279],[8.6687,42.0274],[8.654,42.024],[8.6479,42.0188],[8.6386,42.0156],[8.639,42.0052],[8.6438,42.0008],[8.6496,41.9927],[8.651,41.9885],[8.6496,41.9844],[8.6446,41.9802],[8.6333,41.9765],[8.6229,41.9757],[8.6083,41.9786],[8.5906,41.976],[8.5833,41.9724],[8.5682,41.9677],[8.5648,41.9635],[8.5643,41.9594],[8.5667,41.9566],[8.5813,41.9539],[8.5857,41.9469],[8.5854,41.9361],[8.5959,41.9281],[8.597,41.924],[8.595,41.9177],[8.5888,41.9115],[8.5864,41.9073],[8.5874,41.901],[8.5902,41.8948],[8.5875,41.8909],[8.577,41.8865],[8.5708,41.8795],[8.5667,41.8784],[8.5583,41.8806],[8.5521,41.8802],[8.5481,41.8781],[8.5465,41.874],[8.5504,41.8698],[8.5478,41.8656],[8.5477,41.8615],[8.5583,41.849],[8.5667,41.8535],[8.5729,41.861],[8.5771,41.8633],[8.5875,41.8645],[8.6,41.863],[8.6083,41.8604],[8.6126,41.8615],[8.6114,41.8677],[8.6072,41.8719],[8.6059,41.876],[8.6085,41.8802],[8.6146,41.8844],[8.6229,41.893],[8.6333,41.8909],[8.6354,41.8916],[8.6417,41.9002],[8.6542,41.9038],[8.6604,41.9017],[8.6646,41.8966],[8.6729,41.8967],[8.6813,41.9021],[8.6937,41.904],[8.7167,41.9023],[8.7188,41.9028],[8.7311,41.9115]]]}},{"type":"Feature","properties":{"depth":-50},"geometry":{"type":"MultiLineString","coordinates":[[[11.1121,42.2381],[11.1161,42.2427],[11.1156,42.2469],[11.1222,42.2531],[11.1216,42.2594],[11.1146,42.2641],[11.1108,42.2632]]]}},{"type":"Feature","properties":{"depth":-50},"geometry":{"type":"MultiLineString","coordinates":[[[8.6185,42.255],[8.6146,42.2581],[8.6,42.2574],[8.5958,42.2555],[8.5875,42.2479],[8.5771,42.2469],[8.5687,42.2434],[8.5521,42.2409],[8.5429,42.2406],[8.537,42.2365],[8.5424,42.224],[8.5447,42.2219],[8.5568,42.2177],[8.5592,42.2135],[8.5542,42.201],[8.555,42.199],[8.5632,42.1948],[8.5637,42.1885],[8.5593,42.1823],[8.5499,42.1781],[8.5499,42.1656],[8.5608,42.1615],[8.5611,42.1573],[8.5509,42.149],[8.5483,42.1448],[8.5512,42.1406],[8.5604,42.1366],[8.5667,42.138],[8.5716,42.1344],[8.5704,42.126],[8.5724,42.124],[8.6021,42.1224],[8.6108,42.1198],[8.612,42.1115],[8.6146,42.1082],[8.6229,42.1073],[8.6301,42.1031],[8.6339,42.099],[8.6429,42.0948],[8.6415,42.0865],[8.6438,42.0799],[8.6479,42.0804],[8.6562,42.0881],[8.6667,42.0916],[8.675,42.0922],[8.6813,42.0905],[8.6847,42.0865],[8.6832,42.0781],[8.6853,42.074],[8.6896,42.071],[8.6937,42.0705],[8.7,42.0736],[8.7042,42.0739],[8.7125,42.071],[8.7168,42.0637]]]}},{"type":"Feature","properties":{"depth":-50},"geometry":{"type":"MultiLineString","coordinates":[[[11.0965,42.258],[11.0938,42.2576],[11.0915,42.2531],[11.0979,42.2385],[11.1027,42.2379]]]}},{"type":"Feature","properties":{"depth":-50},"geometry":{"type":"MultiLineString","coordinates":[[[8.61,42.3069],[8.6167,42.3043],[8.6267,42.2969],[8.6396,42.294],[8.6458,42.2917],[8.6542,42.2918],[8.6625,42.2875],[8.6689,42.2823],[8.6771,42.2795],[8.6808,42.276],[8.6817,42.2719],[8.6798,42.2677],[8.6729,42.2638],[8.6562,42.2624],[8.6443,42.2589]]]}},{"type":"Feature","properties":{"depth":-50},"geometry":{"type":"MultiLineString","coordinates":[[[8.5869,42.3484],[8.5938,42.3474],[8.6021,42.3442],[8.609,42.3385],[8.6115,42.3302],[8.6088,42.326],[8.6021,42.3223],[8.5976,42.3156],[8.6021,42.3112]]]}},{"type":"Feature","properties":{"depth":-50},"geometry":{"type":"MultiLineString","coordinates":[[[11.1902,42.3621],[11.1979,42.3623],[11.2188,42.3661],[11.2292,42.367],[11.2396,42.3664],[11.2542,42.3674],[11.2708,42.3649],[11.2979,42.358],[11.325,42.3542],[11.3417,42.3497],[11.3646,42.3428],[11.3854,42.3373],[11.4,42.3326],[11.4333,42.318],[11.4563,42.3073],[11.4688,42.3003],[11.4896,42.2897],[11.4979,42.2862],[11.5083,42.2785],[11.5167,42.2743],[11.5354,42.2623],[11.5458,42.2574],[11.5604,42.2488],[11.5771,42.241],[11.5854,42.2364],[11.6021,42.2257],[11.6188,42.2161],[11.6354,42.2055],[11.6494,42.1948],[11.6604,42.1818],[11.6729,42.1715],[11.6786,42.1656],[11.6937,42.1542],[11.7016,42.1448],[11.7208,42.1259],[11.7278,42.1198],[11.734,42.1094],[11.7376,42.0969],[11.7449,42.0823],[11.748,42.0781],[11.7708,42.0578],[11.7776,42.049],[11.7888,42.0365],[11.8007,42.0281],[11.8146,42.02],[11.8271,42.0118],[11.8389,42.0094],[11.8428,42.0073],[11.8439,42.001],[11.8487,41.9948],[11.8667,41.9841],[11.8743,41.9781],[11.8821,41.974],[11.8917,41.9676],[11.9042,41.9557],[11.9208,41.9448],[11.9353,41.9323],[11.9453,41.926],[11.9583,41.9162],[11.9708,41.9098],[11.9833,41.9061],[11.9917,41.9024],[12.0144,41.8906],[12.0333,41.8795],[12.0417,41.8763],[12.05,41.8719],[12.0667,41.8594],[12.0703,41.8552],[12.0801,41.8406],[12.0902,41.8281],[12.0938,41.822],[12.1,41.8083]]]}},{"type":"Feature","properties":{"depth":-50},"geometry":{"type":"MultiLineString","coordinates":[[[10.9201,42.3677],[10.9152,42.374],[10.9042,42.3849],[10.8977,42.3844]]]}},{"type":"Feature","properties":{"depth":-50},"geometry":{"type":"MultiLineString","coordinates":[[[8.5482,42.3802],[8.5458,42.3805],[8.5396,42.3757],[8.5322,42.3719],[8.535,42.3656],[8.5458,42.3648],[8.55,42.3621],[8.5508,42.3552],[8.5487,42.349],[8.5502,42.3406],[8.5496,42.3344],[8.5573,42.3313]]]}},{"type":"Feature","properties":{"depth":-50},"geometry":{"type":"MultiLineString","coordinates":[[[10.8835,42.3887],[10.8792,42.3872],[10.8729,42.3785],[10.8625,42.3719],[10.8601,42.3677],[10.8582,42.3594],[10.8603,42.3531],[10.8646,42.3499],[10.8792,42.3457],[10.8821,42.3427],[10.8847,42.3365],[10.8935,42.3281],[10.8979,42.3255],[10.903,42.3251]]]}},{"type":"Feature","properties":{"depth":-50},"geometry":{"type":"MultiLineString","coordinates":[[[11.0827,42.4171],[11.0846,42.4094],[11.0894,42.399],[11.0989,42.3844],[11.1027,42.3802],[11.1157,42.3719],[11.1333,42.3635],[11.1542,42.3564],[11.1604,42.3574],[11.1792,42.3582],[11.1858,42.3615]]]}},{"type":"Feature","properties":{"depth":-50},"geometry":{"type":"MultiLineString","coordinates":[[[10.4354,42.7231],[10.4367,42.7302],[10.4341,42.7385],[10.4271,42.7463],[10.4167,42.7552],[10.4162,42.7615],[10.4226,42.7656],[10.437,42.7719],[10.4389,42.776],[10.4382,42.7865],[10.4434,42.7969],[10.4448,42.8115],[10.4506,42.8177],[10.4542,42.8238],[10.4604,42.8287],[10.475,42.8344],[10.4958,42.8367],[10.5116,42.8427],[10.5192,42.8448],[10.5271,42.8452],[10.5375,42.847],[10.5458,42.8474],[10.5583,42.8524],[10.5792,42.8514],[10.5854,42.8532],[10.6,42.853],[10.6104,42.8492],[10.6135,42.8469],[10.6292,42.8308],[10.6375,42.8212],[10.6457,42.8156],[10.6542,42.8113],[10.6687,42.8061],[10.6813,42.8],[10.6896,42.7927],[10.6979,42.7902],[10.7042,42.7916],[10.7121,42.7823],[10.7188,42.779],[10.7375,42.7717],[10.7458,42.7675],[10.7625,42.7626],[10.7812,42.7552],[10.8,42.7503],[10.8138,42.7448],[10.8333,42.7381],[10.8521,42.7361],[10.8604,42.7334],[10.875,42.7251],[10.8896,42.7179],[10.9,42.7137],[10.9173,42.7052],[10.9292,42.6965],[10.9396,42.6826],[10.9483,42.6656],[10.9525,42.6594],[10.964,42.6448],[10.9746,42.6344],[10.9854,42.6259],[11.0,42.6167],[11.0249,42.6052],[11.0327,42.601],[11.0518,42.5885],[11.0647,42.576],[11.0749,42.5635],[11.0837,42.551],[11.0908,42.5427],[11.0977,42.5323],[11.106,42.5156],[11.1083,42.5073],[11.1103,42.4906],[11.1063,42.4552],[11.1002,42.4469],[11.0876,42.4323],[11.0826,42.4184]]]}},{"type":"Feature","properties":{"depth":-50},"geometry":{"type":"MultiLineString","coordinates":[[[9.8494,43.0454],[9.8498,43.049],[9.8439,43.0573],[9.8409,43.0656],[9.8348,43.0719],[9.8313,43.0784],[9.8271,43.0782],[9.8208,43.0746],[9.8042,43.0635],[9.7957,43.0552],[9.7925,43.049],[9.7904,43.0344],[9.7881,43.026],[9.7884,43.0219],[9.7979,43.0087],[9.8005,43.0068]]]}},{"type":"Feature","properties":{"depth":-50},"geometry":{"type":"MultiLineString","coordinates":[[[7.35,43.681],[7.3525,43.6844],[7.3522,43.6885],[7.35,43.691]],[[7.35,43.7035],[7.3521,43.7061],[7.3667,43.7127],[7.375,43.7135],[7.3875,43.7128],[7.3937,43.7114],[7.4,43.7062],[7.4021,43.7062],[7.4189,43.7156],[7.4258,43.7281]]]}},{"type":"Feature","properties":{"depth":-50},"geometry":{"type":"MultiLineString","coordinates":[[[7.4292,43.7303],[7.4333,43.7338],[7.4542,43.7437],[7.4771,43.7473],[7.483,43.7472]]]}},{"type":"Feature","properties":{"depth":-50},"geometry":{"type":"MultiLineString","coordinates":[[[7.4835,43.747],[7.4875,43.7464],[7.4917,43.7486],[7.4958,43.7558],[7.506,43.7615],[7.5229,43.7675],[7.5333,43.7697],[7.5458,43.7698],[7.5625,43.7672],[7.5854,43.7707],[7.6,43.7706],[7.6167,43.7745],[7.6354,43.7768],[7.6437,43.7754],[7.6542,43.77],[7.6625,43.7728],[7.675,43.7728],[7.6896,43.7816],[7.7083,43.7849],[7.7167,43.7849],[7.7292,43.7812],[7.7417,43.7811],[7.7563,43.7781],[7.7583,43.779],[7.7667,43.7891],[7.7729,43.7917],[7.7854,43.7946],[7.7957,43.801],[7.8042,43.8032],[7.8208,43.8026],[7.8354,43.8056],[7.8438,43.8089],[7.8583,43.818],[7.8771,43.8241],[7.8917,43.823],[7.8962,43.8198],[7.9021,43.8132],[7.9104,43.8097],[7.9152,43.8115],[7.9208,43.8196],[7.9409,43.8323],[7.9479,43.8341],[7.9583,43.8351],[7.9688,43.8372],[7.9779,43.8406],[7.9875,43.8463],[7.9958,43.8489],[8.0083,43.8493],[8.0167,43.8463],[8.0357,43.8469],[8.0473,43.849],[8.0497,43.8573],[8.059,43.8677],[8.0646,43.8702],[8.0875,43.8732],[8.1003,43.8823],[8.1062,43.8896],[8.1167,43.8918],[8.1229,43.8948],[8.1279,43.901],[8.1438,43.912],[8.1646,43.9303],[8.1792,43.9377],[8.1844,43.9448],[8.1868,43.9531],[8.1863,43.9573],[8.1817,43.9656],[8.179,43.976],[8.181,43.9844],[8.1963,43.999],[8.2063,44.0066],[8.2146,44.0098],[8.2271,44.0101],[8.2354,44.0142],[8.2501,44.0344],[8.2503,44.074],[8.2529,44.0823],[8.2604,44.0919],[8.2693,44.101],[8.2739,44.1115],[8.2792,44.1162],[8.2875,44.1269],[8.3042,44.1391],[8.3092,44.1469],[8.3187,44.152],[8.325,44.1534],[8.3375,44.1546],[8.3458,44.1609],[8.3562,44.1643],[8.3729,44.1648],[8.3875,44.1663],[8.4083,44.1724],[8.4125,44.1746],[8.4304,44.1948],[8.4305,44.199],[8.4258,44.2094],[8.4301,44.2198],[8.4375,44.2277],[8.4513,44.2323],[8.4567,44.2406],[8.4599,44.249],[8.462,44.2594],[8.4626,44.2719],[8.4646,44.2762],[8.4729,44.2818],[8.4854,44.286],[8.4938,44.2868],[8.4966,44.2885],[8.4981,44.2948],[8.5022,44.3031],[8.5059,44.3073],[8.5229,44.3156],[8.5458,44.325],[8.5564,44.3323],[8.5729,44.3396],[8.5854,44.3469],[8.5928,44.35]],[[9.1124,44.35],[9.1157,44.349],[9.1271,44.3431],[9.1438,44.3315],[9.1479,44.3223]]]}},{"type":"Feature","properties":{"depth":-50},"geometry":{"type":"MultiLineString","coordinates":[[[9.2187,44.301],[9.2191,44.3094],[9.2229,44.3122],[9.2438,44.3141],[9.2521,44.3119],[9.2667,44.3093],[9.2979,44.2971],[9.3146,44.2897],[9.3313,44.2839],[9.3479,44.2789],[9.365,44.2677],[9.3958,44.2515],[9.4042,44.2475],[9.4125,44.2465],[9.4229,44.2427],[9.4412,44.2344],[9.448,44.2302],[9.4563,44.2219],[9.4792,44.2175],[9.4854,44.215],[9.4917,44.2101],[9.5021,44.2036],[9.5208,44.1936],[9.5375,44.1875],[9.5479,44.1803],[9.5538,44.174],[9.5625,44.1677],[9.5854,44.1564],[9.5896,44.1533],[9.5979,44.1439],[9.6083,44.1378],[9.6167,44.1296],[9.6292,44.1205],[9.6417,44.117],[9.6542,44.119],[9.6583,44.1185],[9.6705,44.1135],[9.6777,44.101],[9.6875,44.0955],[9.6979,44.0872],[9.7104,44.0699],[9.725,44.0628],[9.7333,44.0574],[9.7482,44.0448],[9.7666,44.0302],[9.7812,44.014],[9.8103,43.9844],[9.8312,43.9656],[9.8458,43.9552],[9.8628,43.9406],[9.875,43.9322],[9.8986,43.9115],[9.9014,43.9073],[9.9065,43.8927],[9.9208,43.8869],[9.9364,43.874],[9.9403,43.8677],[9.9407,43.8635],[9.9387,43.8552],[9.9422,43.851],[9.9521,43.8439],[9.958,43.8385],[10.0022,43.7906],[10.025,43.7642],[10.0487,43.7302],[10.0512,43.7281],[10.0663,43.7219],[10.071,43.7156],[10.0863,43.6885],[10.0954,43.6698],[10.1037,43.649],[10.1108,43.6198],[10.11,43.6135],[10.1043,43.599],[10.1017,43.5948],[10.0905,43.5823],[10.084,43.5698],[10.0851,43.5615],[10.0896,43.5578],[10.1019,43.551],[10.1039,43.549],[10.1136,43.5281],[10.1177,43.5094],[10.122,43.5052],[10.1312,43.5018],[10.15,43.5005],[10.1625,43.497],[10.1708,43.4963],[10.1792,43.4978],[10.1896,43.495],[10.2021,43.4897],[10.2125,43.4915],[10.2292,43.4918],[10.2396,43.4929],[10.2509,43.4906],[10.275,43.4823],[10.3208,43.4635],[10.326,43.4594],[10.3379,43.4448],[10.3467,43.4323],[10.3542,43.4182],[10.3601,43.4052],[10.3647,43.3927],[10.3683,43.3781],[10.3683,43.3573],[10.3657,43.3531],[10.3583,43.35],[10.3438,43.35],[10.3375,43.349],[10.3167,43.3479],[10.3063,43.35],[10.2932,43.351],[10.2933,43.349],[10.2991,43.3406],[10.3004,43.3344],[10.3,43.326],[10.303,43.3156],[10.3045,43.301],[10.3063,43.2969],[10.3159,43.2802],[10.3208,43.2764],[10.3479,43.2688],[10.3729,43.2567],[10.386,43.249],[10.3917,43.244],[10.4125,43.2281],[10.4195,43.2198],[10.4229,43.2119],[10.4271,43.2081],[10.4375,43.1961],[10.4437,43.1876],[10.4564,43.1677],[10.4656,43.149],[10.4729,43.1253],[10.4795,43.1094],[10.4832,43.0948],[10.4833,43.0781],[10.4848,43.0719],[10.4853,43.0594],[10.4839,43.0531],[10.484,43.0448],[10.483,43.0323],[10.4806,43.0156],[10.4773,43.001],[10.474,42.9927],[10.471,42.9802],[10.4693,42.9531],[10.4699,42.9385],[10.4664,42.9156],[10.456,42.9031],[10.4535,42.8948],[10.4458,42.8857],[10.4375,42.8798],[10.4313,42.8781],[10.4187,42.8793],[10.4104,42.8865],[10.4062,42.8863],[10.4011,42.8802],[10.3982,42.8719],[10.3917,42.8604],[10.3772,42.8406],[10.3708,42.8344],[10.3583,42.8258],[10.35,42.8221],[10.3417,42.8207],[10.3343,42.824],[10.3292,42.8302],[10.3229,42.8306],[10.3125,42.8359],[10.3083,42.8368],[10.2979,42.8302],[10.2917,42.8289],[10.2625,42.8324],[10.259,42.8302],[10.258,42.824],[10.26,42.8177],[10.2584,42.8135],[10.2542,42.8089],[10.2416,42.8031],[10.2312,42.8004],[10.2271,42.8008],[10.2146,42.8049],[10.2083,42.8117],[10.2021,42.8151],[10.1979,42.8154],[10.1792,42.8125],[10.1604,42.8112],[10.1396,42.8121],[10.1312,42.8103],[10.1104,42.803],[10.1062,42.8006],[10.1005,42.7927],[10.099,42.7885],[10.098,42.776],[10.0983,42.7656],[10.1011,42.7573],[10.1051,42.751],[10.1066,42.7448],[10.1094,42.7406],[10.1188,42.7347],[10.1229,42.7293],[10.1271,42.7268],[10.1375,42.7244],[10.1438,42.7243],[10.1562,42.7219],[10.1625,42.7227],[10.1708,42.7264],[10.1854,42.7282],[10.1917,42.728],[10.2021,42.7254],[10.2125,42.7239],[10.2208,42.7216],[10.2354,42.7207],[10.2458,42.7226],[10.2562,42.7284],[10.2604,42.7294],[10.2771,42.7305],[10.2854,42.7293],[10.2945,42.7323],[10.3,42.7385],[10.3063,42.739],[10.3118,42.7323],[10.3167,42.7298],[10.325,42.7305],[10.3301,42.7344],[10.3354,42.7431],[10.3396,42.7443],[10.35,42.7409],[10.3526,42.7365],[10.3561,42.726],[10.3587,42.7135],[10.3625,42.711],[10.3688,42.712],[10.3812,42.7108],[10.3938,42.7081],[10.4042,42.7083],[10.4104,42.7067],[10.4201,42.706]]]}},{"type":"Feature","properties":{"depth":-50},"geometry":{"type":"MultiLineString","coordinates":[[[10.3042,42.3073],[10.3167,42.3077],[10.3213,42.3094],[10.3321,42.3156],[10.3359,42.3198],[10.3373,42.3281],[10.3362,42.3365],[10.3335,42.3448],[10.3292,42.3492],[10.3187,42.3552],[10.3146,42.3565],[10.3021,42.3568],[10.2958,42.3556],[10.2896,42.3511],[10.2867,42.3469],[10.2821,42.3365],[10.2816,42.326],[10.2833,42.3198],[10.2875,42.313],[10.2917,42.3101],[10.3042,42.3073]]]}},{"type":"Feature","properties":{"depth":-50},"geometry":{"type":"MultiLineString","coordinates":[[[10.1062,42.3341],[10.1146,42.3335],[10.125,42.3347],[10.1373,42.3406],[10.1409,42.3448],[10.1398,42.3469],[10.1264,42.3552],[10.1217,42.3615],[10.1185,42.3698],[10.1163,42.3823],[10.114,42.3885],[10.1107,42.4052],[10.1083,42.4087],[10.1021,42.41],[10.0938,42.4078],[10.0849,42.401],[10.076,42.3885],[10.0732,42.3823],[10.0708,42.3719],[10.0675,42.3656],[10.0625,42.3626],[10.0574,42.351],[10.0572,42.3469],[10.0625,42.3432],[10.0833,42.3413],[10.0938,42.3365],[10.1062,42.3341]]]}},{"type":"Feature","properties":{"depth":-50},"geometry":{"type":"MultiLineString","coordinates":[[[10.0938,42.5466],[10.1042,42.5458],[10.1083,42.5472],[10.1125,42.5518],[10.1167,42.5678],[10.1155,42.5844],[10.1086,42.5969],[10.1083,42.6094],[10.1067,42.6135],[10.0993,42.624],[10.0905,42.6427],[10.0854,42.6456],[10.0771,42.6438],[10.0717,42.6448],[10.0667,42.6547],[10.0646,42.6564],[10.0521,42.6583],[10.0458,42.6568],[10.0417,42.6537],[10.0361,42.6448],[10.035,42.6365],[10.0396,42.624],[10.0396,42.6115],[10.0378,42.6031],[10.0299,42.5906],[10.0281,42.5823],[10.0301,42.574],[10.0333,42.567],[10.0375,42.5613],[10.0417,42.559],[10.0542,42.5565],[10.0938,42.5466]]]}},{"type":"Feature","properties":{"depth":-20},"geometry":{"type":"MultiLineString","coordinates":[[[9.3966,41.6711],[9.3969,41.6781],[9.4006,41.6823],[9.407,41.6969],[9.4089,41.7115],[9.4083,41.7219],[9.4089,41.7344],[9.4102,41.7427],[9.4077,41.7504]]]}},{"type":"Feature","properties":{"depth":-20},"geometry":{"type":"MultiLineString","coordinates":[[[8.9029,41.6885],[8.9037,41.6823],[8.9,41.6796],[8.8938,41.6792],[8.8875,41.6758],[8.8773,41.6719],[8.8746,41.6698],[8.8723,41.6615]]]}},{"type":"Feature","properties":{"depth":-20},"geometry":{"type":"MultiLineString","coordinates":[[[8.7635,41.7374],[8.7729,41.7353],[8.7758,41.7323],[8.7758,41.726],[8.771,41.7177],[8.7698,41.7135],[8.7718,41.7105]]]}},{"type":"Feature","properties":{"depth":-20},"geometry":{"type":"MultiLineString","coordinates":[[[8.6666,41.7531],[8.6567,41.751],[8.6517,41.7448],[8.6513,41.7406],[8.6535,41.7365],[8.6604,41.7338],[8.6708,41.7404],[8.675,41.74],[8.6813,41.7368],[8.6917,41.7377],[8.6979,41.7344],[8.7005,41.726],[8.7042,41.7215],[8.7064,41.7218]]]}},{"type":"Feature","properties":{"depth":-20},"geometry":{"type":"MultiLineString","coordinates":[[[9.4058,41.7724],[9.4035,41.7781],[9.403,41.801],[9.4054,41.8094],[9.4065,41.818]]]}},{"type":"Feature","properties":{"depth":-20},"geometry":{"type":"MultiLineString","coordinates":[[[8.7132,41.7934],[8.7207,41.7865],[8.7224,41.7802],[8.7215,41.776],[8.7167,41.7698],[8.7083,41.7615],[8.7,41.7598],[8.6954,41.7552],[8.6896,41.7518],[8.6833,41.7512],[8.6733,41.7528]]]}},{"type":"Feature","properties":{"depth":-20},"geometry":{"type":"MultiLineString","coordinates":[[[8.7453,41.813],[8.7417,41.8119],[8.738,41.8052],[8.7333,41.8026],[8.7217,41.8023]]]}},{"type":"Feature","properties":{"depth":-20},"geometry":{"type":"MultiLineString","coordinates":[[[9.4068,41.8276],[9.4088,41.8406],[9.4086,41.849],[9.4129,41.8573],[9.4152,41.8677],[9.4149,41.8781],[9.4195,41.8885],[9.4279,41.901],[9.433,41.9073],[9.4347,41.9177],[9.4434,41.9406],[9.4491,41.951],[9.4599,41.9635],[9.4708,41.9743],[9.4789,41.9802],[9.4833,41.9848],[9.4904,41.9948],[9.4975,42.0031],[9.5032,42.0135],[9.5182,42.0344],[9.5261,42.0427],[9.529,42.049],[9.5375,42.0556],[9.5424,42.0656],[9.5521,42.075],[9.5637,42.0906],[9.5711,42.1073],[9.5717,42.1115],[9.5709,42.1344],[9.5694,42.1552],[9.5703,42.1802],[9.573,42.199],[9.5729,42.2051],[9.5703,42.2198],[9.5703,42.2365],[9.5751,42.2677],[9.5751,42.2844],[9.5686,42.301],[9.567,42.3073],[9.5583,42.3238],[9.5546,42.3323],[9.5512,42.3469],[9.5504,42.3635],[9.5489,42.3802],[9.5513,42.399],[9.5558,42.4135],[9.5587,42.4198],[9.5634,42.4344],[9.5643,42.4469],[9.5627,42.4594],[9.5603,42.4656],[9.5581,42.4823],[9.5543,42.4885],[9.5535,42.4927],[9.5547,42.5115],[9.5529,42.5219],[9.5537,42.5385],[9.5551,42.5469],[9.5528,42.5635],[9.5468,42.5781],[9.5431,42.5844],[9.5292,42.5991],[9.5239,42.6031],[9.5132,42.6094],[9.4992,42.6198],[9.4771,42.64],[9.4667,42.65],[9.4596,42.6594],[9.4534,42.6781],[9.4516,42.6902]]]}},{"type":"Feature","properties":{"depth":-20},"geometry":{"type":"MultiLineString","coordinates":[[[8.7603,41.8405],[8.771,41.8323],[8.7719,41.8281],[8.7668,41.8219],[8.7658,41.8177],[8.7625,41.8148],[8.75,41.8122],[8.7464,41.8129]]]}},{"type":"Feature","properties":{"depth":-20},"geometry":{"type":"MultiLineString","coordinates":[[[8.7417,41.9221],[8.7458,41.9295],[8.75,41.9303],[8.7625,41.9213]]]}},{"type":"Feature","properties":{"depth":-20},"geometry":{"type":"MultiLineString","coordinates":[[[8.7667,41.9225],[8.7708,41.9251],[8.775,41.925],[8.7854,41.9173],[8.7911,41.9094],[8.7973,41.8969],[8.7972,41.8927],[8.7937,41.89],[8.7812,41.8858],[8.7773,41.8823],[8.7758,41.876],[8.7823,41.8615],[8.7822,41.8573],[8.7792,41.8529],[8.7688,41.8512],[8.7606,41.8487]]]}},{"type":"Feature","properties":{"depth":-20},"geometry":{"type":"MultiLineString","coordinates":[[[8.6202,41.9719],[8.6129,41.974],[8.6083,41.9737],[8.5901,41.9656],[8.5882,41.9615],[8.5967,41.9448],[8.603,41.9365],[8.6112,41.9302],[8.6116,41.926],[8.6019,41.9094],[8.6032,41.899],[8.6014,41.8927],[8.5977,41.8885],[8.5896,41.8829],[8.5833,41.8801],[8.5797,41.876],[8.5777,41.8698],[8.5875,41.8699],[8.5958,41.8686],[8.5993,41.8698],[8.5989,41.876],[8.6013,41.8802],[8.6125,41.8898],[8.6162,41.8948],[8.6229,41.8984],[8.6312,41.8993],[8.6422,41.9073]]]}},{"type":"Feature","properties":{"depth":-20},"geometry":{"type":"MultiLineString","coordinates":[[[8.664,41.9906],[8.6628,41.9823],[8.6562,41.9771],[8.6354,41.9723],[8.6263,41.9719]]]}},{"type":"Feature","properties":{"depth":-20},"geometry":{"type":"MultiLineString","coordinates":[[[8.7049,42.0281],[8.6943,42.0323],[8.6771,42.0226],[8.6646,42.0215],[8.6573,42.0156],[8.6524,42.0073],[8.654,42.0009]]]}},{"type":"Feature","properties":{"depth":-20},"geometry":{"type":"MultiLineString","coordinates":[[[8.7407,42.0594],[8.7389,42.049],[8.7354,42.0448],[8.7287,42.0432]]]}},{"type":"Feature","properties":{"depth":-20},"geometry":{"type":"MultiLineString","coordinates":[[[11.7613,42.1085],[11.7637,42.1031],[11.775,42.0909],[11.7875,42.0856],[11.7943,42.0781],[11.8017,42.0656],[11.8063,42.055],[11.8125,42.0491],[11.8147,42.0448],[11.8172,42.0344],[11.8229,42.0293],[11.8292,42.021],[11.8354,42.0181],[11.8521,42.0207],[11.8771,42.029],[11.8812,42.0283],[11.9089,42.0198],[11.915,42.0156],[11.9216,42.0052],[11.9313,41.9947],[11.9458,41.9862],[11.9514,41.976],[11.9583,41.9689],[11.9745,41.9615],[11.9875,41.9533],[12.0042,41.9459],[12.0083,41.9426],[12.0178,41.926],[12.025,41.9193],[12.0375,41.9144],[12.0458,41.9124],[12.0687,41.9111],[12.0771,41.9052],[12.0849,41.8969],[12.1,41.8844]]]}},{"type":"Feature","properties":{"depth":-20},"geometry":{"type":"MultiLineString","coordinates":[[[8.5975,42.1298],[8.6062,42.1294],[8.618,42.124],[8.6229,42.1178],[8.6396,42.1135],[8.6424,42.1115],[8.6458,42.1052],[8.65,42.1024],[8.654,42.0948],[8.6604,42.0966],[8.6708,42.1013],[8.6827,42.1031],[8.6854,42.1056],[8.6917,42.105],[8.6958,42.1012],[8.6998,42.0927],[8.6994,42.0885],[8.6958,42.0834],[8.6911,42.0802],[8.6935,42.0781],[8.6979,42.0819],[8.7042,42.082],[8.7083,42.0801],[8.7179,42.0719],[8.7204,42.0656]]]}},{"type":"Feature","properties":{"depth":-20},"geometry":{"type":"MultiLineString","coordinates":[[[8.5741,42.1501],[8.5792,42.1484],[8.5839,42.1427],[8.5842,42.1353]]]}},{"type":"Feature","properties":{"depth":-20},"geometry":{"type":"MultiLineString","coordinates":[[[10.3169,42.3117],[10.3215,42.3135],[10.3313,42.3198],[10.3337,42.3281],[10.3313,42.3406],[10.3283,42.3448],[10.3183,42.351],[10.3125,42.3526],[10.3,42.3524],[10.2958,42.351],[10.2916,42.3469],[10.2875,42.3378],[10.2859,42.3302],[10.2873,42.3219],[10.2917,42.3152],[10.3042,42.3115],[10.3165,42.3117]]]}},{"type":"Feature","properties":{"depth":-20},"geometry":{"type":"MultiLineString","coordinates":[[[11.1896,42.3717],[11.2104,42.3802],[11.2151,42.3844],[11.2169,42.3885],[11.2229,42.3939],[11.2396,42.4013],[11.2542,42.4016],[11.2688,42.3979],[11.2854,42.3947],[11.2979,42.3912],[11.3008,42.3885],[11.2998,42.3823],[11.3032,42.3781],[11.3104,42.3749],[11.3208,42.3763],[11.3313,42.3851],[11.3438,42.3883],[11.3479,42.3886],[11.3583,42.3857],[11.3646,42.3851],[11.375,42.3819],[11.3812,42.3809],[11.3979,42.3755],[11.4125,42.3729],[11.4271,42.3677],[11.4333,42.3618],[11.4458,42.355],[11.467,42.3469],[11.4875,42.3402],[11.5,42.3351],[11.5375,42.3182],[11.5625,42.3098],[11.5658,42.3073],[11.5683,42.301],[11.5729,42.2985],[11.5979,42.2911],[11.6208,42.2773],[11.6256,42.2719],[11.6339,42.2656],[11.6422,42.2573],[11.6465,42.249],[11.6604,42.241],[11.6694,42.2302],[11.6792,42.2204],[11.6896,42.2073],[11.6946,42.1969],[11.7056,42.1823],[11.7125,42.1711],[11.7184,42.1656],[11.7222,42.151],[11.7298,42.1406],[11.749,42.124],[11.7523,42.1177],[11.7583,42.1126]]]}},{"type":"Feature","properties":{"depth":-20},"geometry":{"type":"MultiLineString","coordinates":[[[10.8793,42.3822],[10.8797,42.374],[10.875,42.371],[10.8708,42.3717],[10.8647,42.3677],[10.8634,42.3594],[10.8667,42.3535]]]}},{"type":"Feature","properties":{"depth":-20},"geometry":{"type":"MultiLineString","coordinates":[[[8.6519,42.4387],[8.6538,42.4302],[8.6525,42.426],[8.6479,42.4221],[8.6402,42.4192]]]}},{"type":"Feature","properties":{"depth":-20},"geometry":{"type":"MultiLineString","coordinates":[[[8.6702,42.474],[8.6716,42.4698],[8.6698,42.4615],[8.6669,42.4575]]]}},{"type":"Feature","properties":{"depth":-20},"geometry":{"type":"MultiLineString","coordinates":[[[10.0938,42.5689],[10.1042,42.5695],[10.1065,42.574],[10.1042,42.5853]]]}},{"type":"Feature","properties":{"depth":-20},"geometry":{"type":"MultiLineString","coordinates":[[[10.1031,42.5875],[10.0989,42.601],[10.0982,42.6115],[10.096,42.6177],[10.0854,42.6289],[10.0813,42.6317],[10.0718,42.6302],[10.0671,42.626],[10.0673,42.6115],[10.0646,42.6043],[10.0542,42.6001],[10.0479,42.5957],[10.0438,42.5885],[10.0375,42.5848],[10.0359,42.5802],[10.0375,42.5765],[10.0479,42.5703],[10.0563,42.5695],[10.0646,42.5653],[10.075,42.5654],[10.0853,42.5679]]]}},{"type":"Feature","properties":{"depth":-20},"geometry":{"type":"MultiLineString","coordinates":[[[8.8006,42.599],[8.8024,42.5927],[8.7966,42.5844],[8.7955,42.5781],[8.7931,42.574],[8.7833,42.567],[8.7792,42.5653],[8.7708,42.5649],[8.7641,42.5672]]]}},{"type":"Feature","properties":{"depth":-20},"geometry":{"type":"MultiLineString","coordinates":[[[8.9223,42.64],[8.9167,42.64],[8.9,42.6357],[8.8875,42.6346],[8.8792,42.6354],[8.8771,42.6337],[8.8706,42.6198],[8.8667,42.6162],[8.8521,42.6151],[8.8458,42.6138],[8.8354,42.6084],[8.8292,42.6088],[8.8233,42.6073]]]}},{"type":"Feature","properties":{"depth":-20},"geometry":{"type":"MultiLineString","coordinates":[[[9.0563,42.6938],[9.0544,42.6906],[9.0521,42.6802],[9.0504,42.6656],[9.0458,42.6617],[9.0229,42.6547],[9.0125,42.6481],[8.9896,42.6447],[8.9833,42.6448],[8.9688,42.6429],[8.9583,42.6405],[8.95,42.6407],[8.9393,42.643]]]}},{"type":"Feature","properties":{"depth":-20},"geometry":{"type":"MultiLineString","coordinates":[[[9.2477,42.7216],[9.2396,42.7254],[9.225,42.734]]]}},{"type":"Feature","properties":{"depth":-20},"geometry":{"type":"MultiLineString","coordinates":[[[10.2389,42.7253],[10.2455,42.7281],[10.2521,42.7347],[10.2562,42.7363],[10.2701,42.7351]]]}},{"type":"Feature","properties":{"depth":-20},"geometry":{"type":"MultiLineString","coordinates":[[[10.1903,42.733],[10.2144,42.7283]]]}},{"type":"Feature","properties":{"depth":-20},"geometry":{"type":"MultiLineString","coordinates":[[[9.2227,42.7362],[9.2188,42.7378],[9.2,42.7368],[9.1833,42.7385],[9.1604,42.7399],[9.1479,42.739],[9.125,42.7355],[9.1188,42.7352],[9.1021,42.7278],[9.0875,42.7187],[9.0813,42.7169],[9.0778,42.7135],[9.0748,42.7073],[9.0687,42.6998],[9.0613,42.696]]]}},{"type":"Feature","properties":{"depth":-20},"geometry":{"type":"MultiLineString","coordinates":[[[10.2796,42.7348],[10.2875,42.7337],[10.2917,42.7362],[10.2958,42.7453],[10.3,42.7495],[10.3042,42.7499],[10.3083,42.7473],[10.3147,42.7365],[10.3187,42.7336],[10.3229,42.734],[10.3273,42.7385],[10.3313,42.7491],[10.3375,42.7528],[10.3458,42.7521],[10.35,42.75],[10.3551,42.7448],[10.3598,42.7365],[10.3637,42.724],[10.3642,42.7177],[10.3729,42.7154],[10.3818,42.7151]]]}},{"type":"Feature","properties":{"depth":-20},"geometry":{"type":"MultiLineString","coordinates":[[[10.4291,42.7385],[10.4229,42.7448],[10.4167,42.749],[10.4098,42.7594],[10.4133,42.7656]]]}},{"type":"Feature","properties":{"depth":-20},"geometry":{"type":"MultiLineString","coordinates":[[[9.4688,42.7534],[9.472,42.7594],[9.4738,42.7677],[9.4807,42.774],[9.4824,42.7792]]]}},{"type":"Feature","properties":{"depth":-20},"geometry":{"type":"MultiLineString","coordinates":[[[10.1025,42.7652],[10.1049,42.7594],[10.1087,42.7552],[10.1133,42.7448],[10.1271,42.7336],[10.1375,42.729],[10.1458,42.7291],[10.1562,42.726]]]}},{"type":"Feature","properties":{"depth":-20},"geometry":{"type":"MultiLineString","coordinates":[[[10.4331,42.7888],[10.4383,42.7969],[10.4393,42.801],[10.4356,42.8135],[10.4363,42.8198],[10.4451,42.8344],[10.4498,42.8469],[10.4496,42.851],[10.4442,42.8573],[10.4333,42.8642],[10.425,42.8725],[10.4134,42.873]]]}},{"type":"Feature","properties":{"depth":-20},"geometry":{"type":"MultiLineString","coordinates":[[[10.7133,42.7956],[10.7167,42.7934],[10.7312,42.7901],[10.7604,42.7784],[10.7792,42.7675],[10.7917,42.7636],[10.8021,42.7638],[10.8146,42.76],[10.8417,42.7532],[10.8604,42.751],[10.8675,42.7469],[10.8833,42.7422],[10.8979,42.7364],[10.9167,42.7311],[10.9271,42.7271],[10.9396,42.7209],[10.9473,42.7156],[10.9569,42.7052],[10.9588,42.701],[10.9666,42.6698],[10.9731,42.6552],[10.9833,42.643],[10.9895,42.6385],[11.0021,42.6319],[11.0136,42.6281],[11.0417,42.6205],[11.0563,42.6146],[11.0729,42.6058],[11.0839,42.599],[11.0979,42.5866],[11.1153,42.5615],[11.125,42.5514],[11.1354,42.5431],[11.1482,42.5281],[11.1534,42.5177],[11.1553,42.5052],[11.1551,42.4927],[11.1523,42.476],[11.1487,42.4635],[11.145,42.4552],[11.1389,42.4469],[11.1292,42.4426],[11.1167,42.4408]]]}},{"type":"Feature","properties":{"depth":-20},"geometry":{"type":"MultiLineString","coordinates":[[[9.4938,42.8003],[9.4986,42.8052],[9.4983,42.8115],[9.4936,42.8177],[9.4907,42.826],[9.4913,42.8385],[9.4871,42.8507]]]}},{"type":"Feature","properties":{"depth":-20},"geometry":{"type":"MultiLineString","coordinates":[[[10.248,42.7991],[10.2375,42.7937],[10.2292,42.7932],[10.2154,42.7982]]]}},{"type":"Feature","properties":{"depth":-20},"geometry":{"type":"MultiLineString","coordinates":[[[10.1291,42.8052],[10.1174,42.801],[10.1104,42.7976],[10.1062,42.7934],[10.1033,42.7856]]]}},{"type":"Feature","properties":{"depth":-20},"geometry":{"type":"MultiLineString","coordinates":[[[10.3584,42.8135],[10.3521,42.8095],[10.3479,42.8087],[10.3396,42.8098],[10.3345,42.8126]]]}},{"type":"Feature","properties":{"depth":-20},"geometry":{"type":"MultiLineString","coordinates":[[[10.326,42.8177],[10.3204,42.824],[10.3125,42.8263],[10.2958,42.8218],[10.288,42.8234]]]}},{"type":"Feature","properties":{"depth":-20},"geometry":{"type":"MultiLineString","coordinates":[[[9.3156,42.8271],[9.3234,42.8135],[9.335,42.8031],[9.3382,42.7948],[9.3367,42.7719],[9.3345,42.7656],[9.3343,42.7573],[9.3385,42.7469],[9.3371,42.7365],[9.3292,42.7272],[9.3187,42.7205],[9.3125,42.7142],[9.2989,42.7031],[9.2917,42.6958],[9.2833,42.6938],[9.2792,42.6945],[9.2688,42.7037],[9.2617,42.7073],[9.2578,42.7182]]]}},{"type":"Feature","properties":{"depth":-20},"geometry":{"type":"MultiLineString","coordinates":[[[10.3896,42.8464],[10.3751,42.8281]]]}},{"type":"Feature","properties":{"depth":-20},"geometry":{"type":"MultiLineString","coordinates":[[[9.3319,42.8698],[9.3315,42.8635],[9.3271,42.854],[9.3146,42.8432],[9.3119,42.8338]]]}},{"type":"Feature","properties":{"depth":-20},"geometry":{"type":"MultiLineString","coordinates":[[[9.4833,42.8678],[9.484,42.876],[9.489,42.8885],[9.4824,42.899],[9.4828,42.9052],[9.4782,42.9177],[9.4755,42.9344],[9.4701,42.949],[9.4696,42.9635],[9.4713,42.974],[9.4748,42.9844],[9.4756,42.999],[9.4708,43.0007],[9.4646,42.9984],[9.4583,42.9985],[9.4417,43.0025],[9.4282,43.0115],[9.4167,43.0151],[9.4104,43.0184],[9.4062,43.0186],[9.3979,43.014],[9.3896,43.013],[9.3729,43.0083],[9.3608,43.0069]]]}},{"type":"Feature","properties":{"depth":-20},"geometry":{"type":"MultiLineString","coordinates":[[[10.412,42.8734],[10.4083,42.8733],[10.3982,42.8594]]]}},{"type":"Feature","properties":{"depth":-20},"geometry":{"type":"MultiLineString","coordinates":[[[9.3504,42.949],[9.3517,42.9427],[9.3496,42.9281],[9.351,42.9219],[9.3485,42.9156],[9.3417,42.9122],[9.3321,42.9052]]]}},{"type":"Feature","properties":{"depth":-20},"geometry":{"type":"MultiLineString","coordinates":[[[9.3397,42.9926],[9.3399,42.9802],[9.3413,42.974],[9.3407,42.9647]]]}},{"type":"Feature","properties":{"depth":-20},"geometry":{"type":"MultiLineString","coordinates":[[[9.358,43.0069],[9.35,43.0056],[9.3438,43.0018],[9.3402,42.9969],[9.3397,42.9928]]]}},{"type":"Feature","properties":{"depth":-20},"geometry":{"type":"MultiLineString","coordinates":[[[10.3537,43.4615],[10.3606,43.4552],[10.3708,43.4479],[10.375,43.4438],[10.3862,43.4281],[10.3908,43.4198],[10.397,43.4031],[10.4062,43.3972],[10.4082,43.3948],[10.4129,43.3823],[10.4147,43.374],[10.4138,43.3635],[10.4162,43.3531],[10.4139,43.3469],[10.4042,43.335],[10.4,43.3327],[10.3896,43.3319],[10.3812,43.3295],[10.3688,43.3326],[10.3625,43.3365],[10.35,43.3406],[10.3458,43.3405],[10.3333,43.3363],[10.3208,43.3338],[10.3184,43.3323],[10.3218,43.3135],[10.325,43.3096],[10.3375,43.3051],[10.35,43.3047],[10.3581,43.299],[10.36,43.2948],[10.3667,43.2903],[10.375,43.2908],[10.3896,43.2836],[10.3981,43.2823],[10.4146,43.2872],[10.4271,43.2896],[10.4354,43.2892],[10.45,43.2844],[10.4565,43.2781],[10.4734,43.2552],[10.4795,43.2427],[10.4866,43.2302],[10.4897,43.2219],[10.4959,43.2094],[10.5,43.199],[10.5053,43.174],[10.5122,43.149],[10.5137,43.1344],[10.5174,43.1135],[10.5159,43.1031],[10.5159,43.0948],[10.519,43.0781],[10.5188,43.0573],[10.5167,43.0467],[10.5106,43.026],[10.5035,43.0156],[10.5002,43.0031],[10.4938,43.0001],[10.4833,42.9911],[10.4811,42.9844],[10.4807,42.9698],[10.4812,42.9594],[10.4833,42.9544],[10.4879,42.949],[10.4922,42.9406],[10.4926,42.9344],[10.4958,42.9302],[10.5083,42.9231],[10.5167,42.917],[10.5284,42.9135],[10.5396,42.9092],[10.5437,42.9108],[10.55,42.9162],[10.5616,42.924],[10.5687,42.926],[10.575,42.9251],[10.5896,42.9268],[10.6,42.9271],[10.6188,42.9287],[10.6292,42.9286],[10.65,42.9263],[10.6583,42.9235],[10.6813,42.92],[10.7,42.9126],[10.7105,42.9073],[10.7167,42.9024],[10.7229,42.8998],[10.7333,42.891],[10.7505,42.8802],[10.7533,42.8719],[10.7533,42.8594],[10.7504,42.8469],[10.7497,42.8385],[10.7468,42.8323],[10.7354,42.8268],[10.7167,42.8118],[10.7125,42.8062],[10.7117,42.7982]]]}},{"type":"Feature","properties":{"depth":-20},"geometry":{"type":"MultiLineString","coordinates":[[[7.4004,43.7181],[7.4042,43.7147],[7.4083,43.7159],[7.4143,43.724]]]}},{"type":"Feature","properties":{"depth":-20},"geometry":{"type":"MultiLineString","coordinates":[[[7.4874,43.7532],[7.4908,43.7615],[7.4958,43.7652],[7.5072,43.7698],[7.5167,43.7746],[7.5292,43.7789],[7.5375,43.7795],[7.5563,43.7765],[7.5687,43.7809],[7.5875,43.7826],[7.5958,43.7811],[7.6146,43.7793],[7.6229,43.7794],[7.6367,43.7811]]]}},{"type":"Feature","properties":{"depth":-20},"geometry":{"type":"MultiLineString","coordinates":[[[7.6768,43.7778],[7.6854,43.7837],[7.6951,43.7865],[7.7062,43.7912],[7.7146,43.7923],[7.7229,43.7914],[7.7333,43.7885],[7.7396,43.7885],[7.7458,43.7903],[7.7604,43.8001],[7.7771,43.8046],[7.8021,43.8128],[7.8125,43.8135],[7.8271,43.8106],[7.8354,43.8114],[7.8434,43.8156],[7.85,43.8214],[7.8542,43.8234],[7.8729,43.8294],[7.8875,43.8294],[7.8979,43.8276],[7.9062,43.8238],[7.9083,43.8241],[7.9167,43.8309],[7.9271,43.8368],[7.9354,43.8393],[7.9562,43.843],[7.9688,43.8466],[7.9813,43.8541],[7.9917,43.8582],[8.0021,43.8605],[8.025,43.8619],[8.0314,43.8698],[8.0479,43.8772],[8.0625,43.8806],[8.075,43.8809],[8.0792,43.8824],[8.0917,43.8925],[8.0958,43.8999],[8.1,43.9046],[8.1104,43.9085],[8.1354,43.9193],[8.1439,43.9281],[8.15,43.9363],[8.1729,43.9451],[8.1793,43.951],[8.179,43.9573],[8.17,43.976],[8.1693,43.9802],[8.172,43.9885],[8.1833,44.0015],[8.1958,44.0088],[8.2022,44.0135],[8.2063,44.0184],[8.2104,44.0203],[8.2188,44.0178],[8.2271,44.0172],[8.2312,44.019],[8.2353,44.024],[8.2384,44.0344],[8.2381,44.0448],[8.2359,44.051],[8.2381,44.0719],[8.2418,44.0865],[8.2454,44.0927],[8.2636,44.1156],[8.275,44.1248],[8.2817,44.1344],[8.2854,44.1381],[8.3053,44.151],[8.3125,44.1546],[8.3187,44.1563],[8.3375,44.1593],[8.3458,44.1649],[8.3542,44.1677]]]}},{"type":"Feature","properties":{"depth":-20},"geometry":{"type":"MultiLineString","coordinates":[[[7.6419,43.7802],[7.6505,43.776],[7.6562,43.7745],[7.6646,43.776]]]}},{"type":"Feature","properties":{"depth":-20},"geometry":{"type":"MultiLineString","coordinates":[[[9.851,44.0374],[9.8583,44.0359],[9.8707,44.0302],[9.8776,44.024],[9.8917,44.0052],[9.9042,43.9972],[9.9125,43.9887],[9.9292,43.983],[9.9354,43.9784],[9.95,43.9749],[9.9582,43.9698],[9.9771,43.9614],[9.9812,43.9573],[9.9786,43.9427],[9.979,43.9344],[9.9875,43.9328],[9.9938,43.9352],[10.0021,43.9362],[10.0125,43.9323],[10.0161,43.9281],[10.025,43.9225],[10.0312,43.9136],[10.0479,43.9072],[10.0584,43.901],[10.0616,43.8969],[10.0621,43.8885],[10.0642,43.8865],[10.0729,43.8854],[10.0771,43.8832],[10.0851,43.876],[10.0924,43.8719],[10.0963,43.8615],[10.0991,43.8573],[10.1104,43.8475],[10.1146,43.8457],[10.119,43.8469],[10.1213,43.8448],[10.1242,43.8344],[10.1254,43.826],[10.1312,43.8167],[10.1354,43.8126],[10.1426,43.8094],[10.1439,43.801],[10.1462,43.7948],[10.1542,43.7797],[10.1583,43.7743],[10.1602,43.7677],[10.1614,43.7573],[10.1677,43.7406],[10.1671,43.7281],[10.1714,43.7115],[10.1766,43.699],[10.1798,43.6823],[10.185,43.674],[10.1912,43.6552],[10.1954,43.6406],[10.1874,43.6302],[10.1917,43.6231],[10.1942,43.6115],[10.1917,43.6041],[10.1792,43.5981],[10.1729,43.5968],[10.1646,43.5969],[10.1562,43.5921],[10.1479,43.5922],[10.1354,43.5968],[10.1292,43.5952],[10.1254,43.5906],[10.1217,43.5802],[10.1227,43.576],[10.1292,43.5727],[10.1438,43.5731],[10.1562,43.567],[10.1667,43.566],[10.1711,43.5635],[10.1719,43.5573],[10.1667,43.5514],[10.1634,43.5448],[10.1644,43.5406],[10.1723,43.5323],[10.1813,43.5289],[10.1897,43.524],[10.1958,43.5183],[10.2,43.5169],[10.2063,43.5183],[10.2167,43.5181],[10.2294,43.5302],[10.2375,43.5344],[10.25,43.5331],[10.2562,43.5386],[10.2667,43.538],[10.2767,43.5323],[10.2822,43.526],[10.2958,43.513],[10.3133,43.4885],[10.3168,43.4823],[10.3229,43.4776],[10.3271,43.4719],[10.3339,43.4692]]]}},{"type":"Feature","properties":{"depth":-20},"geometry":{"type":"MultiLineString","coordinates":[[[8.3568,44.1682],[8.375,44.1698],[8.3875,44.1737],[8.4042,44.1762],[8.4104,44.1791],[8.422,44.1906]]]}},{"type":"Feature","properties":{"depth":-20},"geometry":{"type":"MultiLineString","coordinates":[[[8.4265,44.1975],[8.4214,44.2094],[8.4226,44.2219],[8.425,44.2257],[8.4333,44.2315],[8.4417,44.235],[8.4442,44.2385]]]}},{"type":"Feature","properties":{"depth":-20},"geometry":{"type":"MultiLineString","coordinates":[[[9.4476,44.2382],[9.4583,44.2305],[9.4646,44.2274],[9.4708,44.2264],[9.4854,44.2266],[9.4896,44.2245],[9.4963,44.2177],[9.5062,44.2111],[9.525,44.2011],[9.5458,44.1956],[9.5521,44.1908],[9.5625,44.1781],[9.5667,44.1752],[9.5771,44.1711],[9.5917,44.1635],[9.5958,44.1602],[9.603,44.151],[9.6104,44.146],[9.6208,44.1359],[9.6333,44.1274],[9.6417,44.1277],[9.6562,44.1325],[9.6646,44.1311],[9.6771,44.1254],[9.6937,44.1149],[9.7,44.1098],[9.7104,44.1054],[9.7187,44.099],[9.725,44.0974],[9.7375,44.0966]]]}},{"type":"Feature","properties":{"depth":-20},"geometry":{"type":"MultiLineString","coordinates":[[[8.4461,44.2424],[8.4521,44.248],[8.4574,44.2584]]]}},{"type":"Feature","properties":{"depth":-20},"geometry":{"type":"MultiLineString","coordinates":[[[9.4145,44.2572],[9.4204,44.2531],[9.4387,44.2436]]]}},{"type":"Feature","properties":{"depth":-20},"geometry":{"type":"MultiLineString","coordinates":[[[8.458,44.2597],[8.4584,44.2656],[8.455,44.2781],[8.4583,44.2826],[8.4646,44.2873],[8.4833,44.2953],[8.487,44.299],[8.4883,44.3031]]]}},{"type":"Feature","properties":{"depth":-20},"geometry":{"type":"MultiLineString","coordinates":[[[8.4967,44.3127],[8.5,44.3161],[8.5083,44.3203],[8.5229,44.3238],[8.5357,44.3281],[8.5439,44.3323],[8.5521,44.338],[8.5641,44.3427],[8.5729,44.3496],[8.5739,44.35]]]}},{"type":"Feature","properties":{"depth":-20},"geometry":{"type":"MultiLineString","coordinates":[[[9.2137,44.3144],[9.2271,44.3232],[9.2354,44.3274],[9.2417,44.3291],[9.2542,44.3276],[9.2708,44.3291],[9.2771,44.3266],[9.2962,44.3135],[9.3144,44.3031],[9.3354,44.2951],[9.3479,44.2936],[9.3542,44.2919],[9.3649,44.2865],[9.3703,44.2823],[9.3778,44.274],[9.3833,44.2695]]]}},{"type":"Feature","properties":{"depth":-20},"geometry":{"type":"MultiLineString","coordinates":[[[9.1396,44.35],[9.1417,44.3489],[9.1514,44.3448],[9.1532,44.3406],[9.1533,44.3314]]]}},{"type":"Feature","properties":{"depth":-20},"geometry":{"type":"MultiLineString","coordinates":[[[10.0646,42.3515],[10.0693,42.3531],[10.0707,42.3573],[10.0646,42.3578],[10.0646,42.3515]]]}},{"type":"Feature","properties":{"depth":-20},"geometry":{"type":"MultiLineString","coordinates":[[[10.0917,42.3741],[10.0958,42.3772],[10.0965,42.3802],[10.0938,42.3837],[10.09,42.3802],[10.0917,42.3741]]]}},{"type":"Feature","properties":{"depth":-20},"geometry":{"type":"MultiLineString","coordinates":[[[10.4708,43.2759],[10.4655,43.2823],[10.4651,43.2885],[10.4708,43.2928],[10.475,43.2909],[10.4786,43.2865],[10.4799,43.2802],[10.4771,43.2753],[10.4708,43.2759]]]}},{"type":"Feature","properties":{"depth":-10},"geometry":{"type":"MultiLineString","coordinates":[[[9.388,41.6719],[9.3839,41.674],[9.384,41.6802],[9.3938,41.685],[9.3958,41.6885]]]}},{"type":"Feature","properties":{"depth":-10},"geometry":{"type":"MultiLineString","coordinates":[[[8.7723,41.74],[8.7771,41.7377],[8.7799,41.7323],[8.7769,41.7219]]]}},{"type":"Feature","properties":{"depth":-10},"geometry":{"type":"MultiLineString","coordinates":[[[8.7729,41.8229],[8.7699,41.8156],[8.7667,41.8118],[8.7583,41.8109]]]}},{"type":"Feature","properties":{"depth":-10},"geometry":{"type":"MultiLineString","coordinates":[[[9.4042,41.8547],[9.4081,41.8615],[9.4073,41.8698],[9.4053,41.876],[9.4079,41.8865],[9.4094,41.8969],[9.4134,41.9031],[9.4203,41.9073],[9.4241,41.9115],[9.4225,41.9177],[9.4253,41.924],[9.427,41.9344],[9.4233,41.9448],[9.4239,41.949],[9.4313,41.9615],[9.4417,41.9727],[9.4537,41.9844],[9.4625,41.9919],[9.4688,41.9992],[9.475,42.0044],[9.4807,42.0073],[9.4847,42.0177],[9.5161,42.0552],[9.525,42.0644],[9.5288,42.0698],[9.5375,42.0788],[9.5563,42.0945],[9.5606,42.101],[9.5627,42.1094],[9.5637,42.1323],[9.5632,42.1448],[9.5619,42.1552],[9.5624,42.1719],[9.5673,42.199],[9.5619,42.226],[9.5621,42.2406],[9.5682,42.274],[9.5671,42.2865],[9.5626,42.2948],[9.5568,42.3135],[9.5466,42.3344],[9.5452,42.3385],[9.5443,42.3531],[9.5401,42.376],[9.5452,42.4073],[9.5506,42.4219],[9.5531,42.4323],[9.5548,42.4448],[9.5537,42.4573],[9.5437,42.476],[9.5396,42.4885],[9.5391,42.501],[9.544,42.5219],[9.544,42.5302],[9.5421,42.5469],[9.5389,42.5594],[9.5349,42.5698],[9.5299,42.5781],[9.5167,42.5937],[9.5083,42.6007],[9.4875,42.6199],[9.4771,42.631],[9.4592,42.6531],[9.4547,42.6615],[9.45,42.6764],[9.4479,42.6805]]]}},{"type":"Feature","properties":{"depth":-10},"geometry":{"type":"MultiLineString","coordinates":[[[8.7817,41.8735],[8.7867,41.8615],[8.7845,41.8531],[8.7798,41.8483]]]}},{"type":"Feature","properties":{"depth":-10},"geometry":{"type":"MultiLineString","coordinates":[[[8.6146,41.9218],[8.6079,41.9094],[8.6078,41.8964]]]}},{"type":"Feature","properties":{"depth":-10},"geometry":{"type":"MultiLineString","coordinates":[[[8.6123,41.9385],[8.6157,41.9344],[8.6167,41.9281],[8.6148,41.9221]]]}},{"type":"Feature","properties":{"depth":-10},"geometry":{"type":"MultiLineString","coordinates":[[[11.875,42.0354],[11.8917,42.0308],[11.9104,42.0283],[11.9188,42.024],[11.9285,42.0156],[11.9375,42.0063],[11.9458,42.0018],[11.9544,41.9948],[11.9598,41.9823],[11.9625,41.9788],[11.9812,41.9727],[11.9875,41.9733],[11.9938,41.9756],[12.0021,41.9759],[12.0104,41.9718],[12.0223,41.9594],[12.0263,41.9531],[12.0293,41.9344],[12.0312,41.9307],[12.0375,41.9294],[12.0521,41.9342],[12.0604,41.9331],[12.0687,41.9298],[12.1,41.9148],[12.1,41.9148]]]}},{"type":"Feature","properties":{"depth":-10},"geometry":{"type":"MultiLineString","coordinates":[[[11.7919,42.0865],[11.7989,42.0781],[11.8054,42.0656],[11.8079,42.0594],[11.8171,42.049],[11.8208,42.0391],[11.8313,42.0251],[11.8354,42.0227],[11.85,42.0241],[11.8684,42.0302],[11.8709,42.0323]]]}},{"type":"Feature","properties":{"depth":-10},"geometry":{"type":"MultiLineString","coordinates":[[[11.7639,42.1087],[11.7663,42.1031],[11.7771,42.0924],[11.7844,42.0896]]]}},{"type":"Feature","properties":{"depth":-10},"geometry":{"type":"MultiLineString","coordinates":[[[8.6417,42.1198],[8.647,42.1156],[8.6562,42.1034],[8.6583,42.1021]]]}},{"type":"Feature","properties":{"depth":-10},"geometry":{"type":"MultiLineString","coordinates":[[[11.2134,42.398],[11.2188,42.404],[11.2292,42.4087],[11.2396,42.412],[11.2625,42.4086],[11.2723,42.4031],[11.2937,42.3979],[11.3042,42.3981],[11.3125,42.3969],[11.3229,42.3938],[11.3417,42.3945],[11.35,42.3937],[11.3854,42.3866],[11.3938,42.3837],[11.4146,42.3795],[11.4314,42.374],[11.4479,42.3653],[11.4729,42.3563],[11.4896,42.351],[11.5062,42.3444],[11.5521,42.3251],[11.5708,42.32],[11.5759,42.3177],[11.5917,42.3056],[11.6042,42.3008],[11.6229,42.291],[11.6399,42.2781],[11.6458,42.2715],[11.6517,42.2677],[11.6582,42.2573],[11.6687,42.2483],[11.6736,42.2427],[11.6771,42.2361],[11.6865,42.2281],[11.6904,42.2198],[11.6958,42.2146],[11.7028,42.2031],[11.7051,42.1969],[11.7134,42.1823],[11.7188,42.1763],[11.7264,42.1719],[11.7281,42.1677],[11.7267,42.1615],[11.7272,42.1552],[11.7381,42.1385],[11.7514,42.126],[11.7562,42.1193],[11.7613,42.1148]]]}},{"type":"Feature","properties":{"depth":-10},"geometry":{"type":"MultiLineString","coordinates":[[[8.661,42.4275],[8.6591,42.424],[8.6521,42.4181],[8.6456,42.4159]]]}},{"type":"Feature","properties":{"depth":-10},"geometry":{"type":"MultiLineString","coordinates":[[[11.1368,42.5525],[11.1458,42.5524],[11.1567,42.5469],[11.1625,42.5413],[11.1667,42.5349],[11.1692,42.5281],[11.1762,42.5177],[11.1769,42.5135],[11.175,42.4969],[11.176,42.4823],[11.1747,42.474],[11.1707,42.4615],[11.1625,42.4477],[11.1573,42.4427],[11.15,42.44],[11.1377,42.4383]]]}},{"type":"Feature","properties":{"depth":-10},"geometry":{"type":"MultiLineString","coordinates":[[[8.8021,42.5781],[8.8008,42.574],[8.7967,42.5698],[8.7854,42.5623],[8.7812,42.5606],[8.7688,42.5601],[8.7604,42.5645]]]}},{"type":"Feature","properties":{"depth":-10},"geometry":{"type":"MultiLineString","coordinates":[[[10.0988,42.5894],[10.0932,42.6052],[10.094,42.6135],[10.0923,42.6177],[10.0813,42.6268],[10.075,42.6257],[10.0728,42.6219],[10.0728,42.6094],[10.0713,42.6031],[10.0646,42.5971],[10.0542,42.5948],[10.05,42.5917],[10.0467,42.5853]]]}},{"type":"Feature","properties":{"depth":-10},"geometry":{"type":"MultiLineString","coordinates":[[[8.875,42.6168],[8.8646,42.611],[8.8518,42.6115]]]}},{"type":"Feature","properties":{"depth":-10},"geometry":{"type":"MultiLineString","coordinates":[[[8.9152,42.635],[8.9042,42.632],[8.8811,42.63]]]}},{"type":"Feature","properties":{"depth":-10},"geometry":{"type":"MultiLineString","coordinates":[[[9.028,42.6519],[9.0146,42.6441],[9.0068,42.6422]]]}},{"type":"Feature","properties":{"depth":-10},"geometry":{"type":"MultiLineString","coordinates":[[[9.0573,42.6719],[9.0562,42.6656],[9.0536,42.6615],[9.0458,42.6564],[9.0377,42.655]]]}},{"type":"Feature","properties":{"depth":-10},"geometry":{"type":"MultiLineString","coordinates":[[[9.3219,42.7167],[9.3158,42.7094],[9.3136,42.7031],[9.3063,42.6972],[9.3015,42.6906],[9.2937,42.686],[9.2896,42.685],[9.2812,42.686]]]}},{"type":"Feature","properties":{"depth":-10},"geometry":{"type":"MultiLineString","coordinates":[[[10.2415,42.7279],[10.25,42.7372],[10.2562,42.7396],[10.2688,42.7371]]]}},{"type":"Feature","properties":{"depth":-10},"geometry":{"type":"MultiLineString","coordinates":[[[9.2134,42.7332],[9.2,42.7298],[9.1875,42.7323],[9.178,42.7314]]]}},{"type":"Feature","properties":{"depth":-10},"geometry":{"type":"MultiLineString","coordinates":[[[10.2917,42.7411],[10.2958,42.7504],[10.3042,42.7531],[10.3083,42.7514],[10.3146,42.7417]]]}},{"type":"Feature","properties":{"depth":-10},"geometry":{"type":"MultiLineString","coordinates":[[[10.4222,42.7427],[10.4137,42.749],[10.4076,42.7594],[10.4083,42.7635]]]}},{"type":"Feature","properties":{"depth":-10},"geometry":{"type":"MultiLineString","coordinates":[[[10.3271,42.7451],[10.3313,42.7544],[10.3396,42.7568],[10.3458,42.7563],[10.3542,42.7502],[10.3621,42.7385],[10.3646,42.7297],[10.3694,42.7198],[10.3733,42.7173]]]}},{"type":"Feature","properties":{"depth":-10},"geometry":{"type":"MultiLineString","coordinates":[[[9.3428,42.7478],[9.341,42.7365],[9.3369,42.7281]]]}},{"type":"Feature","properties":{"depth":-10},"geometry":{"type":"MultiLineString","coordinates":[[[10.1062,42.7615],[10.1118,42.7552],[10.1166,42.7448],[10.1307,42.7344],[10.1357,42.732]]]}},{"type":"Feature","properties":{"depth":-10},"geometry":{"type":"MultiLineString","coordinates":[[[10.3583,42.8066],[10.3542,42.8042],[10.3438,42.8025],[10.3354,42.805],[10.3292,42.8098],[10.3245,42.811]]]}},{"type":"Feature","properties":{"depth":-10},"geometry":{"type":"MultiLineString","coordinates":[[[10.4333,42.8198],[10.4437,42.838],[10.4461,42.849],[10.4437,42.8528],[10.4313,42.8617],[10.425,42.8699],[10.4167,42.8695]]]}},{"type":"Feature","properties":{"depth":-10},"geometry":{"type":"MultiLineString","coordinates":[[[9.4792,42.8817],[9.4804,42.8885],[9.4754,42.899],[9.4759,42.9052],[9.4729,42.9144]]]}},{"type":"Feature","properties":{"depth":-10},"geometry":{"type":"MultiLineString","coordinates":[[[10.563,42.9411],[10.5833,42.9455],[10.5938,42.9459],[10.6062,42.9479],[10.6167,42.9486],[10.6417,42.9469],[10.6521,42.9447],[10.6583,42.9421],[10.6667,42.9423],[10.6875,42.9337],[10.6981,42.9281],[10.7083,42.924],[10.7208,42.9175],[10.7271,42.9154],[10.7396,42.9091],[10.759,42.8948],[10.7623,42.8844],[10.7607,42.8781],[10.7608,42.8656],[10.7602,42.851],[10.7611,42.8365],[10.7593,42.8302],[10.7542,42.8229],[10.75,42.8207],[10.7354,42.8177],[10.7167,42.8043],[10.7141,42.799],[10.7167,42.7965],[10.7354,42.7937],[10.7604,42.7833],[10.772,42.776],[10.7833,42.7698],[10.7917,42.7677],[10.8,42.7687],[10.8458,42.7597],[10.8562,42.7588],[10.8646,42.757],[10.8771,42.7514],[10.8854,42.7495],[10.9104,42.7422],[10.925,42.7373],[10.9458,42.7275],[10.9542,42.7219],[10.9659,42.7115],[10.9686,42.7073],[10.9715,42.6969],[10.9782,42.6844],[10.9801,42.674],[10.9865,42.6573],[10.9938,42.6493],[11.0,42.6444],[11.0083,42.6415],[11.0271,42.6386],[11.0375,42.636],[11.0553,42.6302],[11.0729,42.6224],[11.0813,42.6157]]]}},{"type":"Feature","properties":{"depth":-10},"geometry":{"type":"MultiLineString","coordinates":[[[9.462,42.9474],[9.4614,42.9573],[9.4598,42.9656],[9.4617,42.974],[9.4674,42.9831]]]}},{"type":"Feature","properties":{"depth":-10},"geometry":{"type":"MultiLineString","coordinates":[[[9.4677,42.9854],[9.4633,42.9906],[9.4458,42.9964]]]}},{"type":"Feature","properties":{"depth":-10},"geometry":{"type":"MultiLineString","coordinates":[[[10.4167,43.401],[10.4207,43.3948],[10.4245,43.3844],[10.4251,43.376],[10.4276,43.3698],[10.4247,43.3635],[10.4238,43.351],[10.4194,43.3385],[10.4178,43.3302],[10.4172,43.3198],[10.4375,43.313],[10.4458,43.3081],[10.4521,43.306],[10.4604,43.301],[10.4688,43.3],[10.4771,43.2944],[10.4821,43.2885],[10.4946,43.2656],[10.5062,43.2469],[10.5081,43.2427],[10.5168,43.2115],[10.5212,43.176],[10.5247,43.1615],[10.5258,43.1406],[10.5274,43.126],[10.5276,43.1135],[10.5252,43.101],[10.527,43.074],[10.5265,43.0615],[10.525,43.051],[10.522,43.0406],[10.5158,43.024],[10.5083,43.0153],[10.5063,43.0115],[10.5057,43.0031],[10.5021,42.9987],[10.4958,42.9972],[10.4869,42.9906]]]}},{"type":"Feature","properties":{"depth":-10},"geometry":{"type":"MultiLineString","coordinates":[[[7.5583,43.7822],[7.5667,43.7861],[7.5833,43.7865],[7.5979,43.7839],[7.6188,43.7819],[7.6238,43.7823]]]}},{"type":"Feature","properties":{"depth":-10},"geometry":{"type":"MultiLineString","coordinates":[[[7.6903,43.7872],[7.7021,43.7929],[7.7146,43.7953],[7.7208,43.7952],[7.7354,43.7914],[7.7438,43.7931],[7.7562,43.8019],[7.7604,43.8035],[7.789,43.8115],[7.8042,43.817],[7.8125,43.8172],[7.825,43.8138],[7.8354,43.8143],[7.8417,43.8178],[7.8479,43.8235],[7.8542,43.8265],[7.8616,43.8281],[7.8708,43.8317],[7.8875,43.8342],[7.9062,43.8333],[7.9088,43.8344]]]}},{"type":"Feature","properties":{"depth":-10},"geometry":{"type":"MultiLineString","coordinates":[[[7.9676,43.852],[7.9833,43.8601],[7.9931,43.8635]]]}},{"type":"Feature","properties":{"depth":-10},"geometry":{"type":"MultiLineString","coordinates":[[[8.0148,43.87],[8.0312,43.8742],[8.038,43.8781],[8.0437,43.8831],[8.05,43.8851],[8.0604,43.886],[8.0667,43.8847],[8.0771,43.8865],[8.0861,43.8927],[8.0936,43.9052],[8.0979,43.9092],[8.1104,43.9136],[8.1333,43.923],[8.1398,43.9302],[8.1448,43.9385],[8.1521,43.9432],[8.1604,43.9445],[8.1729,43.9488],[8.1758,43.951],[8.175,43.9605],[8.167,43.974],[8.1661,43.9823],[8.168,43.9885],[8.1719,43.9948],[8.1813,44.0048],[8.1854,44.008],[8.1937,44.0114],[8.1993,44.0156],[8.2042,44.0225],[8.2125,44.0262],[8.2183,44.0219],[8.2271,44.0201],[8.2332,44.026],[8.2332,44.0302],[8.2302,44.0344],[8.2331,44.0448],[8.2311,44.0594],[8.235,44.0802],[8.238,44.0885],[8.2461,44.101],[8.2566,44.1135],[8.2646,44.1215],[8.275,44.1302],[8.2785,44.1365],[8.2833,44.141],[8.2979,44.1504],[8.3077,44.1552]]]}},{"type":"Feature","properties":{"depth":-10},"geometry":{"type":"MultiLineString","coordinates":[[[9.8546,44.0473],[9.8589,44.0531],[9.8523,44.0635],[9.8562,44.0673],[9.8625,44.0685],[9.8771,44.0749],[9.8833,44.0788],[9.8917,44.0783],[9.908,44.0694]]]}},{"type":"Feature","properties":{"depth":-10},"geometry":{"type":"MultiLineString","coordinates":[[[9.921,44.0613],[9.9241,44.0531],[9.9354,44.047],[9.9604,44.0316],[9.9667,44.0299],[9.9792,44.0284],[9.9833,44.0292],[9.9938,44.0343],[10.0,44.036],[10.0083,44.0356],[10.0354,44.0247],[10.0458,44.0237],[10.0563,44.0198],[10.0784,44.0094],[10.0938,43.9997],[10.1,43.994],[10.1062,43.9832],[10.1208,43.973],[10.1373,43.9594],[10.15,43.95],[10.1771,43.925],[10.1832,43.9177],[10.2021,43.8898],[10.2104,43.8815],[10.2167,43.8765],[10.2208,43.8709],[10.231,43.8427],[10.2317,43.8302],[10.2359,43.8177],[10.2445,43.799],[10.2479,43.7865],[10.2509,43.7698],[10.2561,43.7531],[10.2572,43.7469],[10.2568,43.7323],[10.2588,43.7156],[10.258,43.6969],[10.2527,43.6802],[10.2531,43.6719],[10.257,43.6615],[10.2613,43.6469],[10.2604,43.6365],[10.2567,43.6302],[10.2578,43.626],[10.2669,43.6094],[10.2741,43.5885],[10.277,43.574],[10.275,43.5723],[10.2717,43.5802],[10.2625,43.5853],[10.2583,43.5855],[10.2521,43.5827],[10.2458,43.5886],[10.2375,43.5907],[10.2208,43.5974],[10.2104,43.6025],[10.2063,43.6014],[10.2,43.5945],[10.1837,43.5906],[10.1824,43.5885],[10.1923,43.5781],[10.1953,43.5719],[10.2028,43.5615],[10.206,43.5469],[10.2042,43.5433],[10.1954,43.5427],[10.1954,43.5406],[10.2034,43.5344],[10.2167,43.5339],[10.2314,43.5427],[10.2375,43.5483],[10.2438,43.5482],[10.2562,43.5513],[10.2625,43.5568],[10.2792,43.5582],[10.285,43.5406],[10.2896,43.5361],[10.3009,43.5302],[10.304,43.524],[10.3035,43.5177],[10.3065,43.5094],[10.3151,43.4948],[10.3297,43.4734]]]}},{"type":"Feature","properties":{"depth":-10},"geometry":{"type":"MultiLineString","coordinates":[[[8.3617,44.171],[8.3708,44.1717],[8.3854,44.1765],[8.4042,44.1786],[8.4083,44.1802]]]}},{"type":"Feature","properties":{"depth":-10},"geometry":{"type":"MultiLineString","coordinates":[[[9.4513,44.2385],[9.4667,44.2301],[9.4792,44.2301],[9.4875,44.2312],[9.497,44.2219],[9.5085,44.2135],[9.5241,44.2052],[9.5354,44.2018],[9.5458,44.2003],[9.5579,44.1906],[9.5634,44.1823],[9.5687,44.1778],[9.5771,44.1752],[9.5989,44.1635],[9.6056,44.1531],[9.6125,44.1483],[9.6229,44.1382],[9.6333,44.1311],[9.6375,44.1305],[9.6521,44.1371],[9.6646,44.1358],[9.6792,44.1291],[9.6958,44.1196],[9.7021,44.1141],[9.7125,44.1104],[9.7205,44.1031],[9.725,44.1006],[9.7345,44.0999]]]}},{"type":"Feature","properties":{"depth":-10},"geometry":{"type":"MultiLineString","coordinates":[[[8.4565,44.2612],[8.456,44.2677],[8.4511,44.276],[8.4522,44.2823],[8.4625,44.2917],[8.4774,44.2969],[8.4823,44.301]]]}},{"type":"Feature","properties":{"depth":-10},"geometry":{"type":"MultiLineString","coordinates":[[[9.2125,44.3163],[9.2312,44.3308],[9.2354,44.3334],[9.2438,44.3342],[9.2562,44.3318],[9.2669,44.3342]]]}},{"type":"Feature","properties":{"depth":-10},"geometry":{"type":"MultiLineString","coordinates":[[[9.3013,44.3219],[9.3039,44.3177],[9.3118,44.3094],[9.3187,44.3055],[9.3292,44.3026],[9.3396,44.2983],[9.3479,44.2975],[9.3625,44.2936],[9.3708,44.2891],[9.3851,44.2781],[9.3861,44.2733]]]}},{"type":"Feature","properties":{"depth":-10},"geometry":{"type":"MultiLineString","coordinates":[[[11.3104,42.3777],[11.3162,42.3781],[11.3187,42.3823],[11.3167,42.3862],[11.3125,42.388],[11.3083,42.3862],[11.3059,42.3823],[11.3104,42.3777]]]}},{"type":"Feature","properties":{"depth":-10},"geometry":{"type":"MultiLineString","coordinates":[[[10.3917,43.3015],[10.3959,43.3052],[10.3981,43.3156],[10.3958,43.3171],[10.3894,43.3156],[10.3882,43.3094],[10.3917,43.3015]]]}},{"type":"Feature","properties":{"depth":-10},"geometry":{"type":"MultiLineString","coordinates":[[[10.3521,43.317],[10.3604,43.3162],[10.3649,43.3177],[10.3673,43.3219],[10.3625,43.3251],[10.3559,43.324],[10.3503,43.3198],[10.3521,43.317]]]}},{"type":"Feature","properties":{"depth":-10},"geometry":{"type":"MultiLineString","coordinates":[[[10.2583,43.5614],[10.2479,43.5657],[10.2474,43.5719],[10.2521,43.5772],[10.2562,43.5759],[10.261,43.5677],[10.2604,43.5618],[10.2583,43.5614]]]}},{"type":"Feature","properties":{"depth":-5},"geometry":{"type":"MultiLineString","coordinates":[[[9.4104,41.9081],[9.4163,41.9115],[9.4154,41.9198],[9.4202,41.926],[9.4209,41.9302],[9.4169,41.9406],[9.4156,41.949],[9.4217,41.9615],[9.4293,41.9719],[9.45,41.9925],[9.4583,41.9981],[9.4646,42.0067],[9.4738,42.0156],[9.4893,42.0344],[9.4954,42.0406],[9.5188,42.0677],[9.5301,42.0802],[9.5417,42.0913],[9.5542,42.0992],[9.5565,42.1031],[9.5568,42.1135],[9.5586,42.1281],[9.5581,42.1341]]]}},{"type":"Feature","properties":{"depth":-5},"geometry":{"type":"MultiLineString","coordinates":[[[11.8834,42.0365],[11.8874,42.0344],[11.9104,42.0328],[11.9146,42.0314],[11.9299,42.0219],[11.9375,42.0157],[11.9479,42.0101],[11.9542,42.0049],[11.9613,42.001],[11.9656,41.9927],[11.9688,41.9891],[11.9792,41.9844],[11.9875,41.9832],[11.9958,41.9834],[12.0042,41.9823],[12.0104,41.98],[12.0208,41.9723],[12.0292,41.9646],[12.0349,41.9552],[12.0375,41.9469],[12.0437,41.9432],[12.0521,41.9431],[12.0625,41.941],[12.0729,41.9365],[12.0876,41.9281],[12.0958,41.9243],[12.1,41.923]]]}},{"type":"Feature","properties":{"depth":-5},"geometry":{"type":"MultiLineString","coordinates":[[[11.8202,42.0475],[11.8229,42.0413],[11.8313,42.0294],[11.8354,42.0258],[11.85,42.0271],[11.8672,42.0323]]]}},{"type":"Feature","properties":{"depth":-5},"geometry":{"type":"MultiLineString","coordinates":[[[11.7998,42.0844],[11.8083,42.0644]]]}},{"type":"Feature","properties":{"depth":-5},"geometry":{"type":"MultiLineString","coordinates":[[[11.765,42.1131],[11.7668,42.1052],[11.7771,42.0944],[11.7794,42.093]]]}},{"type":"Feature","properties":{"depth":-5},"geometry":{"type":"MultiLineString","coordinates":[[[9.5583,42.14],[9.5567,42.1573],[9.5572,42.1719],[9.5626,42.1969],[9.5563,42.2302],[9.5571,42.2448],[9.5597,42.2594],[9.563,42.2719],[9.5631,42.2844],[9.5578,42.2948],[9.5542,42.3045]]]}},{"type":"Feature","properties":{"depth":-5},"geometry":{"type":"MultiLineString","coordinates":[[[9.5402,42.3427],[9.5399,42.3531],[9.5375,42.3649],[9.5356,42.3698],[9.5351,42.3802],[9.5397,42.401],[9.5404,42.4094],[9.5458,42.4231],[9.5475,42.4302],[9.5472,42.4406],[9.5483,42.449],[9.5475,42.4573],[9.5386,42.476],[9.535,42.4865],[9.5338,42.499],[9.5348,42.5052],[9.5396,42.5194],[9.5403,42.526],[9.5389,42.5385],[9.5354,42.5545],[9.5292,42.5699],[9.5167,42.5869],[9.486,42.6151]]]}},{"type":"Feature","properties":{"depth":-5},"geometry":{"type":"MultiLineString","coordinates":[[[11.2428,42.4167],[11.2479,42.4144],[11.2583,42.4142],[11.2688,42.4109],[11.2766,42.4052],[11.2917,42.401],[11.3042,42.4019],[11.3208,42.3988],[11.3479,42.3972],[11.3854,42.3899],[11.3958,42.3865],[11.4146,42.3828],[11.4333,42.3769],[11.4458,42.3715],[11.475,42.3613],[11.4917,42.3559],[11.5479,42.3335],[11.5563,42.3296],[11.5771,42.3211],[11.5941,42.3094],[11.6104,42.3019],[11.625,42.294],[11.6437,42.2802],[11.6584,42.2677],[11.6663,42.2552],[11.6729,42.2492],[11.6814,42.2385],[11.689,42.2323],[11.6941,42.224],[11.7005,42.2156],[11.7101,42.1969],[11.7188,42.1816],[11.7321,42.174],[11.7334,42.1698],[11.7305,42.1615],[11.7309,42.1552],[11.737,42.1469],[11.7401,42.1406],[11.7542,42.1266]]]}},{"type":"Feature","properties":{"depth":-5},"geometry":{"type":"MultiLineString","coordinates":[[[11.1746,42.5431],[11.1823,42.5281],[11.1857,42.5198],[11.1868,42.5135],[11.1843,42.4885],[11.1821,42.4781],[11.1782,42.4656],[11.1737,42.4552],[11.1672,42.4448],[11.1625,42.44],[11.1546,42.4361]]]}},{"type":"Feature","properties":{"depth":-5},"geometry":{"type":"MultiLineString","coordinates":[[[11.1361,42.5559],[11.1458,42.5575],[11.1521,42.5574],[11.1641,42.5536]]]}},{"type":"Feature","properties":{"depth":-5},"geometry":{"type":"MultiLineString","coordinates":[[[8.7998,42.5675],[8.7896,42.5606],[8.7819,42.5573]]]}},{"type":"Feature","properties":{"depth":-5},"geometry":{"type":"MultiLineString","coordinates":[[[10.0896,42.6073],[10.0914,42.6135],[10.0893,42.6177],[10.0813,42.6238],[10.0771,42.6227],[10.0756,42.6177],[10.0759,42.6052],[10.0714,42.5969],[10.0646,42.5933],[10.0542,42.5913],[10.0505,42.587]]]}},{"type":"Feature","properties":{"depth":-5},"geometry":{"type":"MultiLineString","coordinates":[[[9.4847,42.6163],[9.4743,42.6281],[9.4583,42.6486]]]}},{"type":"Feature","properties":{"depth":-5},"geometry":{"type":"MultiLineString","coordinates":[[[9.3208,42.7094],[9.3191,42.701],[9.3095,42.6885],[9.3038,42.6844]]]}},{"type":"Feature","properties":{"depth":-5},"geometry":{"type":"MultiLineString","coordinates":[[[10.2417,42.73],[10.25,42.7406],[10.2583,42.742],[10.2683,42.739]]]}},{"type":"Feature","properties":{"depth":-5},"geometry":{"type":"MultiLineString","coordinates":[[[10.3623,42.7429],[10.3666,42.7302],[10.3722,42.7198],[10.3741,42.7189]]]}},{"type":"Feature","properties":{"depth":-5},"geometry":{"type":"MultiLineString","coordinates":[[[10.3343,42.7583],[10.3438,42.7597],[10.35,42.7571],[10.3583,42.7483]]]}},{"type":"Feature","properties":{"depth":-5},"geometry":{"type":"MultiLineString","coordinates":[[[10.4339,42.8573],[10.4282,42.8615],[10.4229,42.8685],[10.4178,42.8677]]]}},{"type":"Feature","properties":{"depth":-5},"geometry":{"type":"MultiLineString","coordinates":[[[10.6802,42.9469],[10.6896,42.9432],[10.7,42.9348],[10.7354,42.9197],[10.75,42.9117],[10.7625,42.9034],[10.7694,42.8969],[10.7706,42.8927],[10.7695,42.8802],[10.7647,42.8698],[10.7643,42.8573],[10.7668,42.8427],[10.7657,42.8323],[10.762,42.824],[10.7542,42.8156],[10.75,42.8145],[10.7396,42.8144],[10.7333,42.8119],[10.7189,42.801],[10.7205,42.799],[10.7375,42.7961],[10.7625,42.7852],[10.7735,42.7781],[10.7848,42.7719],[10.7917,42.7706],[10.8063,42.7713],[10.8458,42.7635],[10.8625,42.761],[10.8771,42.7553],[10.8938,42.7515],[10.9146,42.7457],[10.9313,42.7396],[10.9479,42.7315],[10.9563,42.7264],[10.9675,42.7177],[10.9731,42.7115],[10.9815,42.6969],[10.9904,42.6865],[10.9929,42.6802],[10.994,42.6698],[10.9973,42.6573],[11.0021,42.6525],[11.0062,42.6507],[11.0396,42.644],[11.0583,42.6381],[11.0771,42.627],[11.0806,42.624],[11.0842,42.6177]]]}},{"type":"Feature","properties":{"depth":-5},"geometry":{"type":"MultiLineString","coordinates":[[[10.4292,43.3822],[10.43,43.376],[10.4344,43.3719],[10.4351,43.3677],[10.4312,43.3635],[10.4304,43.3594],[10.4331,43.3448],[10.4412,43.3365],[10.4413,43.3323],[10.4373,43.3281],[10.4381,43.326],[10.45,43.3207],[10.4563,43.3152],[10.4625,43.3073],[10.4708,43.3043],[10.475,43.3014],[10.4977,43.2781],[10.5122,43.251],[10.5154,43.2427],[10.5241,43.2094],[10.5299,43.1719],[10.5314,43.1656],[10.533,43.126],[10.5328,43.1156],[10.53,43.099],[10.5309,43.0927],[10.5305,43.0677],[10.5287,43.0531],[10.526,43.0427],[10.5203,43.026],[10.5181,43.0219],[10.5103,43.0135],[10.5083,43.0073],[10.5077,42.999],[10.5042,42.9963],[10.4964,42.9948]]]}},{"type":"Feature","properties":{"depth":-5},"geometry":{"type":"MultiLineString","coordinates":[[[10.3125,43.5191],[10.311,43.5115],[10.3187,43.4944],[10.3297,43.4766]]]}},{"type":"Feature","properties":{"depth":-5},"geometry":{"type":"MultiLineString","coordinates":[[[7.5699,43.7897],[7.5854,43.7892],[7.5979,43.7861],[7.6118,43.7851]]]}},{"type":"Feature","properties":{"depth":-5},"geometry":{"type":"MultiLineString","coordinates":[[[7.6958,43.7916],[7.7042,43.7962],[7.72,43.7977]]]}},{"type":"Feature","properties":{"depth":-5},"geometry":{"type":"MultiLineString","coordinates":[[[7.7614,43.8062],[7.7729,43.8098],[7.7885,43.8135],[7.7935,43.8156]]]}},{"type":"Feature","properties":{"depth":-5},"geometry":{"type":"MultiLineString","coordinates":[[[8.068,43.8878],[8.075,43.8889],[8.0845,43.8948],[8.093,43.9094],[8.0979,43.9128],[8.1083,43.916],[8.1208,43.9212],[8.1292,43.9238],[8.1376,43.9323],[8.1407,43.9385],[8.1458,43.9435],[8.1521,43.9462],[8.1604,43.9473],[8.1729,43.9518],[8.1742,43.9544]]]}},{"type":"Feature","properties":{"depth":-5},"geometry":{"type":"MultiLineString","coordinates":[[[8.1734,43.9589],[8.1676,43.9677],[8.1637,43.976],[8.1636,43.9823],[8.1653,43.9885],[8.1703,43.9969],[8.1813,44.0084],[8.1921,44.0135]]]}},{"type":"Feature","properties":{"depth":-5},"geometry":{"type":"MultiLineString","coordinates":[[[10.1045,44.0007],[10.1058,43.9948],[10.1104,43.9887],[10.1229,43.9802],[10.1562,43.9536],[10.1833,43.9284],[10.1968,43.9115],[10.2083,43.8947],[10.2121,43.8906],[10.2257,43.8802],[10.2331,43.8698],[10.2322,43.8594],[10.2382,43.8448],[10.2396,43.8309],[10.2516,43.8031],[10.2552,43.7906],[10.2597,43.7698],[10.2647,43.751],[10.2663,43.7406],[10.2659,43.7344],[10.267,43.724],[10.2686,43.6969],[10.2622,43.6844],[10.2606,43.676],[10.2614,43.6719],[10.2711,43.649],[10.2738,43.6365],[10.2742,43.6302],[10.2768,43.6198],[10.2834,43.599],[10.2864,43.5844],[10.2884,43.5781],[10.2924,43.5719],[10.2927,43.5677],[10.2854,43.5573],[10.2858,43.5469],[10.2896,43.5401],[10.2991,43.5356]]]}},{"type":"Feature","properties":{"depth":-5},"geometry":{"type":"MultiLineString","coordinates":[[[8.1956,44.0154],[8.2021,44.0243],[8.2104,44.0295],[8.2191,44.0302],[8.2207,44.024],[8.2267,44.0222]]]}},{"type":"Feature","properties":{"depth":-5},"geometry":{"type":"MultiLineString","coordinates":[[[8.2278,44.0226],[8.2308,44.026],[8.2292,44.0294],[8.2233,44.0323],[8.2288,44.0406],[8.2302,44.0448],[8.2284,44.0615],[8.2318,44.0802],[8.2383,44.0948],[8.2442,44.1031],[8.2604,44.1213],[8.2729,44.1312],[8.2768,44.1385],[8.2812,44.1426],[8.2913,44.149]]]}},{"type":"Feature","properties":{"depth":-5},"geometry":{"type":"MultiLineString","coordinates":[[[9.9244,44.0609],[9.9271,44.0552],[9.9396,44.0486],[9.9545,44.0385],[9.9621,44.0344],[9.975,44.0319],[9.9813,44.0323],[9.9917,44.0388],[10.0,44.0422],[10.0062,44.0419],[10.0271,44.0355],[10.0352,44.0304]]]}},{"type":"Feature","properties":{"depth":-5},"geometry":{"type":"MultiLineString","coordinates":[[[9.8493,44.0677],[9.8517,44.0719],[9.8443,44.0844],[9.8438,44.0889],[9.85,44.0903],[9.8584,44.0844],[9.8584,44.0802],[9.8524,44.074],[9.8526,44.0719],[9.8615,44.0719],[9.875,44.0783],[9.8796,44.0818]]]}},{"type":"Feature","properties":{"depth":-5},"geometry":{"type":"MultiLineString","coordinates":[[[9.6397,44.1345],[9.65,44.1402],[9.6625,44.1393],[9.6771,44.1334],[9.6896,44.126],[9.6958,44.1234],[9.7063,44.1153],[9.7146,44.1132],[9.7188,44.1105],[9.725,44.1032],[9.73,44.1023]]]}},{"type":"Feature","properties":{"depth":-5},"geometry":{"type":"MultiLineString","coordinates":[[[9.5752,44.1783],[9.5792,44.1771],[9.588,44.1719],[9.5979,44.1683],[9.6012,44.1656],[9.6071,44.1552],[9.6146,44.1495],[9.6208,44.1432]]]}},{"type":"Feature","properties":{"depth":-5},"geometry":{"type":"MultiLineString","coordinates":[[[9.5322,44.2052],[9.5437,44.2035],[9.55,44.2013],[9.5615,44.1906],[9.5687,44.1804],[9.5748,44.1784]]]}},{"type":"Feature","properties":{"depth":-5},"geometry":{"type":"MultiLineString","coordinates":[[[9.4629,44.2344],[9.4688,44.2321],[9.475,44.2321],[9.4854,44.2347],[9.4935,44.2302],[9.5,44.2222],[9.5098,44.2156],[9.528,44.2064]]]}},{"type":"Feature","properties":{"depth":-5},"geometry":{"type":"MultiLineString","coordinates":[[[8.4542,44.2599],[8.4542,44.268],[8.4472,44.2795]]]}},{"type":"Feature","properties":{"depth":-5},"geometry":{"type":"MultiLineString","coordinates":[[[9.3078,44.3198],[9.3134,44.3115],[9.3163,44.3094],[9.3292,44.3057],[9.3396,44.301],[9.3591,44.2982]]]}},{"type":"Feature","properties":{"depth":-5},"geometry":{"type":"MultiLineString","coordinates":[[[9.2188,44.3235],[9.2312,44.3353],[9.2417,44.3377],[9.258,44.3347]]]}},{"type":"Feature","properties":{"depth":-5},"geometry":{"type":"MultiLineString","coordinates":[[[10.2167,43.5462],[10.222,43.5469],[10.2229,43.5534],[10.2162,43.5531],[10.2144,43.549],[10.2167,43.5462]]]}},{"type":"Feature","properties":{"depth":-5},"geometry":{"type":"MultiLineString","coordinates":[[[10.2208,43.5614],[10.225,43.5611],[10.2295,43.5635],[10.2316,43.5677],[10.2273,43.5781],[10.2208,43.5822],[10.2104,43.5852],[10.2075,43.5844],[10.2084,43.5802],[10.2131,43.574],[10.2148,43.5677],[10.2208,43.5614]]]}}]}